  0
SECTION
  2
HEADER
  9
$ACADVER
  1
AC1015
  9
$ACADMAINTVER
 70
    20
  9
$DWGCODEPAGE
  3
ANSI_950
  9
$INSBASE
 10
0.0
 20
0.0
 30
0.0
  9
$EXTMIN
 10
113.608
 20
94.06427190895838
 30
0.0
  9
$EXTMAX
 10
410.7382325448803
 20
616.3209999999999
 30
0.0
  9
$LIMMIN
 10
0.0
 20
0.0
  9
$LIMMAX
 10
297.0
 20
210.0
  9
$ORTHOMODE
 70
     0
  9
$REGENMODE
 70
     1
  9
$FILLMODE
 70
     1
  9
$QTEXTMODE
 70
     0
  9
$MIRRTEXT
 70
     1
  9
$LTSCALE
 40
1.0
  9
$ATTMODE
 70
     1
  9
$TEXTSIZE
 40
2.0
  9
$TRACEWID
 40
1.0
  9
$TEXTSTYLE
  7
STANDARD
  9
$CLAYER
  8
0
  9
$CELTYPE
  6
ByLayer
  9
$CECOLOR
 62
   256
  9
$CELTSCALE
 40
1.0
  9
$DISPSILH
 70
     0
  9
$DIMSCALE
 40
1.0
  9
$DIMASZ
 40
2.0
  9
$DIMEXO
 40
0.5
  9
$DIMDLI
 40
3.75
  9
$DIMRND
 40
0.0
  9
$DIMDLE
 40
0.0
  9
$DIMEXE
 40
0.5
  9
$DIMTP
 40
0.0
  9
$DIMTM
 40
0.0
  9
$DIMTXT
 40
2.0
  9
$DIMCEN
 40
2.5
  9
$DIMTSZ
 40
0.0
  9
$DIMTOL
 70
     0
  9
$DIMLIM
 70
     0
  9
$DIMTIH
 70
     1
  9
$DIMTOH
 70
     1
  9
$DIMSE1
 70
     0
  9
$DIMSE2
 70
     0
  9
$DIMTAD
 70
     1
  9
$DIMZIN
 70
     0
  9
$DIMBLK
  1

  9
$DIMASO
 70
     1
  9
$DIMSHO
 70
     1
  9
$DIMPOST
  1

  9
$DIMAPOST
  1

  9
$DIMALT
 70
     0
  9
$DIMALTD
 70
     3
  9
$DIMALTF
 40
0.0393700787401575
  9
$DIMLFAC
 40
1.0
  9
$DIMTOFL
 70
     1
  9
$DIMTVP
 40
0.0
  9
$DIMTIX
 70
     0
  9
$DIMSOXD
 70
     0
  9
$DIMSAH
 70
     0
  9
$DIMBLK1
  1

  9
$DIMBLK2
  1

  9
$DIMSTYLE
  2
ISO-25
  9
$DIMCLRD
 70
     0
  9
$DIMCLRE
 70
     0
  9
$DIMCLRT
 70
     0
  9
$DIMTFAC
 40
1.0
  9
$DIMGAP
 40
1.524
  9
$DIMJUST
 70
     0
  9
$DIMSD1
 70
     0
  9
$DIMSD2
 70
     0
  9
$DIMTOLJ
 70
     0
  9
$DIMTZIN
 70
     0
  9
$DIMALTZ
 70
     0
  9
$DIMALTTZ
 70
     0
  9
$DIMUPT
 70
     0
  9
$DIMDEC
 70
     2
  9
$DIMTDEC
 70
     2
  9
$DIMALTU
 70
     2
  9
$DIMALTTD
 70
     3
  9
$DIMTXSTY
  7
STANDARD
  9
$DIMAUNIT
 70
     0
  9
$DIMADEC
 70
     2
  9
$DIMALTRND
 40
0.0
  9
$DIMAZIN
 70
     0
  9
$DIMDSEP
 70
    44
  9
$DIMATFIT
 70
     3
  9
$DIMFRAC
 70
     0
  9
$DIMLDRBLK
  1

  9
$DIMLUNIT
 70
     2
  9
$DIMLWD
 70
    -2
  9
$DIMLWE
 70
    -2
  9
$DIMTMOVE
 70
     0
  9
$LUNITS
 70
     2
  9
$LUPREC
 70
     5
  9
$SKETCHINC
 40
1.0
  9
$FILLETRAD
 40
10.0
  9
$AUNITS
 70
     0
  9
$AUPREC
 70
     2
  9
$MENU
  1
.
  9
$ELEVATION
 40
0.0
  9
$PELEVATION
 40
0.0
  9
$THICKNESS
 40
0.0
  9
$LIMCHECK
 70
     0
  9
$CHAMFERA
 40
0.0
  9
$CHAMFERB
 40
0.0
  9
$CHAMFERC
 40
0.0
  9
$CHAMFERD
 40
0.0
  9
$SKPOLY
 70
     0
  9
$TDCREATE
 40
2460686.518634259
  9
$TDUCREATE
 40
2460686.185303369
  9
$TDUPDATE
 40
2460731.778090278
  9
$TDUUPDATE
 40
2460731.444756945
  9
$TDINDWG
 40
0.1334375116
  9
$TDUSRTIMER
 40
0.1334375116
  9
$USRTIMER
 70
     1
  9
$ANGBASE
 50
0.0
  9
$ANGDIR
 70
     0
  9
$PDMODE
 70
     0
  9
$PDSIZE
 40
-1.0
  9
$PLINEWID
 40
0.0
  9
$SPLFRAME
 70
     0
  9
$SPLINETYPE
 70
     6
  9
$SPLINESEGS
 70
     8
  9
$HANDSEED
  5
2BF9
  9
$SURFTAB1
 70
     6
  9
$SURFTAB2
 70
     6
  9
$SURFTYPE
 70
     6
  9
$SURFU
 70
     6
  9
$SURFV
 70
     6
  9
$UCSBASE
  2

  9
$UCSNAME
  2

  9
$UCSORG
 10
0.0
 20
0.0
 30
0.0
  9
$UCSXDIR
 10
1.0
 20
0.0
 30
0.0
  9
$UCSYDIR
 10
0.0
 20
1.0
 30
0.0
  9
$UCSORTHOREF
  2

  9
$UCSORTHOVIEW
 70
     0
  9
$UCSORGTOP
 10
0.0
 20
0.0
 30
0.0
  9
$UCSORGBOTTOM
 10
0.0
 20
0.0
 30
0.0
  9
$UCSORGLEFT
 10
0.0
 20
0.0
 30
0.0
  9
$UCSORGRIGHT
 10
0.0
 20
0.0
 30
0.0
  9
$UCSORGFRONT
 10
0.0
 20
0.0
 30
0.0
  9
$UCSORGBACK
 10
0.0
 20
0.0
 30
0.0
  9
$PUCSBASE
  2

  9
$PUCSNAME
  2

  9
$PUCSORG
 10
0.0
 20
0.0
 30
0.0
  9
$PUCSXDIR
 10
1.0
 20
0.0
 30
0.0
  9
$PUCSYDIR
 10
0.0
 20
1.0
 30
0.0
  9
$PUCSORTHOREF
  2

  9
$PUCSORTHOVIEW
 70
     0
  9
$PUCSORGTOP
 10
0.0
 20
0.0
 30
0.0
  9
$PUCSORGBOTTOM
 10
0.0
 20
0.0
 30
0.0
  9
$PUCSORGLEFT
 10
0.0
 20
0.0
 30
0.0
  9
$PUCSORGRIGHT
 10
0.0
 20
0.0
 30
0.0
  9
$PUCSORGFRONT
 10
0.0
 20
0.0
 30
0.0
  9
$PUCSORGBACK
 10
0.0
 20
0.0
 30
0.0
  9
$USERI1
 70
     0
  9
$USERI2
 70
     0
  9
$USERI3
 70
     0
  9
$USERI4
 70
     0
  9
$USERI5
 70
     0
  9
$USERR1
 40
0.0
  9
$USERR2
 40
0.0
  9
$USERR3
 40
0.0
  9
$USERR4
 40
0.0
  9
$USERR5
 40
0.0
  9
$WORLDVIEW
 70
     1
  9
$SHADEDGE
 70
     3
  9
$SHADEDIF
 70
    70
  9
$TILEMODE
 70
     1
  9
$MAXACTVP
 70
    64
  9
$PINSBASE
 10
0.0
 20
0.0
 30
0.0
  9
$PLIMCHECK
 70
     0
  9
$PEXTMIN
 10
1.000000000000000E+20
 20
1.000000000000000E+20
 30
1.000000000000000E+20
  9
$PEXTMAX
 10
-1.000000000000000E+20
 20
-1.000000000000000E+20
 30
-1.000000000000000E+20
  9
$PLIMMIN
 10
0.0
 20
0.0
  9
$PLIMMAX
 10
420.0
 20
297.0
  9
$UNITMODE
 70
     0
  9
$VISRETAIN
 70
     1
  9
$PLINEGEN
 70
     0
  9
$PSLTSCALE
 70
     1
  9
$TREEDEPTH
 70
  3020
  9
$CMLSTYLE
  2
Standard
  9
$CMLJUST
 70
     0
  9
$CMLSCALE
 40
20.0
  9
$PROXYGRAPHICS
 70
     1
  9
$MEASUREMENT
 70
     1
  9
$CELWEIGHT
370
    -1
  9
$ENDCAPS
280
     0
  9
$JOINSTYLE
280
     0
  9
$LWDISPLAY
290
     1
  9
$INSUNITS
 70
     4
  9
$HYPERLINKBASE
  1

  9
$STYLESHEET
  1

  9
$XEDIT
290
     1
  9
$CEPSNTYPE
380
     0
  9
$PSTYLEMODE
290
     1
  9
$FINGERPRINTGUID
  2
{7607F39E-79B5-40DD-8109-44A089102F19}
  9
$VERSIONGUID
  2
{6A805A5A-D817-2F44-B40E-A94107FF63EA}
  9
$EXTNAMES
290
     1
  9
$PSVPSCALE
 40
0.0
  9
$OLESTARTUP
290
     0
  0
ENDSEC
  0
SECTION
  2
CLASSES
  0
CLASS
  1
ACDBDICTIONARYWDFLT
  2
AcDbDictionaryWithDefault
  3
ObjectDBX Classes
 90
        0
280
     0
281
     0
  0
CLASS
  1
VISUALSTYLE
  2
AcDbVisualStyle
  3
ObjectDBX Classes
 90
     4095
280
     0
281
     0
  0
CLASS
  1
MATERIAL
  2
AcDbMaterial
  3
ObjectDBX Classes
 90
     1153
280
     0
281
     0
  0
CLASS
  1
SCALE
  2
AcDbScale
  3
ObjectDBX Classes
 90
     1153
280
     0
281
     0
  0
CLASS
  1
TABLESTYLE
  2
AcDbTableStyle
  3
ObjectDBX Classes
 90
     4095
280
     0
281
     0
  0
CLASS
  1
MLEADERSTYLE
  2
AcDbMLeaderStyle
  3
ACDB_MLEADERSTYLE_CLASS
 90
     4095
280
     0
281
     0
  0
CLASS
  1
SUN
  2
AcDbSun
  3
SCENEOE
 90
    33921
280
     0
281
     0
  0
CLASS
  1
ACDBPLACEHOLDER
  2
AcDbPlaceHolder
  3
ObjectDBX Classes
 90
        0
280
     0
281
     0
  0
CLASS
  1
LAYOUT
  2
AcDbLayout
  3
ObjectDBX Classes
 90
        0
280
     0
281
     0
  0
CLASS
  1
ACDBSECTIONVIEWSTYLE
  2
AcDbSectionViewStyle
  3
ObjectDBX Classes
 90
     1025
280
     0
281
     0
  0
CLASS
  1
ACDBDETAILVIEWSTYLE
  2
AcDbDetailViewStyle
  3
ObjectDBX Classes
 90
     1025
280
     0
281
     0
  0
CLASS
  1
DICTIONARYVAR
  2
AcDbDictionaryVar
  3
ObjectDBX Classes
 90
        0
280
     0
281
     0
  0
CLASS
  1
ACARRAYJIGENTITY
  2
AcArrayJigEntity
  3
ACAD_ARRAY
 90
    32897
280
     0
281
     1
  0
CLASS
  1
ACDBASSOCNETWORK
  2
AcDbAssocNetwork
  3
ObjectDBX Classes
 90
    33793
280
     0
281
     0
  0
CLASS
  1
ACDBASSOCACTION
  2
AcDbAssocAction
  3
ObjectDBX Classes
 90
    33793
280
     0
281
     0
  0
CLASS
  1
ACDBASSOCARRAYACTIONBODY
  2
AcDbAssocArrayActionBody
  3
ObjectDBX Classes
 90
    33793
280
     0
281
     0
  0
CLASS
  1
ACDBASSOCVERTEXACTIONPARAM
  2
AcDbAssocVertexActionParam
  3
ObjectDBX Classes
 90
    33793
280
     0
281
     0
  0
CLASS
  1
ACDBASSOCDEPENDENCY
  2
AcDbAssocDependency
  3
ObjectDBX Classes
 90
    33793
280
     0
281
     0
  0
CLASS
  1
ACDBASSOCARRAYRECTANGULARPARAMETERS
  2
AcDbAssocArrayRectangularParameters
  3
ObjectDBX Classes
 90
    33793
280
     0
281
     0
  0
CLASS
  1
CELLSTYLEMAP
  2
AcDbCellStyleMap
  3
ObjectDBX Classes
 90
     1152
280
     0
281
     0
  0
CLASS
  1
SORTENTSTABLE
  2
AcDbSortentsTable
  3
ObjectDBX Classes
 90
        0
280
     0
281
     0
  0
ENDSEC
  0
SECTION
  2
TABLES
  0
TABLE
  2
VPORT
  5
8
102
{ACAD_XDICTIONARY
360
1AF6
102
}
330
0
100
AcDbSymbolTable
 70
     1
  0
VPORT
  5
29
330
8
100
AcDbSymbolTableRecord
100
AcDbViewportTableRecord
  2
*Active
 70
     0
 10
0.0
 20
0.0
 11
1.0
 21
1.0
 12
533.4144774347633
 22
-0.3198136749874152
 13
0.0
 23
0.0
 14
10.0
 24
10.0
 15
10.0
 25
10.0
 16
0.0
 26
0.0
 36
1.0
 17
0.0
 27
0.0
 37
0.0
 40
574.8685997156745
 41
2.551861702127659
 42
50.0
 43
0.0
 44
0.0
 50
0.0
 51
0.0
 71
     0
 72
  2000
 73
     1
 74
     3
 75
     0
 76
     0
 77
     0
 78
     0
281
     0
 65
     1
110
0.0
120
0.0
130
0.0
111
1.0
121
0.0
131
0.0
112
0.0
122
1.0
132
0.0
 79
     0
146
0.0
1001
ACAD_NAV_VCDISPLAY
1070
     3
  0
ENDTAB
  0
TABLE
  2
LTYPE
  5
5
330
0
100
AcDbSymbolTable
 70
     7
  0
LTYPE
  5
14
330
5
100
AcDbSymbolTableRecord
100
AcDbLinetypeTableRecord
  2
ByBlock
 70
     0
  3

 72
    65
 73
     0
 40
0.0
  0
LTYPE
  5
15
330
5
100
AcDbSymbolTableRecord
100
AcDbLinetypeTableRecord
  2
ByLayer
 70
     0
  3

 72
    65
 73
     0
 40
0.0
  0
LTYPE
  5
16
330
5
100
AcDbSymbolTableRecord
100
AcDbLinetypeTableRecord
  2
Continuous
 70
     0
  3
Solid line
 72
    65
 73
     0
 40
0.0
  0
LTYPE
  5
6E
330
5
100
AcDbSymbolTableRecord
100
AcDbLinetypeTableRecord
  2
HIDDEN
 70
     0
  3
Hidden __ __ __ __ __ __ __ __ __ __ __ __ __ __
 72
    65
 73
     2
 40
1.905
 49
1.27
 74
     0
 49
-0.635
 74
     0
  0
LTYPE
  5
6F
330
5
100
AcDbSymbolTableRecord
100
AcDbLinetypeTableRecord
  2
PHANTOM
 70
     0
  3
Phantom ______  __  __  ______  __  __  ______
 72
    65
 73
     6
 40
12.7
 49
6.349999999999997
 74
     0
 49
-1.27
 74
     0
 49
1.27
 74
     0
 49
-1.27
 74
     0
 49
1.27
 74
     0
 49
-1.27
 74
     0
  0
LTYPE
  5
70
330
5
100
AcDbSymbolTableRecord
100
AcDbLinetypeTableRecord
  2
CENTER
 70
     0
  3
Center ____ _ ____ _ ____ _ ____ _ ____ _ ____
 72
    65
 73
     4
 40
10.16
 49
6.349999999999997
 74
     0
 49
-1.27
 74
     0
 49
1.27
 74
     0
 49
-1.27
 74
     0
  0
LTYPE
  5
71
330
5
100
AcDbSymbolTableRecord
100
AcDbLinetypeTableRecord
  2
CENTERX2
 70
     0
  3
Center (2x) ________  __  ________  __  _____
 72
    65
 73
     4
 40
20.32
 49
12.7
 74
     0
 49
-2.54
 74
     0
 49
2.54
 74
     0
 49
-2.54
 74
     0
  0
LTYPE
  5
72
330
5
100
AcDbSymbolTableRecord
100
AcDbLinetypeTableRecord
  2
DOT2
 70
     0
  3
Dot (.5x) ........................................
 72
    65
 73
     2
 40
0.635
 49
0.0
 74
     0
 49
-0.635
 74
     0
  0
ENDTAB
  0
TABLE
  2
LAYER
  5
2
330
0
100
AcDbSymbolTable
 70
     9
  0
LAYER
  5
10
102
{ACAD_XDICTIONARY
360
E58
102
}
330
2
100
AcDbSymbolTableRecord
100
AcDbLayerTableRecord
  2
0
 70
     0
 62
     7
  6
Continuous
370
    -3
390
F
  0
LAYER
  5
73
102
{ACAD_XDICTIONARY
360
E5A
102
}
330
2
100
AcDbSymbolTableRecord
100
AcDbLayerTableRecord
  2
虛線
 70
     0
 62
     6
  6
HIDDEN
370
    -3
390
F
  0
LAYER
  5
74
102
{ACAD_XDICTIONARY
360
E5C
102
}
330
2
100
AcDbSymbolTableRecord
100
AcDbLayerTableRecord
  2
螺紋線
 70
     0
 62
     8
  6
Continuous
370
    -3
390
F
  0
LAYER
  5
75
102
{ACAD_XDICTIONARY
360
E5E
102
}
330
2
100
AcDbSymbolTableRecord
100
AcDbLayerTableRecord
  2
尺寸線
 70
     0
 62
     3
  6
Continuous
370
    -3
390
F
  0
LAYER
  5
76
102
{ACAD_XDICTIONARY
360
E60
102
}
330
2
100
AcDbSymbolTableRecord
100
AcDbLayerTableRecord
  2
中心線
 70
     0
 62
     1
  6
CENTERX2
370
    -3
390
F
  0
LAYER
  5
77
102
{ACAD_XDICTIONARY
360
E62
102
}
330
2
100
AcDbSymbolTableRecord
100
AcDbLayerTableRecord
  2
註解
 70
     0
 62
     7
  6
Continuous
370
    -3
390
F
  0
LAYER
  5
78
102
{ACAD_XDICTIONARY
360
E64
102
}
330
2
100
AcDbSymbolTableRecord
100
AcDbLayerTableRecord
  2
頗面線
 70
     0
 62
     1
  6
PHANTOM
370
    35
390
F
  0
LAYER
  5
192D
330
2
100
AcDbSymbolTableRecord
100
AcDbLayerTableRecord
  2
SLD-0
 70
     0
 62
     7
  6
Continuous
370
    25
390
F
  0
LAYER
  5
19D9
330
2
100
AcDbSymbolTableRecord
100
AcDbLayerTableRecord
  2
Defpoints
 70
     0
 62
     7
  6
Continuous
290
     0
370
    -3
390
F
  0
ENDTAB
  0
TABLE
  2
STYLE
  5
3
330
0
100
AcDbSymbolTable
 70
     5
  0
STYLE
  5
11
330
3
100
AcDbSymbolTableRecord
100
AcDbTextStyleTableRecord
  2
STANDARD
 70
     0
 40
0.0
 41
1.0
 50
0.0
 71
     0
 42
2.0
  3
GOTHIC.TTF
  4

1001
ACAD
1000
CENTURY GOTHIC
1071
       34
  0
STYLE
  5
EA
330
3
100
AcDbSymbolTableRecord
100
AcDbTextStyleTableRecord
  2
SLDTEXTSTYLE0
 70
     0
 40
0.0
 41
0.9129999999999999
 50
0.0
 71
     0
 42
2.0
  3
GOTHIC.TTF
  4
bigfont
1001
ACAD
1000
Century Gothic
1071
      290
  0
STYLE
  5
EF
330
3
100
AcDbSymbolTableRecord
100
AcDbTextStyleTableRecord
  2
SLDTEXTSTYLE1
 70
     0
 40
0.0
 41
1.0
 50
0.0
 71
     0
 42
2.0
  3

  4

1001
ACAD
1000
新細明體
1071
 33554706
  0
STYLE
  5
FF
330
3
100
AcDbSymbolTableRecord
100
AcDbTextStyleTableRecord
  2
SLDTEXTSTYLE2
 70
     0
 40
0.0
 41
1.0
 50
0.0
 71
     0
 42
2.0
  3

  4

1001
ACAD
1000
標楷體
1071
 33554753
  0
STYLE
  5
118
330
3
100
AcDbSymbolTableRecord
100
AcDbTextStyleTableRecord
  2
SLDTEXTSTYLE3
 70
     0
 40
0.0
 41
1.0
 50
0.0
 71
     0
 42
2.0
  3
txt.shx
  4
bigfont
1001
ACAD
1000
標楷體
1071
 33554753
  0
ENDTAB
  0
TABLE
  2
VIEW
  5
6
330
0
100
AcDbSymbolTable
 70
     0
  0
ENDTAB
  0
TABLE
  2
UCS
  5
7
330
0
100
AcDbSymbolTable
 70
     0
  0
ENDTAB
  0
TABLE
  2
APPID
  5
9
330
0
100
AcDbSymbolTable
 70
     4
  0
APPID
  5
12
330
9
100
AcDbSymbolTableRecord
100
AcDbRegAppTableRecord
  2
ACAD
 70
     0
  0
APPID
  5
E6F
330
9
100
AcDbSymbolTableRecord
100
AcDbRegAppTableRecord
  2
ACAD_NAV_VCDISPLAY
 70
     0
  0
APPID
  5
EB4
330
9
100
AcDbSymbolTableRecord
100
AcDbRegAppTableRecord
  2
ACAD_MLEADERVER
 70
     0
  0
APPID
  5
18CF
330
9
100
AcDbSymbolTableRecord
100
AcDbRegAppTableRecord
  2
ACAD_EXEMPT_FROM_CAD_STANDARDS
 70
     0
  0
ENDTAB
  0
TABLE
  2
DIMSTYLE
  5
A
330
0
100
AcDbSymbolTable
 70
     2
100
AcDbDimStyleTable
 71
     1
340
27
  0
DIMSTYLE
105
27
330
A
100
AcDbSymbolTableRecord
100
AcDbDimStyleTableRecord
  2
ISO-25
 70
     0
 41
2.5
 42
0.625
 43
3.75
 44
1.25
 73
     0
 74
     0
 77
     1
 78
     8
140
2.5
141
2.5
143
0.03937007874016
147
0.625
171
     3
172
     1
271
     2
272
     2
274
     3
278
    44
283
     0
284
     8
340
11
  0
ENDTAB
  0
TABLE
  2
BLOCK_RECORD
  5
1
330
0
100
AcDbSymbolTable
 70
    10
  0
BLOCK_RECORD
  5
1F
102
{ACAD_XDICTIONARY
360
E47
102
}
330
1
100
AcDbSymbolTableRecord
100
AcDbBlockTableRecord
  2
*Model_Space
340
22
  0
BLOCK_RECORD
  5
1B
330
1
100
AcDbSymbolTableRecord
100
AcDbBlockTableRecord
  2
*Paper_Space
340
1E
  0
BLOCK_RECORD
  5
23
330
1
100
AcDbSymbolTableRecord
100
AcDbBlockTableRecord
  2
*Paper_Space0
340
26
  0
BLOCK_RECORD
  5
E7
330
1
100
AcDbSymbolTableRecord
100
AcDbBlockTableRecord
  2
SW_NOTE_0
340
0
  0
BLOCK_RECORD
  5
105
330
1
100
AcDbSymbolTableRecord
100
AcDbBlockTableRecord
  2
SW_NOTE_0_1
340
0
  0
BLOCK_RECORD
  5
122
330
1
100
AcDbSymbolTableRecord
100
AcDbBlockTableRecord
  2
SW_NOTE_0_2
340
0
  0
BLOCK_RECORD
  5
93C
330
1
100
AcDbSymbolTableRecord
100
AcDbBlockTableRecord
  2
*U4
340
0
  0
BLOCK_RECORD
  5
1AD4
330
1
100
AcDbSymbolTableRecord
100
AcDbBlockTableRecord
  2
*D5
340
0
  0
BLOCK_RECORD
  5
1AE3
330
1
100
AcDbSymbolTableRecord
100
AcDbBlockTableRecord
  2
*D6
340
0
  0
BLOCK_RECORD
  5
1B9A
330
1
100
AcDbSymbolTableRecord
100
AcDbBlockTableRecord
  2
*U7
340
0
102
{BLKREFS
331
20B4
331
20B5
102
}
  0
BLOCK_RECORD
  5
1B9D
102
{ACAD_XDICTIONARY
360
2B0A
102
}
330
1
100
AcDbSymbolTableRecord
100
AcDbBlockTableRecord
  2
*U8
340
0
  0
ENDTAB
  0
ENDSEC
  0
SECTION
  2
BLOCKS
  0
BLOCK
  5
20
330
1F
100
AcDbEntity
  8
0
100
AcDbBlockBegin
  2
*Model_Space
 70
     0
 10
0.0
 20
0.0
 30
0.0
  3
*Model_Space
  1

  0
ENDBLK
  5
21
330
1F
100
AcDbEntity
  8
0
100
AcDbBlockEnd
  0
BLOCK
  5
1C
330
1B
100
AcDbEntity
 67
     1
  8
0
100
AcDbBlockBegin
  2
*Paper_Space
 70
     0
 10
0.0
 20
0.0
 30
0.0
  3
*Paper_Space
  1

  0
ENDBLK
  5
1D
330
1B
100
AcDbEntity
 67
     1
  8
0
100
AcDbBlockEnd
  0
BLOCK
  5
24
330
23
100
AcDbEntity
 67
     1
  8
0
100
AcDbBlockBegin
  2
*Paper_Space0
 70
     0
 10
0.0
 20
0.0
 30
0.0
  3
*Paper_Space0
  1

  0
ENDBLK
  5
25
330
23
100
AcDbEntity
 67
     1
  8
0
100
AcDbBlockEnd
  0
BLOCK
  5
E8
330
E7
100
AcDbEntity
  8
0
100
AcDbBlockBegin
  2
SW_NOTE_0
 70
     0
 10
0.0
 20
0.0
 30
0.0
  3
SW_NOTE_0
  1

  0
MTEXT
  5
EB
102
{ACAD_XDICTIONARY
360
E7A
102
}
330
E7
100
AcDbEntity
  8
註解
 62
     0
100
AcDbMText
 10
0.0
 20
2.554687499999999
 30
0.0
 40
2.0
 41
0.0
 71
     1
 72
     1
  1
\U+8A3B:
  7
SLDTEXTSTYLE0
 73
     1
 44
1.0
1001
ACAD
1000
MTEXTBEGIN
1070
    73
1070
     1
1070
    44
1040
1.0
1070
    74
1070
     0
1000
MTEXTEND
  0
MTEXT
  5
EC
102
{ACAD_XDICTIONARY
360
E7C
102
}
330
E7
100
AcDbEntity
  8
註解
 62
     0
100
AcDbMText
 10
0.0
 20
-0.4453125260770325
 30
0.0
 40
2.0
 41
0.0
 71
     1
 72
     1
  1
1.\U+56DB\U+5468\U+5C0E\U+89D2C0.5
  7
SLDTEXTSTYLE0
 73
     1
 44
1.0
1001
ACAD
1000
MTEXTBEGIN
1070
    73
1070
     1
1070
    44
1040
1.0
1070
    74
1070
     0
1000
MTEXTEND
  0
MTEXT
  5
ED
102
{ACAD_XDICTIONARY
360
E7E
102
}
330
E7
100
AcDbEntity
  8
註解
 62
     0
100
AcDbMText
 10
0.0
 20
-3.445312552154064
 30
0.0
 40
2.0
 41
0.0
 71
     1
 72
     1
  1
2.\U+4E0D\U+53EF\U+6709\U+6BDB\U+908A\U+53CA\U+92B3\U+89D2
  7
SLDTEXTSTYLE0
 73
     1
 44
1.0
1001
ACAD
1000
MTEXTBEGIN
1070
    73
1070
     1
1070
    44
1040
1.0
1070
    74
1070
     0
1000
MTEXTEND
  0
ENDBLK
  5
E9
330
E7
100
AcDbEntity
  8
0
100
AcDbBlockEnd
  0
BLOCK
  5
106
330
105
100
AcDbEntity
  8
0
100
AcDbBlockBegin
  2
SW_NOTE_0_1
 70
     0
 10
0.0
 20
0.0
 30
0.0
  3
SW_NOTE_0_1
  1

  0
MTEXT
  5
108
330
105
100
AcDbEntity
  8
註解
 62
     0
100
AcDbMText
 10
0.0
 20
0.9912195121951212
 30
0.0
 40
0.79375
 41
0.0
 71
     1
 72
     1
  1
THE INFORMATION AND DESIGN DISCLOSED HEREIN 
  7
SLDTEXTSTYLE2
 73
     1
 44
1.0
1001
ACAD
1000
MTEXTBEGIN
1070
    73
1070
     1
1070
    44
1040
1.0
1070
    74
1070
     0
1000
MTEXTEND
  0
MTEXT
  5
109
330
105
100
AcDbEntity
  8
註解
 62
     0
100
AcDbMText
 10
0.0
 20
-0.0671138083480488
 30
0.0
 40
0.79375
 41
0.0
 71
     1
 72
     1
  1
WAS ORIGINATED BY AND IS THE PROPERTY OF 
  7
SLDTEXTSTYLE2
 73
     1
 44
1.0
1001
ACAD
1000
MTEXTBEGIN
1070
    73
1070
     1
1070
    44
1040
1.0
1070
    74
1070
     0
1000
MTEXTEND
  0
MTEXT
  5
10A
330
105
100
AcDbEntity
  8
註解
 62
     0
100
AcDbMText
 10
0.0
 20
-1.125447128891218
 30
0.0
 40
0.79375
 41
0.0
 71
     1
 72
     1
  1
C.C.P. CONTACT PROBES CO.,LTD.  . 
  7
SLDTEXTSTYLE2
 73
     1
 44
1.0
1001
ACAD
1000
MTEXTBEGIN
1070
    73
1070
     1
1070
    44
1040
1.0
1070
    74
1070
     0
1000
MTEXTEND
  0
MTEXT
  5
10B
330
105
100
AcDbEntity
  8
註解
 62
     0
100
AcDbMText
 10
0.0
 20
-2.183780449434388
 30
0.0
 40
0.79375
 41
0.0
 71
     1
 72
     1
  1
C.C.P. CONTACT PROBES CO.,LTD. RESERVES ALL 
  7
SLDTEXTSTYLE2
 73
     1
 44
1.0
1001
ACAD
1000
MTEXTBEGIN
1070
    73
1070
     1
1070
    44
1040
1.0
1070
    74
1070
     0
1000
MTEXTEND
  0
MTEXT
  5
10C
330
105
100
AcDbEntity
  8
註解
 62
     0
100
AcDbMText
 10
0.0
 20
-3.242113769977558
 30
0.0
 40
0.79375
 41
0.0
 71
     1
 72
     1
  1
PATENT, PROPRIETARY,DESIGN, MANUFACTURING, 
  7
SLDTEXTSTYLE2
 73
     1
 44
1.0
1001
ACAD
1000
MTEXTBEGIN
1070
    73
1070
     1
1070
    44
1040
1.0
1070
    74
1070
     0
1000
MTEXTEND
  0
MTEXT
  5
10D
330
105
100
AcDbEntity
  8
註解
 62
     0
100
AcDbMText
 10
0.0
 20
-4.300447090520727
 30
0.0
 40
0.79375
 41
0.0
 71
     1
 72
     1
  1
REPRODUCTION, USE AND SALES RIGHTS THERETO, 
  7
SLDTEXTSTYLE2
 73
     1
 44
1.0
1001
ACAD
1000
MTEXTBEGIN
1070
    73
1070
     1
1070
    44
1040
1.0
1070
    74
1070
     0
1000
MTEXTEND
  0
MTEXT
  5
10E
330
105
100
AcDbEntity
  8
註解
 62
     0
100
AcDbMText
 10
0.0
 20
-5.358780411063896
 30
0.0
 40
0.79375
 41
0.0
 71
     1
 72
     1
  1
AND TO ANY ARTICLE DISCLOSED HEREIN EXCEPT 
  7
SLDTEXTSTYLE2
 73
     1
 44
1.0
1001
ACAD
1000
MTEXTBEGIN
1070
    73
1070
     1
1070
    44
1040
1.0
1070
    74
1070
     0
1000
MTEXTEND
  0
MTEXT
  5
10F
330
105
100
AcDbEntity
  8
註解
 62
     0
100
AcDbMText
 10
0.0
 20
-6.417113731607067
 30
0.0
 40
0.79375
 41
0.0
 71
     1
 72
     1
  1
TO THE EXTENT RIGHTS ARE EXPRESSLY GRANTED 
  7
SLDTEXTSTYLE2
 73
     1
 44
1.0
1001
ACAD
1000
MTEXTBEGIN
1070
    73
1070
     1
1070
    44
1040
1.0
1070
    74
1070
     0
1000
MTEXTEND
  0
MTEXT
  5
110
330
105
100
AcDbEntity
  8
註解
 62
     0
100
AcDbMText
 10
0.0
 20
-7.475447052150237
 30
0.0
 40
0.79375
 41
0.0
 71
     1
 72
     1
  1
TO OTHERS. THE FOREGOING DOES NOT APPLY TO 
  7
SLDTEXTSTYLE2
 73
     1
 44
1.0
1001
ACAD
1000
MTEXTBEGIN
1070
    73
1070
     1
1070
    44
1040
1.0
1070
    74
1070
     0
1000
MTEXTEND
  0
MTEXT
  5
111
330
105
100
AcDbEntity
  8
註解
 62
     0
100
AcDbMText
 10
0.0
 20
-8.533780372693406
 30
0.0
 40
0.79375
 41
0.0
 71
     1
 72
     1
  1
VENDOR PROPRIETARY RIGHTS.
  7
SLDTEXTSTYLE2
 73
     1
 44
1.0
1001
ACAD
1000
MTEXTBEGIN
1070
    73
1070
     1
1070
    44
1040
1.0
1070
    74
1070
     0
1000
MTEXTEND
  0
ENDBLK
  5
107
330
105
100
AcDbEntity
  8
0
100
AcDbBlockEnd
  0
BLOCK
  5
123
330
122
100
AcDbEntity
  8
0
100
AcDbBlockBegin
  2
SW_NOTE_0_2
 70
     0
 10
0.0
 20
0.0
 30
0.0
  3
SW_NOTE_0_2
  1

  0
MTEXT
  5
125
330
122
100
AcDbEntity
  8
註解
 62
     0
100
AcDbMText
 10
0.0
 20
1.321626016260162
 30
0.0
 40
1.058333333333332
 41
0.0
 71
     1
 72
     1
  1
DIMENSIONS  ARE IN MILLIMETERS
  7
SLDTEXTSTYLE2
 73
     1
 44
1.0
1001
ACAD
1000
MTEXTBEGIN
1070
    73
1070
     1
1070
    44
1040
1.0
1070
    74
1070
     0
1000
MTEXTEND
  0
MTEXT
  5
126
330
122
100
AcDbEntity
  8
註解
 62
     0
100
AcDbMText
 10
0.0
 20
-0.0894850777973973
 30
0.0
 40
1.058333333333332
 41
0.0
 71
     1
 72
     1
  1
TOLERANCES ARE:
  7
SLDTEXTSTYLE2
 73
     1
 44
1.0
1001
ACAD
1000
MTEXTBEGIN
1070
    73
1070
     1
1070
    44
1040
1.0
1070
    74
1070
     0
1000
MTEXTEND
  0
MTEXT
  5
127
330
122
100
AcDbEntity
  8
註解
 62
     0
100
AcDbMText
 10
0.0
 20
-1.500596171854956
 30
0.0
 40
1.058333333333332
 41
0.0
 71
     1
 72
     1
  1
      DECIMALS   ANGLES
  7
SLDTEXTSTYLE2
 73
     1
 44
1.0
1001
ACAD
1000
MTEXTBEGIN
1070
    73
1070
     1
1070
    44
1040
1.0
1070
    74
1070
     0
1000
MTEXTEND
  0
MTEXT
  5
128
330
122
100
AcDbEntity
  8
註解
 62
     0
100
AcDbMText
 10
0.0
 20
-2.911707265912517
 30
0.0
 40
1.058333333333332
 41
0.0
 71
     1
 72
     1
  1
X     ± .2       ± 1°
  7
SLDTEXTSTYLE2
 73
     1
 44
1.0
1001
ACAD
1000
MTEXTBEGIN
1070
    73
1070
     1
1070
    44
1040
1.0
1070
    74
1070
     0
1000
MTEXTEND
  0
MTEXT
  5
129
330
122
100
AcDbEntity
  8
註解
 62
     0
100
AcDbMText
 10
0.0
 20
-4.322818359970075
 30
0.0
 40
1.058333333333332
 41
0.0
 71
     1
 72
     1
  1
X.X   ± .1       ± .5°
  7
SLDTEXTSTYLE2
 73
     1
 44
1.0
1001
ACAD
1000
MTEXTBEGIN
1070
    73
1070
     1
1070
    44
1040
1.0
1070
    74
1070
     0
1000
MTEXTEND
  0
MTEXT
  5
12A
330
122
100
AcDbEntity
  8
註解
 62
     0
100
AcDbMText
 10
0.0
 20
-5.733929454027637
 30
0.0
 40
1.058333333333332
 41
0.0
 71
     1
 72
     1
  1
X.XX  ± .05      ± .1°
  7
SLDTEXTSTYLE2
 73
     1
 44
1.0
1001
ACAD
1000
MTEXTBEGIN
1070
    73
1070
     1
1070
    44
1040
1.0
1070
    74
1070
     0
1000
MTEXTEND
  0
MTEXT
  5
12B
330
122
100
AcDbEntity
  8
註解
 62
     0
100
AcDbMText
 10
0.0
 20
-7.145040548085197
 30
0.0
 40
1.058333333333332
 41
0.0
 71
     1
 72
     1
  1
X.XXX ± .01      ± .05°
  7
SLDTEXTSTYLE2
 73
     1
 44
1.0
1001
ACAD
1000
MTEXTBEGIN
1070
    73
1070
     1
1070
    44
1040
1.0
1070
    74
1070
     0
1000
MTEXTEND
  0
ENDBLK
  5
124
330
122
100
AcDbEntity
  8
0
100
AcDbBlockEnd
  0
BLOCK
  5
93D
330
93C
100
AcDbEntity
  8
0
100
AcDbBlockBegin
  2
*U4
 70
     1
 10
0.0
 20
0.0
 30
0.0
  3
*U4
  1

  0
CIRCLE
  5
943
330
93C
100
AcDbEntity
  8
0
100
AcDbCircle
 10
-6.999999999999943
 20
-6.650000000000089
 30
0.0
 40
0.1100000000000136
  0
CIRCLE
  5
944
330
93C
100
AcDbEntity
  8
0
100
AcDbCircle
 10
0.699999999999875
 20
-6.300000000000138
 30
0.0
 40
0.1100000000000136
  0
CIRCLE
  5
945
330
93C
100
AcDbEntity
  8
0
100
AcDbCircle
 10
0.699999999999875
 20
-5.950000000000115
 30
0.0
 40
0.1100000000000136
  0
CIRCLE
  5
946
330
93C
100
AcDbEntity
  8
0
100
AcDbCircle
 10
0.699999999999875
 20
-5.600000000000021
 30
0.0
 40
0.1100000000000136
  0
CIRCLE
  5
947
330
93C
100
AcDbEntity
  8
0
100
AcDbCircle
 10
0.699999999999875
 20
-5.250000000000142
 30
0.0
 40
0.1100000000000136
  0
CIRCLE
  5
948
330
93C
100
AcDbEntity
  8
0
100
AcDbCircle
 10
0.699999999999875
 20
-4.900000000000034
 30
0.0
 40
0.1100000000000136
  0
CIRCLE
  5
949
330
93C
100
AcDbEntity
  8
0
100
AcDbCircle
 10
0.6999999999998181
 20
-4.550000000000139
 30
0.0
 40
0.1100000000000136
  0
CIRCLE
  5
94A
330
93C
100
AcDbEntity
  8
0
100
AcDbCircle
 10
0.6999999999998181
 20
-4.20000000000023
 30
0.0
 40
0.1100000000000136
  0
CIRCLE
  5
94B
330
93C
100
AcDbEntity
  8
0
100
AcDbCircle
 10
0.6999999999998181
 20
-2.45000000000023
 30
0.0
 40
0.1100000000000136
  0
CIRCLE
  5
94C
330
93C
100
AcDbEntity
  8
0
100
AcDbCircle
 10
0.6999999999998181
 20
-2.100000000000008
 30
0.0
 40
0.1100000000000136
  0
CIRCLE
  5
94D
330
93C
100
AcDbEntity
  8
0
100
AcDbCircle
 10
0.6999999999998181
 20
-1.750000000000141
 30
0.0
 40
0.1100000000000136
  0
CIRCLE
  5
94E
330
93C
100
AcDbEntity
  8
0
100
AcDbCircle
 10
0.6999999999998181
 20
-1.400000000000034
 30
0.0
 40
0.1100000000000136
  0
CIRCLE
  5
94F
330
93C
100
AcDbEntity
  8
0
100
AcDbCircle
 10
0.6999999999998181
 20
-0.7000000000001167
 30
0.0
 40
0.1100000000000136
  0
CIRCLE
  5
950
330
93C
100
AcDbEntity
  8
0
100
AcDbCircle
 10
0.6999999999998181
 20
-0.0000000000001421
 30
0.0
 40
0.1100000000000136
  0
CIRCLE
  5
951
330
93C
100
AcDbEntity
  8
0
100
AcDbCircle
 10
0.6999999999998181
 20
0.3499999999999659
 30
0.0
 40
0.1100000000000705
  0
CIRCLE
  5
952
330
93C
100
AcDbEntity
  8
0
100
AcDbCircle
 10
0.6999999999998181
 20
0.6999999999998467
 30
0.0
 40
0.1100000000000705
  0
CIRCLE
  5
953
330
93C
100
AcDbEntity
  8
0
100
AcDbCircle
 10
0.6999999999998181
 20
1.049999999999769
 30
0.0
 40
0.1100000000000705
  0
CIRCLE
  5
954
330
93C
100
AcDbEntity
  8
0
100
AcDbCircle
 10
0.6999999999997613
 20
5.249999999999872
 30
0.0
 40
0.1100000000000136
  0
CIRCLE
  5
955
330
93C
100
AcDbEntity
  8
0
100
AcDbCircle
 10
0.6999999999997613
 20
5.599999999999965
 30
0.0
 40
0.1100000000000136
  0
CIRCLE
  5
956
330
93C
100
AcDbEntity
  8
0
100
AcDbCircle
 10
0.6999999999997613
 20
5.949999999999846
 30
0.0
 40
0.1100000000000136
  0
CIRCLE
  5
957
330
93C
100
AcDbEntity
  8
0
100
AcDbCircle
 10
0.6999999999997045
 20
6.299999999999754
 30
0.0
 40
0.1099999999999568
  0
CIRCLE
  5
958
330
93C
100
AcDbEntity
  8
0
100
AcDbCircle
 10
1.050000000000295
 20
-5.950000000000115
 30
0.0
 40
0.1099999999999568
  0
CIRCLE
  5
959
330
93C
100
AcDbEntity
  8
0
100
AcDbCircle
 10
1.050000000000295
 20
-6.300000000000138
 30
0.0
 40
0.1099999999999568
  0
CIRCLE
  5
95A
330
93C
100
AcDbEntity
  8
0
100
AcDbCircle
 10
1.050000000000295
 20
-6.650000000000019
 30
0.0
 40
0.1099999999999568
  0
CIRCLE
  5
95B
330
93C
100
AcDbEntity
  8
0
100
AcDbCircle
 10
0.6999999999997045
 20
6.649999999999963
 30
0.0
 40
0.1099999999999568
  0
CIRCLE
  5
95C
330
93C
100
AcDbEntity
  8
0
100
AcDbCircle
 10
0.6999999999997613
 20
4.899999999999963
 30
0.0
 40
0.1100000000000136
  0
CIRCLE
  5
95D
330
93C
100
AcDbEntity
  8
0
100
AcDbCircle
 10
0.6999999999997613
 20
4.549999999999893
 30
0.0
 40
0.1100000000000136
  0
CIRCLE
  5
95E
330
93C
100
AcDbEntity
  8
0
100
AcDbCircle
 10
0.6999999999997613
 20
4.199999999999846
 30
0.0
 40
0.1100000000000136
  0
CIRCLE
  5
95F
330
93C
100
AcDbEntity
  8
0
100
AcDbCircle
 10
0.6999999999997613
 20
3.849999999999965
 30
0.0
 40
0.1100000000000136
  0
CIRCLE
  5
960
330
93C
100
AcDbEntity
  8
0
100
AcDbCircle
 10
0.6999999999997613
 20
3.149999999999991
 30
0.0
 40
0.1100000000000136
  0
CIRCLE
  5
961
330
93C
100
AcDbEntity
  8
0
100
AcDbCircle
 10
0.6999999999997613
 20
2.449999999999845
 30
0.0
 40
0.1100000000000136
  0
CIRCLE
  5
962
330
93C
100
AcDbEntity
  8
0
100
AcDbCircle
 10
0.6999999999997613
 20
2.099999999999965
 30
0.0
 40
0.1100000000000136
  0
CIRCLE
  5
963
330
93C
100
AcDbEntity
  8
0
100
AcDbCircle
 10
0.6999999999997613
 20
1.749999999999871
 30
0.0
 40
0.1100000000000136
  0
CIRCLE
  5
964
330
93C
100
AcDbEntity
  8
0
100
AcDbCircle
 10
0.349999999999909
 20
-0.3500000000000085
 30
0.0
 40
0.1100000000000136
  0
CIRCLE
  5
965
330
93C
100
AcDbEntity
  8
0
100
AcDbCircle
 10
0.349999999999909
 20
-1.050000000000151
 30
0.0
 40
0.1100000000000136
  0
CIRCLE
  5
966
330
93C
100
AcDbEntity
  8
0
100
AcDbCircle
 10
0.349999999999909
 20
-1.400000000000034
 30
0.0
 40
0.1100000000000136
  0
CIRCLE
  5
967
330
93C
100
AcDbEntity
  8
0
100
AcDbCircle
 10
0.349999999999909
 20
-1.750000000000141
 30
0.0
 40
0.1100000000000136
  0
CIRCLE
  5
968
330
93C
100
AcDbEntity
  8
0
100
AcDbCircle
 10
0.349999999999909
 20
-2.100000000000008
 30
0.0
 40
0.1100000000000136
  0
CIRCLE
  5
969
330
93C
100
AcDbEntity
  8
0
100
AcDbCircle
 10
0.349999999999909
 20
-2.800000000000138
 30
0.0
 40
0.1100000000000136
  0
CIRCLE
  5
96A
330
93C
100
AcDbEntity
  8
0
100
AcDbCircle
 10
0.349999999999909
 20
-4.20000000000023
 30
0.0
 40
0.1100000000000136
  0
CIRCLE
  5
96B
330
93C
100
AcDbEntity
  8
0
100
AcDbCircle
 10
0.3499999999999659
 20
-4.900000000000034
 30
0.0
 40
0.1100000000000136
  0
CIRCLE
  5
96C
330
93C
100
AcDbEntity
  8
0
100
AcDbCircle
 10
0.3499999999999659
 20
-6.650000000000019
 30
0.0
 40
0.1100000000000136
  0
CIRCLE
  5
96D
330
93C
100
AcDbEntity
  8
0
100
AcDbCircle
 10
-0.0000000000001137
 20
6.649999999999947
 30
0.0
 40
0.1099999999999568
  0
CIRCLE
  5
96E
330
93C
100
AcDbEntity
  8
0
100
AcDbCircle
 10
-0.0000000000001137
 20
6.299999999999741
 30
0.0
 40
0.1099999999999568
  0
CIRCLE
  5
96F
330
93C
100
AcDbEntity
  8
0
100
AcDbCircle
 10
-0.0000000000000568
 20
5.949999999999832
 30
0.0
 40
0.1100000000000136
  0
CIRCLE
  5
970
330
93C
100
AcDbEntity
  8
0
100
AcDbCircle
 10
0.3499999999999659
 20
-6.300000000000138
 30
0.0
 40
0.1100000000000136
  0
CIRCLE
  5
971
330
93C
100
AcDbEntity
  8
0
100
AcDbCircle
 10
0.3499999999999659
 20
-5.950000000000115
 30
0.0
 40
0.1100000000000136
  0
CIRCLE
  5
972
330
93C
100
AcDbEntity
  8
0
100
AcDbCircle
 10
0.3499999999999659
 20
-5.600000000000021
 30
0.0
 40
0.1100000000000136
  0
CIRCLE
  5
973
330
93C
100
AcDbEntity
  8
0
100
AcDbCircle
 10
0.3499999999999659
 20
-5.250000000000142
 30
0.0
 40
0.1100000000000136
  0
CIRCLE
  5
974
330
93C
100
AcDbEntity
  8
0
100
AcDbCircle
 10
0.3499999999998522
 20
4.199999999999846
 30
0.0
 40
0.1100000000000136
  0
CIRCLE
  5
975
330
93C
100
AcDbEntity
  8
0
100
AcDbCircle
 10
0.3499999999998522
 20
4.899999999999963
 30
0.0
 40
0.1100000000000136
  0
CIRCLE
  5
976
330
93C
100
AcDbEntity
  8
0
100
AcDbCircle
 10
0.3499999999998522
 20
5.249999999999872
 30
0.0
 40
0.1100000000000136
  0
CIRCLE
  5
977
330
93C
100
AcDbEntity
  8
0
100
AcDbCircle
 10
0.3499999999998522
 20
5.599999999999965
 30
0.0
 40
0.1100000000000136
  0
CIRCLE
  5
978
330
93C
100
AcDbEntity
  8
0
100
AcDbCircle
 10
0.699999999999875
 20
-6.650000000000019
 30
0.0
 40
0.1100000000000136
  0
CIRCLE
  5
979
330
93C
100
AcDbEntity
  8
0
100
AcDbCircle
 10
0.3499999999998522
 20
6.649999999999963
 30
0.0
 40
0.1100000000000705
  0
CIRCLE
  5
97A
330
93C
100
AcDbEntity
  8
0
100
AcDbCircle
 10
0.3499999999998522
 20
6.299999999999754
 30
0.0
 40
0.1100000000000705
  0
CIRCLE
  5
97B
330
93C
100
AcDbEntity
  8
0
100
AcDbCircle
 10
0.3499999999998522
 20
5.949999999999846
 30
0.0
 40
0.1100000000000136
  0
CIRCLE
  5
97C
330
93C
100
AcDbEntity
  8
0
100
AcDbCircle
 10
0.3499999999998522
 20
3.849999999999965
 30
0.0
 40
0.1100000000000136
  0
CIRCLE
  5
97D
330
93C
100
AcDbEntity
  8
0
100
AcDbCircle
 10
0.3499999999998522
 20
3.499999999999871
 30
0.0
 40
0.1100000000000136
  0
CIRCLE
  5
97E
330
93C
100
AcDbEntity
  8
0
100
AcDbCircle
 10
0.3499999999998522
 20
3.149999999999991
 30
0.0
 40
0.1100000000000136
  0
CIRCLE
  5
97F
330
93C
100
AcDbEntity
  8
0
100
AcDbCircle
 10
0.3499999999998522
 20
2.799999999999755
 30
0.0
 40
0.1100000000000136
  0
CIRCLE
  5
980
330
93C
100
AcDbEntity
  8
0
100
AcDbCircle
 10
0.3499999999998522
 20
2.449999999999845
 30
0.0
 40
0.1100000000000136
  0
CIRCLE
  5
981
330
93C
100
AcDbEntity
  8
0
100
AcDbCircle
 10
0.3499999999998522
 20
1.749999999999871
 30
0.0
 40
0.1100000000000136
  0
CIRCLE
  5
982
330
93C
100
AcDbEntity
  8
0
100
AcDbCircle
 10
0.3499999999998522
 20
1.049999999999769
 30
0.0
 40
0.1099999999999568
  0
CIRCLE
  5
983
330
93C
100
AcDbEntity
  8
0
100
AcDbCircle
 10
0.3499999999998522
 20
0.3499999999999659
 30
0.0
 40
0.1099999999999568
  0
CIRCLE
  5
984
330
93C
100
AcDbEntity
  8
0
100
AcDbCircle
 10
1.400000000000204
 20
-5.950000000000115
 30
0.0
 40
0.1099999999999568
  0
CIRCLE
  5
985
330
93C
100
AcDbEntity
  8
0
100
AcDbCircle
 10
1.400000000000204
 20
-5.600000000000021
 30
0.0
 40
0.1099999999999568
  0
CIRCLE
  5
986
330
93C
100
AcDbEntity
  8
0
100
AcDbCircle
 10
1.400000000000204
 20
-5.250000000000142
 30
0.0
 40
0.1099999999999568
  0
CIRCLE
  5
987
330
93C
100
AcDbEntity
  8
0
100
AcDbCircle
 10
1.400000000000204
 20
-4.900000000000034
 30
0.0
 40
0.1099999999999568
  0
CIRCLE
  5
988
330
93C
100
AcDbEntity
  8
0
100
AcDbCircle
 10
1.400000000000146
 20
-4.550000000000139
 30
0.0
 40
0.1099999999999568
  0
CIRCLE
  5
989
330
93C
100
AcDbEntity
  8
0
100
AcDbCircle
 10
1.400000000000146
 20
-4.20000000000023
 30
0.0
 40
0.1099999999999568
  0
CIRCLE
  5
98A
330
93C
100
AcDbEntity
  8
0
100
AcDbCircle
 10
1.400000000000146
 20
-3.850000000000021
 30
0.0
 40
0.1099999999999568
  0
CIRCLE
  5
98B
330
93C
100
AcDbEntity
  8
0
100
AcDbCircle
 10
1.400000000000146
 20
-3.500000000000141
 30
0.0
 40
0.1099999999999568
  0
CIRCLE
  5
98C
330
93C
100
AcDbEntity
  8
0
100
AcDbCircle
 10
1.400000000000146
 20
-3.150000000000034
 30
0.0
 40
0.1099999999999568
  0
CIRCLE
  5
98D
330
93C
100
AcDbEntity
  8
0
100
AcDbCircle
 10
1.400000000000146
 20
-2.800000000000138
 30
0.0
 40
0.1099999999999568
  0
CIRCLE
  5
98E
330
93C
100
AcDbEntity
  8
0
100
AcDbCircle
 10
1.400000000000146
 20
-2.45000000000023
 30
0.0
 40
0.1099999999999568
  0
CIRCLE
  5
98F
330
93C
100
AcDbEntity
  8
0
100
AcDbCircle
 10
1.400000000000146
 20
-2.100000000000008
 30
0.0
 40
0.1099999999999568
  0
CIRCLE
  5
990
330
93C
100
AcDbEntity
  8
0
100
AcDbCircle
 10
1.400000000000146
 20
-1.750000000000141
 30
0.0
 40
0.1099999999999568
  0
CIRCLE
  5
991
330
93C
100
AcDbEntity
  8
0
100
AcDbCircle
 10
1.400000000000146
 20
-1.400000000000034
 30
0.0
 40
0.1099999999999568
  0
CIRCLE
  5
992
330
93C
100
AcDbEntity
  8
0
100
AcDbCircle
 10
1.400000000000146
 20
-0.7000000000001167
 30
0.0
 40
0.1099999999999568
  0
CIRCLE
  5
993
330
93C
100
AcDbEntity
  8
0
100
AcDbCircle
 10
1.400000000000146
 20
-0.0000000000001421
 30
0.0
 40
0.1099999999999568
  0
CIRCLE
  5
994
330
93C
100
AcDbEntity
  8
0
100
AcDbCircle
 10
1.40000000000009
 20
3.849999999999965
 30
0.0
 40
0.1099999999999568
  0
CIRCLE
  5
995
330
93C
100
AcDbEntity
  8
0
100
AcDbCircle
 10
1.40000000000009
 20
4.199999999999846
 30
0.0
 40
0.1099999999999568
  0
CIRCLE
  5
996
330
93C
100
AcDbEntity
  8
0
100
AcDbCircle
 10
1.40000000000009
 20
4.899999999999963
 30
0.0
 40
0.1099999999999568
  0
CIRCLE
  5
997
330
93C
100
AcDbEntity
  8
0
100
AcDbCircle
 10
1.40000000000009
 20
5.249999999999872
 30
0.0
 40
0.1099999999999568
  0
CIRCLE
  5
998
330
93C
100
AcDbEntity
  8
0
100
AcDbCircle
 10
1.749999999999943
 20
-6.650000000000019
 30
0.0
 40
0.1099999999999568
  0
CIRCLE
  5
999
330
93C
100
AcDbEntity
  8
0
100
AcDbCircle
 10
1.400000000000034
 20
6.649999999999963
 30
0.0
 40
0.1099999999998999
  0
CIRCLE
  5
99A
330
93C
100
AcDbEntity
  8
0
100
AcDbCircle
 10
1.40000000000009
 20
5.949999999999846
 30
0.0
 40
0.1099999999999568
  0
CIRCLE
  5
99B
330
93C
100
AcDbEntity
  8
0
100
AcDbCircle
 10
1.40000000000009
 20
5.599999999999965
 30
0.0
 40
0.1099999999999568
  0
CIRCLE
  5
99C
330
93C
100
AcDbEntity
  8
0
100
AcDbCircle
 10
1.40000000000009
 20
3.499999999999871
 30
0.0
 40
0.1099999999999568
  0
CIRCLE
  5
99D
330
93C
100
AcDbEntity
  8
0
100
AcDbCircle
 10
1.40000000000009
 20
3.149999999999991
 30
0.0
 40
0.1099999999999568
  0
CIRCLE
  5
99E
330
93C
100
AcDbEntity
  8
0
100
AcDbCircle
 10
1.40000000000009
 20
2.799999999999755
 30
0.0
 40
0.1099999999999568
  0
CIRCLE
  5
99F
330
93C
100
AcDbEntity
  8
0
100
AcDbCircle
 10
1.40000000000009
 20
2.449999999999845
 30
0.0
 40
0.1099999999999568
  0
CIRCLE
  5
9A0
330
93C
100
AcDbEntity
  8
0
100
AcDbCircle
 10
1.40000000000009
 20
2.099999999999965
 30
0.0
 40
0.1099999999999568
  0
CIRCLE
  5
9A1
330
93C
100
AcDbEntity
  8
0
100
AcDbCircle
 10
1.40000000000009
 20
1.749999999999871
 30
0.0
 40
0.1099999999999568
  0
CIRCLE
  5
9A2
330
93C
100
AcDbEntity
  8
0
100
AcDbCircle
 10
1.40000000000009
 20
1.399999999999991
 30
0.0
 40
0.1099999999999568
  0
CIRCLE
  5
9A3
330
93C
100
AcDbEntity
  8
0
100
AcDbCircle
 10
1.400000000000146
 20
0.6999999999998467
 30
0.0
 40
0.1100000000000136
  0
CIRCLE
  5
9A4
330
93C
100
AcDbEntity
  8
0
100
AcDbCircle
 10
1.050000000000295
 20
-5.600000000000021
 30
0.0
 40
0.1099999999999568
  0
CIRCLE
  5
9A5
330
93C
100
AcDbEntity
  8
0
100
AcDbCircle
 10
1.050000000000295
 20
-5.250000000000142
 30
0.0
 40
0.1099999999999568
  0
CIRCLE
  5
9A6
330
93C
100
AcDbEntity
  8
0
100
AcDbCircle
 10
1.050000000000295
 20
-4.900000000000034
 30
0.0
 40
0.1099999999999568
  0
CIRCLE
  5
9A7
330
93C
100
AcDbEntity
  8
0
100
AcDbCircle
 10
1.050000000000238
 20
-4.550000000000139
 30
0.0
 40
0.1099999999999568
  0
CIRCLE
  5
9A8
330
93C
100
AcDbEntity
  8
0
100
AcDbCircle
 10
1.050000000000238
 20
-4.20000000000023
 30
0.0
 40
0.1099999999999568
  0
CIRCLE
  5
9A9
330
93C
100
AcDbEntity
  8
0
100
AcDbCircle
 10
1.050000000000238
 20
-3.850000000000021
 30
0.0
 40
0.1099999999999568
  0
CIRCLE
  5
9AA
330
93C
100
AcDbEntity
  8
0
100
AcDbCircle
 10
1.050000000000238
 20
-3.500000000000141
 30
0.0
 40
0.1099999999999568
  0
CIRCLE
  5
9AB
330
93C
100
AcDbEntity
  8
0
100
AcDbCircle
 10
1.050000000000238
 20
-2.800000000000138
 30
0.0
 40
0.1099999999999568
  0
CIRCLE
  5
9AC
330
93C
100
AcDbEntity
  8
0
100
AcDbCircle
 10
1.050000000000238
 20
-2.100000000000008
 30
0.0
 40
0.1099999999999568
  0
CIRCLE
  5
9AD
330
93C
100
AcDbEntity
  8
0
100
AcDbCircle
 10
1.050000000000238
 20
-1.750000000000141
 30
0.0
 40
0.1099999999999568
  0
CIRCLE
  5
9AE
330
93C
100
AcDbEntity
  8
0
100
AcDbCircle
 10
1.050000000000238
 20
-1.400000000000034
 30
0.0
 40
0.1099999999999568
  0
CIRCLE
  5
9AF
330
93C
100
AcDbEntity
  8
0
100
AcDbCircle
 10
1.050000000000238
 20
-1.050000000000151
 30
0.0
 40
0.1099999999999568
  0
CIRCLE
  5
9B0
330
93C
100
AcDbEntity
  8
0
100
AcDbCircle
 10
1.050000000000238
 20
-0.7000000000001167
 30
0.0
 40
0.1099999999999568
  0
CIRCLE
  5
9B1
330
93C
100
AcDbEntity
  8
0
100
AcDbCircle
 10
1.050000000000238
 20
-0.3500000000000085
 30
0.0
 40
0.1099999999999568
  0
CIRCLE
  5
9B2
330
93C
100
AcDbEntity
  8
0
100
AcDbCircle
 10
1.050000000000181
 20
0.3499999999999659
 30
0.0
 40
0.1099999999998999
  0
CIRCLE
  5
9B3
330
93C
100
AcDbEntity
  8
0
100
AcDbCircle
 10
1.050000000000181
 20
1.049999999999769
 30
0.0
 40
0.1099999999998999
  0
CIRCLE
  5
9B4
330
93C
100
AcDbEntity
  8
0
100
AcDbCircle
 10
1.050000000000181
 20
4.899999999999963
 30
0.0
 40
0.1099999999999568
  0
CIRCLE
  5
9B5
330
93C
100
AcDbEntity
  8
0
100
AcDbCircle
 10
1.050000000000181
 20
5.249999999999872
 30
0.0
 40
0.1099999999999568
  0
CIRCLE
  5
9B6
330
93C
100
AcDbEntity
  8
0
100
AcDbCircle
 10
1.050000000000181
 20
5.599999999999965
 30
0.0
 40
0.1099999999999568
  0
CIRCLE
  5
9B7
330
93C
100
AcDbEntity
  8
0
100
AcDbCircle
 10
1.050000000000181
 20
5.949999999999846
 30
0.0
 40
0.1099999999999568
  0
CIRCLE
  5
9B8
330
93C
100
AcDbEntity
  8
0
100
AcDbCircle
 10
1.050000000000181
 20
6.299999999999754
 30
0.0
 40
0.1100000000000136
  0
CIRCLE
  5
9B9
330
93C
100
AcDbEntity
  8
0
100
AcDbCircle
 10
1.050000000000181
 20
6.649999999999963
 30
0.0
 40
0.1100000000000136
  0
CIRCLE
  5
9BA
330
93C
100
AcDbEntity
  8
0
100
AcDbCircle
 10
1.400000000000204
 20
-6.650000000000019
 30
0.0
 40
0.1099999999999568
  0
CIRCLE
  5
9BB
330
93C
100
AcDbEntity
  8
0
100
AcDbCircle
 10
1.400000000000204
 20
-6.300000000000138
 30
0.0
 40
0.1099999999999568
  0
CIRCLE
  5
9BC
330
93C
100
AcDbEntity
  8
0
100
AcDbCircle
 10
1.050000000000181
 20
4.549999999999893
 30
0.0
 40
0.1099999999999568
  0
CIRCLE
  5
9BD
330
93C
100
AcDbEntity
  8
0
100
AcDbCircle
 10
1.050000000000181
 20
3.849999999999965
 30
0.0
 40
0.1099999999999568
  0
CIRCLE
  5
9BE
330
93C
100
AcDbEntity
  8
0
100
AcDbCircle
 10
1.050000000000181
 20
3.499999999999871
 30
0.0
 40
0.1099999999999568
  0
CIRCLE
  5
9BF
330
93C
100
AcDbEntity
  8
0
100
AcDbCircle
 10
1.050000000000181
 20
3.149999999999991
 30
0.0
 40
0.1099999999999568
  0
CIRCLE
  5
9C0
330
93C
100
AcDbEntity
  8
0
100
AcDbCircle
 10
1.050000000000181
 20
2.799999999999755
 30
0.0
 40
0.1099999999999568
  0
CIRCLE
  5
9C1
330
93C
100
AcDbEntity
  8
0
100
AcDbCircle
 10
1.050000000000181
 20
2.449999999999845
 30
0.0
 40
0.1099999999999568
  0
CIRCLE
  5
9C2
330
93C
100
AcDbEntity
  8
0
100
AcDbCircle
 10
1.050000000000181
 20
1.749999999999871
 30
0.0
 40
0.1099999999999568
  0
CIRCLE
  5
9C3
330
93C
100
AcDbEntity
  8
0
100
AcDbCircle
 10
1.050000000000181
 20
1.399999999999991
 30
0.0
 40
0.1099999999999568
  0
CIRCLE
  5
9C4
330
93C
100
AcDbEntity
  8
0
100
AcDbCircle
 10
-1.050000000000181
 20
-1.050000000000167
 30
0.0
 40
0.1100000000000136
  0
CIRCLE
  5
9C5
330
93C
100
AcDbEntity
  8
0
100
AcDbCircle
 10
-1.050000000000181
 20
-0.3500000000000227
 30
0.0
 40
0.1100000000000136
  0
CIRCLE
  5
9C6
330
93C
100
AcDbEntity
  8
0
100
AcDbCircle
 10
-1.050000000000238
 20
0.3499999999999517
 30
0.0
 40
0.1099999999999568
  0
CIRCLE
  5
9C7
330
93C
100
AcDbEntity
  8
0
100
AcDbCircle
 10
-1.050000000000238
 20
0.6999999999998324
 30
0.0
 40
0.1099999999999568
  0
CIRCLE
  5
9C8
330
93C
100
AcDbEntity
  8
0
100
AcDbCircle
 10
-1.050000000000238
 20
1.049999999999769
 30
0.0
 40
0.1099999999999568
  0
CIRCLE
  5
9C9
330
93C
100
AcDbEntity
  8
0
100
AcDbCircle
 10
-1.050000000000238
 20
1.749999999999857
 30
0.0
 40
0.1100000000000136
  0
CIRCLE
  5
9CA
330
93C
100
AcDbEntity
  8
0
100
AcDbCircle
 10
-1.050000000000238
 20
2.44999999999983
 30
0.0
 40
0.1100000000000136
  0
CIRCLE
  5
9CB
330
93C
100
AcDbEntity
  8
0
100
AcDbCircle
 10
-1.050000000000238
 20
2.79999999999974
 30
0.0
 40
0.1100000000000136
  0
CIRCLE
  5
9CC
330
93C
100
AcDbEntity
  8
0
100
AcDbCircle
 10
-1.050000000000238
 20
3.149999999999976
 30
0.0
 40
0.1100000000000136
  0
CIRCLE
  5
9CD
330
93C
100
AcDbEntity
  8
0
100
AcDbCircle
 10
-1.050000000000238
 20
3.499999999999857
 30
0.0
 40
0.1100000000000136
  0
CIRCLE
  5
9CE
330
93C
100
AcDbEntity
  8
0
100
AcDbCircle
 10
-1.050000000000238
 20
3.849999999999951
 30
0.0
 40
0.1100000000000136
  0
CIRCLE
  5
9CF
330
93C
100
AcDbEntity
  8
0
100
AcDbCircle
 10
-1.050000000000238
 20
4.549999999999879
 30
0.0
 40
0.1100000000000136
  0
CIRCLE
  5
9D0
330
93C
100
AcDbEntity
  8
0
100
AcDbCircle
 10
-1.050000000000238
 20
4.899999999999947
 30
0.0
 40
0.1100000000000136
  0
CIRCLE
  5
9D1
330
93C
100
AcDbEntity
  8
0
100
AcDbCircle
 10
-1.050000000000238
 20
5.599999999999949
 30
0.0
 40
0.1100000000000136
  0
CIRCLE
  5
9D2
330
93C
100
AcDbEntity
  8
0
100
AcDbCircle
 10
-1.050000000000238
 20
5.949999999999832
 30
0.0
 40
0.1100000000000136
  0
CIRCLE
  5
9D3
330
93C
100
AcDbEntity
  8
0
100
AcDbCircle
 10
-1.050000000000238
 20
6.299999999999741
 30
0.0
 40
0.1100000000000705
  0
CIRCLE
  5
9D4
330
93C
100
AcDbEntity
  8
0
100
AcDbCircle
 10
-0.6999999999999318
 20
0.6999999999998324
 30
0.0
 40
0.1099999999999568
  0
CIRCLE
  5
9D5
330
93C
100
AcDbEntity
  8
0
100
AcDbCircle
 10
-0.6999999999999318
 20
0.3499999999999517
 30
0.0
 40
0.1099999999999568
  0
CIRCLE
  5
9D6
330
93C
100
AcDbEntity
  8
0
100
AcDbCircle
 10
-0.699999999999875
 20
-0.0000000000001563
 30
0.0
 40
0.1100000000000136
  0
CIRCLE
  5
9D7
330
93C
100
AcDbEntity
  8
0
100
AcDbCircle
 10
-0.699999999999875
 20
-0.3500000000000227
 30
0.0
 40
0.1100000000000136
  0
CIRCLE
  5
9D8
330
93C
100
AcDbEntity
  8
0
100
AcDbCircle
 10
-0.699999999999875
 20
-0.7000000000001309
 30
0.0
 40
0.1100000000000136
  0
CIRCLE
  5
9D9
330
93C
100
AcDbEntity
  8
0
100
AcDbCircle
 10
-0.699999999999875
 20
-1.400000000000043
 30
0.0
 40
0.1100000000000136
  0
CIRCLE
  5
9DA
330
93C
100
AcDbEntity
  8
0
100
AcDbCircle
 10
-0.699999999999875
 20
-1.750000000000154
 30
0.0
 40
0.1100000000000136
  0
CIRCLE
  5
9DB
330
93C
100
AcDbEntity
  8
0
100
AcDbCircle
 10
-0.699999999999875
 20
-3.150000000000048
 30
0.0
 40
0.1100000000000136
  0
CIRCLE
  5
9DC
330
93C
100
AcDbEntity
  8
0
100
AcDbCircle
 10
-0.6999999999998181
 20
-5.950000000000127
 30
0.0
 40
0.1100000000000136
  0
CIRCLE
  5
9DD
330
93C
100
AcDbEntity
  8
0
100
AcDbCircle
 10
-0.6999999999998181
 20
-6.300000000000152
 30
0.0
 40
0.1100000000000136
  0
CIRCLE
  5
9DE
330
93C
100
AcDbEntity
  8
0
100
AcDbCircle
 10
-0.6999999999998181
 20
-6.650000000000034
 30
0.0
 40
0.1100000000000136
  0
CIRCLE
  5
9DF
330
93C
100
AcDbEntity
  8
0
100
AcDbCircle
 10
-1.050000000000238
 20
6.649999999999947
 30
0.0
 40
0.1100000000000705
  0
CIRCLE
  5
9E0
330
93C
100
AcDbEntity
  8
0
100
AcDbCircle
 10
-0.6999999999998181
 20
-5.600000000000036
 30
0.0
 40
0.1100000000000136
  0
CIRCLE
  5
9E1
330
93C
100
AcDbEntity
  8
0
100
AcDbCircle
 10
-0.6999999999998181
 20
-5.250000000000156
 30
0.0
 40
0.1100000000000136
  0
CIRCLE
  5
9E2
330
93C
100
AcDbEntity
  8
0
100
AcDbCircle
 10
-0.6999999999998181
 20
-4.900000000000047
 30
0.0
 40
0.1100000000000136
  0
CIRCLE
  5
9E3
330
93C
100
AcDbEntity
  8
0
100
AcDbCircle
 10
-0.699999999999875
 20
-3.500000000000156
 30
0.0
 40
0.1100000000000136
  0
CIRCLE
  5
9E4
330
93C
100
AcDbEntity
  8
0
100
AcDbCircle
 10
-1.400000000000034
 20
-5.950000000000127
 30
0.0
 40
0.1100000000000136
  0
CIRCLE
  5
9E5
330
93C
100
AcDbEntity
  8
0
100
AcDbCircle
 10
-1.400000000000034
 20
-5.600000000000036
 30
0.0
 40
0.1100000000000136
  0
CIRCLE
  5
9E6
330
93C
100
AcDbEntity
  8
0
100
AcDbCircle
 10
-1.400000000000034
 20
-5.250000000000156
 30
0.0
 40
0.1100000000000136
  0
CIRCLE
  5
9E7
330
93C
100
AcDbEntity
  8
0
100
AcDbCircle
 10
-1.400000000000034
 20
-4.900000000000047
 30
0.0
 40
0.1100000000000136
  0
CIRCLE
  5
9E8
330
93C
100
AcDbEntity
  8
0
100
AcDbCircle
 10
-1.40000000000009
 20
-3.500000000000156
 30
0.0
 40
0.1100000000000136
  0
CIRCLE
  5
9E9
330
93C
100
AcDbEntity
  8
0
100
AcDbCircle
 10
-1.40000000000009
 20
-3.150000000000048
 30
0.0
 40
0.1100000000000136
  0
CIRCLE
  5
9EA
330
93C
100
AcDbEntity
  8
0
100
AcDbCircle
 10
-1.40000000000009
 20
-1.750000000000154
 30
0.0
 40
0.1100000000000136
  0
CIRCLE
  5
9EB
330
93C
100
AcDbEntity
  8
0
100
AcDbCircle
 10
-1.40000000000009
 20
-1.400000000000043
 30
0.0
 40
0.1100000000000136
  0
CIRCLE
  5
9EC
330
93C
100
AcDbEntity
  8
0
100
AcDbCircle
 10
-1.40000000000009
 20
-0.7000000000001309
 30
0.0
 40
0.1100000000000136
  0
CIRCLE
  5
9ED
330
93C
100
AcDbEntity
  8
0
100
AcDbCircle
 10
-1.40000000000009
 20
-0.3500000000000227
 30
0.0
 40
0.1100000000000136
  0
CIRCLE
  5
9EE
330
93C
100
AcDbEntity
  8
0
100
AcDbCircle
 10
-1.40000000000009
 20
-0.0000000000001563
 30
0.0
 40
0.1100000000000136
  0
CIRCLE
  5
9EF
330
93C
100
AcDbEntity
  8
0
100
AcDbCircle
 10
-1.40000000000009
 20
0.6999999999998324
 30
0.0
 40
0.1100000000000705
  0
CIRCLE
  5
9F0
330
93C
100
AcDbEntity
  8
0
100
AcDbCircle
 10
-1.400000000000146
 20
1.399999999999977
 30
0.0
 40
0.1100000000000136
  0
CIRCLE
  5
9F1
330
93C
100
AcDbEntity
  8
0
100
AcDbCircle
 10
-1.400000000000146
 20
2.099999999999949
 30
0.0
 40
0.1100000000000136
  0
CIRCLE
  5
9F2
330
93C
100
AcDbEntity
  8
0
100
AcDbCircle
 10
-1.400000000000146
 20
2.79999999999974
 30
0.0
 40
0.1100000000000136
  0
CIRCLE
  5
9F3
330
93C
100
AcDbEntity
  8
0
100
AcDbCircle
 10
-1.400000000000146
 20
3.499999999999857
 30
0.0
 40
0.1100000000000136
  0
CIRCLE
  5
9F4
330
93C
100
AcDbEntity
  8
0
100
AcDbCircle
 10
-1.050000000000181
 20
-1.750000000000154
 30
0.0
 40
0.1100000000000136
  0
CIRCLE
  5
9F5
330
93C
100
AcDbEntity
  8
0
100
AcDbCircle
 10
-1.050000000000181
 20
-3.150000000000048
 30
0.0
 40
0.1100000000000136
  0
CIRCLE
  5
9F6
330
93C
100
AcDbEntity
  8
0
100
AcDbCircle
 10
-1.050000000000181
 20
-3.500000000000156
 30
0.0
 40
0.1100000000000136
  0
CIRCLE
  5
9F7
330
93C
100
AcDbEntity
  8
0
100
AcDbCircle
 10
-1.050000000000125
 20
-4.900000000000047
 30
0.0
 40
0.1100000000000136
  0
CIRCLE
  5
9F8
330
93C
100
AcDbEntity
  8
0
100
AcDbCircle
 10
-1.050000000000125
 20
-5.250000000000156
 30
0.0
 40
0.1100000000000136
  0
CIRCLE
  5
9F9
330
93C
100
AcDbEntity
  8
0
100
AcDbCircle
 10
-1.050000000000125
 20
-5.600000000000036
 30
0.0
 40
0.1100000000000136
  0
CIRCLE
  5
9FA
330
93C
100
AcDbEntity
  8
0
100
AcDbCircle
 10
-1.050000000000125
 20
-5.950000000000127
 30
0.0
 40
0.1100000000000136
  0
CIRCLE
  5
9FB
330
93C
100
AcDbEntity
  8
0
100
AcDbCircle
 10
-1.050000000000125
 20
-6.300000000000152
 30
0.0
 40
0.1100000000000136
  0
CIRCLE
  5
9FC
330
93C
100
AcDbEntity
  8
0
100
AcDbCircle
 10
-1.400000000000146
 20
4.199999999999832
 30
0.0
 40
0.1100000000000136
  0
CIRCLE
  5
9FD
330
93C
100
AcDbEntity
  8
0
100
AcDbCircle
 10
-1.400000000000146
 20
4.899999999999947
 30
0.0
 40
0.1100000000000136
  0
CIRCLE
  5
9FE
330
93C
100
AcDbEntity
  8
0
100
AcDbCircle
 10
-1.400000000000146
 20
5.249999999999856
 30
0.0
 40
0.1100000000000136
  0
CIRCLE
  5
9FF
330
93C
100
AcDbEntity
  8
0
100
AcDbCircle
 10
-1.400000000000146
 20
5.599999999999949
 30
0.0
 40
0.1100000000000136
  0
CIRCLE
  5
A00
330
93C
100
AcDbEntity
  8
0
100
AcDbCircle
 10
-1.050000000000125
 20
-6.650000000000034
 30
0.0
 40
0.1100000000000136
  0
CIRCLE
  5
A01
330
93C
100
AcDbEntity
  8
0
100
AcDbCircle
 10
-1.400000000000204
 20
6.649999999999947
 30
0.0
 40
0.1099999999999568
  0
CIRCLE
  5
A02
330
93C
100
AcDbEntity
  8
0
100
AcDbCircle
 10
-1.400000000000204
 20
6.299999999999741
 30
0.0
 40
0.1099999999999568
  0
CIRCLE
  5
A03
330
93C
100
AcDbEntity
  8
0
100
AcDbCircle
 10
-1.400000000000146
 20
5.949999999999832
 30
0.0
 40
0.1100000000000136
  0
CIRCLE
  5
A04
330
93C
100
AcDbEntity
  8
0
100
AcDbCircle
 10
0.0000000000000568
 20
-5.950000000000127
 30
0.0
 40
0.1100000000000136
  0
CIRCLE
  5
A05
330
93C
100
AcDbEntity
  8
0
100
AcDbCircle
 10
0.0000000000000568
 20
-6.300000000000152
 30
0.0
 40
0.1100000000000136
  0
CIRCLE
  5
A06
330
93C
100
AcDbEntity
  8
0
100
AcDbCircle
 10
0.0000000000000568
 20
-6.650000000000034
 30
0.0
 40
0.1100000000000136
  0
CIRCLE
  5
A07
330
93C
100
AcDbEntity
  8
0
100
AcDbCircle
 10
-0.3500000000000796
 20
6.649999999999947
 30
0.0
 40
0.1099999999999568
  0
CIRCLE
  5
A08
330
93C
100
AcDbEntity
  8
0
100
AcDbCircle
 10
0.0000000000000568
 20
-5.600000000000036
 30
0.0
 40
0.1100000000000136
  0
CIRCLE
  5
A09
330
93C
100
AcDbEntity
  8
0
100
AcDbCircle
 10
0.0000000000000568
 20
-5.250000000000156
 30
0.0
 40
0.1100000000000136
  0
CIRCLE
  5
A0A
330
93C
100
AcDbEntity
  8
0
100
AcDbCircle
 10
0.0000000000000568
 20
-4.900000000000047
 30
0.0
 40
0.1100000000000136
  0
CIRCLE
  5
A0B
330
93C
100
AcDbEntity
  8
0
100
AcDbCircle
 10
0.0
 20
-4.200000000000243
 30
0.0
 40
0.1100000000000136
  0
CIRCLE
  5
A0C
330
93C
100
AcDbEntity
  8
0
100
AcDbCircle
 10
-0.3500000000000796
 20
6.299999999999741
 30
0.0
 40
0.1099999999999568
  0
CIRCLE
  5
A0D
330
93C
100
AcDbEntity
  8
0
100
AcDbCircle
 10
-0.3500000000000227
 20
5.949999999999832
 30
0.0
 40
0.1100000000000136
  0
CIRCLE
  5
A0E
330
93C
100
AcDbEntity
  8
0
100
AcDbCircle
 10
-0.3500000000000227
 20
5.599999999999949
 30
0.0
 40
0.1100000000000136
  0
CIRCLE
  5
A0F
330
93C
100
AcDbEntity
  8
0
100
AcDbCircle
 10
-0.3500000000000227
 20
5.249999999999856
 30
0.0
 40
0.1100000000000136
  0
CIRCLE
  5
A10
330
93C
100
AcDbEntity
  8
0
100
AcDbCircle
 10
-0.3500000000000227
 20
4.549999999999879
 30
0.0
 40
0.1100000000000136
  0
CIRCLE
  5
A11
330
93C
100
AcDbEntity
  8
0
100
AcDbCircle
 10
-0.3500000000000227
 20
4.199999999999832
 30
0.0
 40
0.1100000000000136
  0
CIRCLE
  5
A12
330
93C
100
AcDbEntity
  8
0
100
AcDbCircle
 10
-0.3500000000000227
 20
3.849999999999951
 30
0.0
 40
0.1100000000000136
  0
CIRCLE
  5
A13
330
93C
100
AcDbEntity
  8
0
100
AcDbCircle
 10
-0.3500000000000227
 20
2.44999999999983
 30
0.0
 40
0.1100000000000136
  0
CIRCLE
  5
A14
330
93C
100
AcDbEntity
  8
0
100
AcDbCircle
 10
0.0
 20
-2.800000000000138
 30
0.0
 40
0.1100000000000136
  0
CIRCLE
  5
A15
330
93C
100
AcDbEntity
  8
0
100
AcDbCircle
 10
0.0
 20
-2.450000000000243
 30
0.0
 40
0.1100000000000136
  0
CIRCLE
  5
A16
330
93C
100
AcDbEntity
  8
0
100
AcDbCircle
 10
0.0
 20
-2.10000000000002
 30
0.0
 40
0.1100000000000136
  0
CIRCLE
  5
A17
330
93C
100
AcDbEntity
  8
0
100
AcDbCircle
 10
0.0
 20
-1.750000000000154
 30
0.0
 40
0.1100000000000136
  0
CIRCLE
  5
A18
330
93C
100
AcDbEntity
  8
0
100
AcDbCircle
 10
0.0
 20
-1.400000000000043
 30
0.0
 40
0.1100000000000136
  0
CIRCLE
  5
A19
330
93C
100
AcDbEntity
  8
0
100
AcDbCircle
 10
0.0
 20
-0.7000000000001309
 30
0.0
 40
0.1100000000000136
  0
CIRCLE
  5
A1A
330
93C
100
AcDbEntity
  8
0
100
AcDbCircle
 10
0.0
 20
-0.0000000000001563
 30
0.0
 40
0.1100000000000136
  0
CIRCLE
  5
A1B
330
93C
100
AcDbEntity
  8
0
100
AcDbCircle
 10
0.0
 20
0.6999999999998324
 30
0.0
 40
0.1100000000000705
  0
CIRCLE
  5
A1C
330
93C
100
AcDbEntity
  8
0
100
AcDbCircle
 10
-0.0000000000000568
 20
1.399999999999977
 30
0.0
 40
0.1100000000000136
  0
CIRCLE
  5
A1D
330
93C
100
AcDbEntity
  8
0
100
AcDbCircle
 10
-0.0000000000000568
 20
1.749999999999857
 30
0.0
 40
0.1100000000000136
  0
CIRCLE
  5
A1E
330
93C
100
AcDbEntity
  8
0
100
AcDbCircle
 10
-0.0000000000000568
 20
2.099999999999949
 30
0.0
 40
0.1100000000000136
  0
CIRCLE
  5
A1F
330
93C
100
AcDbEntity
  8
0
100
AcDbCircle
 10
-0.0000000000000568
 20
2.44999999999983
 30
0.0
 40
0.1100000000000136
  0
CIRCLE
  5
A20
330
93C
100
AcDbEntity
  8
0
100
AcDbCircle
 10
-0.0000000000000568
 20
3.849999999999951
 30
0.0
 40
0.1100000000000136
  0
CIRCLE
  5
A21
330
93C
100
AcDbEntity
  8
0
100
AcDbCircle
 10
-0.0000000000000568
 20
4.899999999999947
 30
0.0
 40
0.1100000000000136
  0
CIRCLE
  5
A22
330
93C
100
AcDbEntity
  8
0
100
AcDbCircle
 10
-0.0000000000000568
 20
5.249999999999856
 30
0.0
 40
0.1100000000000136
  0
CIRCLE
  5
A23
330
93C
100
AcDbEntity
  8
0
100
AcDbCircle
 10
-0.0000000000000568
 20
5.599999999999949
 30
0.0
 40
0.1100000000000136
  0
CIRCLE
  5
A24
330
93C
100
AcDbEntity
  8
0
100
AcDbCircle
 10
-0.349999999999909
 20
-5.600000000000036
 30
0.0
 40
0.1100000000000136
  0
CIRCLE
  5
A25
330
93C
100
AcDbEntity
  8
0
100
AcDbCircle
 10
-0.349999999999909
 20
-5.950000000000127
 30
0.0
 40
0.1100000000000136
  0
CIRCLE
  5
A26
330
93C
100
AcDbEntity
  8
0
100
AcDbCircle
 10
-0.349999999999909
 20
-6.300000000000152
 30
0.0
 40
0.1100000000000136
  0
CIRCLE
  5
A27
330
93C
100
AcDbEntity
  8
0
100
AcDbCircle
 10
-0.349999999999909
 20
-6.650000000000034
 30
0.0
 40
0.1100000000000136
  0
CIRCLE
  5
A28
330
93C
100
AcDbEntity
  8
0
100
AcDbCircle
 10
-0.6999999999999318
 20
6.649999999999947
 30
0.0
 40
0.1100000000000705
  0
CIRCLE
  5
A29
330
93C
100
AcDbEntity
  8
0
100
AcDbCircle
 10
-0.6999999999999318
 20
6.299999999999741
 30
0.0
 40
0.1100000000000705
  0
CIRCLE
  5
A2A
330
93C
100
AcDbEntity
  8
0
100
AcDbCircle
 10
-0.6999999999999318
 20
5.949999999999832
 30
0.0
 40
0.1100000000000136
  0
CIRCLE
  5
A2B
330
93C
100
AcDbEntity
  8
0
100
AcDbCircle
 10
-0.6999999999999318
 20
5.599999999999949
 30
0.0
 40
0.1100000000000136
  0
CIRCLE
  5
A2C
330
93C
100
AcDbEntity
  8
0
100
AcDbCircle
 10
-0.6999999999999318
 20
5.249999999999856
 30
0.0
 40
0.1100000000000136
  0
CIRCLE
  5
A2D
330
93C
100
AcDbEntity
  8
0
100
AcDbCircle
 10
-0.6999999999999318
 20
4.899999999999947
 30
0.0
 40
0.1100000000000136
  0
CIRCLE
  5
A2E
330
93C
100
AcDbEntity
  8
0
100
AcDbCircle
 10
-0.6999999999999318
 20
4.549999999999879
 30
0.0
 40
0.1100000000000136
  0
CIRCLE
  5
A2F
330
93C
100
AcDbEntity
  8
0
100
AcDbCircle
 10
-0.6999999999999318
 20
4.199999999999832
 30
0.0
 40
0.1100000000000136
  0
CIRCLE
  5
A30
330
93C
100
AcDbEntity
  8
0
100
AcDbCircle
 10
-0.6999999999999318
 20
3.849999999999951
 30
0.0
 40
0.1100000000000136
  0
CIRCLE
  5
A31
330
93C
100
AcDbEntity
  8
0
100
AcDbCircle
 10
-0.6999999999999318
 20
2.44999999999983
 30
0.0
 40
0.1100000000000136
  0
CIRCLE
  5
A32
330
93C
100
AcDbEntity
  8
0
100
AcDbCircle
 10
-0.6999999999999318
 20
2.099999999999949
 30
0.0
 40
0.1100000000000136
  0
CIRCLE
  5
A33
330
93C
100
AcDbEntity
  8
0
100
AcDbCircle
 10
-0.6999999999999318
 20
1.399999999999977
 30
0.0
 40
0.1100000000000136
  0
CIRCLE
  5
A34
330
93C
100
AcDbEntity
  8
0
100
AcDbCircle
 10
-0.349999999999909
 20
-5.250000000000156
 30
0.0
 40
0.1100000000000136
  0
CIRCLE
  5
A35
330
93C
100
AcDbEntity
  8
0
100
AcDbCircle
 10
-0.349999999999909
 20
-4.900000000000047
 30
0.0
 40
0.1100000000000136
  0
CIRCLE
  5
A36
330
93C
100
AcDbEntity
  8
0
100
AcDbCircle
 10
-0.3499999999999659
 20
-4.550000000000153
 30
0.0
 40
0.1100000000000136
  0
CIRCLE
  5
A37
330
93C
100
AcDbEntity
  8
0
100
AcDbCircle
 10
-0.3499999999999659
 20
-4.200000000000243
 30
0.0
 40
0.1100000000000136
  0
CIRCLE
  5
A38
330
93C
100
AcDbEntity
  8
0
100
AcDbCircle
 10
-0.3499999999999659
 20
-3.850000000000036
 30
0.0
 40
0.1100000000000136
  0
CIRCLE
  5
A39
330
93C
100
AcDbEntity
  8
0
100
AcDbCircle
 10
-0.3499999999999659
 20
-3.500000000000156
 30
0.0
 40
0.1100000000000136
  0
CIRCLE
  5
A3A
330
93C
100
AcDbEntity
  8
0
100
AcDbCircle
 10
-0.3499999999999659
 20
-3.150000000000048
 30
0.0
 40
0.1100000000000136
  0
CIRCLE
  5
A3B
330
93C
100
AcDbEntity
  8
0
100
AcDbCircle
 10
-0.3499999999999659
 20
-2.800000000000138
 30
0.0
 40
0.1100000000000136
  0
CIRCLE
  5
A3C
330
93C
100
AcDbEntity
  8
0
100
AcDbCircle
 10
-0.3499999999999659
 20
-2.450000000000243
 30
0.0
 40
0.1100000000000136
  0
CIRCLE
  5
A3D
330
93C
100
AcDbEntity
  8
0
100
AcDbCircle
 10
-0.3499999999999659
 20
-2.10000000000002
 30
0.0
 40
0.1100000000000136
  0
CIRCLE
  5
A3E
330
93C
100
AcDbEntity
  8
0
100
AcDbCircle
 10
-0.3499999999999659
 20
-1.750000000000154
 30
0.0
 40
0.1100000000000136
  0
CIRCLE
  5
A3F
330
93C
100
AcDbEntity
  8
0
100
AcDbCircle
 10
-0.3499999999999659
 20
-1.050000000000167
 30
0.0
 40
0.1100000000000136
  0
CIRCLE
  5
A40
330
93C
100
AcDbEntity
  8
0
100
AcDbCircle
 10
-0.3499999999999659
 20
-0.3500000000000227
 30
0.0
 40
0.1100000000000136
  0
CIRCLE
  5
A41
330
93C
100
AcDbEntity
  8
0
100
AcDbCircle
 10
-0.3499999999999659
 20
0.3499999999999517
 30
0.0
 40
0.1100000000000705
  0
CIRCLE
  5
A42
330
93C
100
AcDbEntity
  8
0
100
AcDbCircle
 10
-0.3499999999999659
 20
1.049999999999769
 30
0.0
 40
0.1100000000000705
  0
CIRCLE
  5
A43
330
93C
100
AcDbEntity
  8
0
100
AcDbCircle
 10
-0.3500000000000227
 20
1.749999999999857
 30
0.0
 40
0.1100000000000136
  0
CIRCLE
  5
A44
330
93C
100
AcDbEntity
  8
0
100
AcDbCircle
 10
3.499999999999943
 20
5.2499999999999
 30
0.0
 40
0.1100000000000136
  0
CIRCLE
  5
A45
330
93C
100
AcDbEntity
  8
0
100
AcDbCircle
 10
3.499999999999943
 20
5.599999999999994
 30
0.0
 40
0.1100000000000136
  0
CIRCLE
  5
A46
330
93C
100
AcDbEntity
  8
0
100
AcDbCircle
 10
3.499999999999943
 20
5.949999999999874
 30
0.0
 40
0.1100000000000136
  0
CIRCLE
  5
A47
330
93C
100
AcDbEntity
  8
0
100
AcDbCircle
 10
3.499999999999943
 20
6.299999999999782
 30
0.0
 40
0.1100000000000705
  0
CIRCLE
  5
A48
330
93C
100
AcDbEntity
  8
0
100
AcDbCircle
 10
3.849999999999965
 20
-5.950000000000088
 30
0.0
 40
0.1100000000000136
  0
CIRCLE
  5
A49
330
93C
100
AcDbEntity
  8
0
100
AcDbCircle
 10
3.849999999999965
 20
-6.30000000000011
 30
0.0
 40
0.1100000000000136
  0
CIRCLE
  5
A4A
330
93C
100
AcDbEntity
  8
0
100
AcDbCircle
 10
3.849999999999965
 20
-6.649999999999991
 30
0.0
 40
0.1100000000000136
  0
CIRCLE
  5
A4B
330
93C
100
AcDbEntity
  8
0
100
AcDbCircle
 10
3.499999999999943
 20
6.649999999999991
 30
0.0
 40
0.1100000000000705
  0
CIRCLE
  5
A4C
330
93C
100
AcDbEntity
  8
0
100
AcDbCircle
 10
3.499999999999943
 20
4.899999999999991
 30
0.0
 40
0.1100000000000136
  0
CIRCLE
  5
A4D
330
93C
100
AcDbEntity
  8
0
100
AcDbCircle
 10
3.499999999999943
 20
4.549999999999911
 30
0.0
 40
0.1100000000000136
  0
CIRCLE
  5
A4E
330
93C
100
AcDbEntity
  8
0
100
AcDbCircle
 10
3.499999999999943
 20
3.849999999999993
 30
0.0
 40
0.1100000000000136
  0
CIRCLE
  5
A4F
330
93C
100
AcDbEntity
  8
0
100
AcDbCircle
 10
3.499999999999943
 20
2.449999999999874
 30
0.0
 40
0.1100000000000136
  0
CIRCLE
  5
A50
330
93C
100
AcDbEntity
  8
0
100
AcDbCircle
 10
3.499999999999943
 20
2.099999999999992
 30
0.0
 40
0.1100000000000136
  0
CIRCLE
  5
A51
330
93C
100
AcDbEntity
  8
0
100
AcDbCircle
 10
3.499999999999943
 20
1.400000000000019
 30
0.0
 40
0.1100000000000136
  0
CIRCLE
  5
A52
330
93C
100
AcDbEntity
  8
0
100
AcDbCircle
 10
3.499999999999943
 20
0.699999999999875
 30
0.0
 40
0.1099999999999568
  0
CIRCLE
  5
A53
330
93C
100
AcDbEntity
  8
0
100
AcDbCircle
 10
3.5
 20
-0.0000000000001137
 30
0.0
 40
0.1100000000000136
  0
CIRCLE
  5
A54
330
93C
100
AcDbEntity
  8
0
100
AcDbCircle
 10
3.849999999999965
 20
-5.599999999999994
 30
0.0
 40
0.1100000000000136
  0
CIRCLE
  5
A55
330
93C
100
AcDbEntity
  8
0
100
AcDbCircle
 10
3.849999999999965
 20
-5.250000000000113
 30
0.0
 40
0.1100000000000136
  0
CIRCLE
  5
A56
330
93C
100
AcDbEntity
  8
0
100
AcDbCircle
 10
3.849999999999965
 20
-4.900000000000003
 30
0.0
 40
0.1100000000000136
  0
CIRCLE
  5
A57
330
93C
100
AcDbEntity
  8
0
100
AcDbCircle
 10
3.849999999999908
 20
-4.550000000000108
 30
0.0
 40
0.1100000000000136
  0
CIRCLE
  5
A58
330
93C
100
AcDbEntity
  8
0
100
AcDbCircle
 10
3.849999999999908
 20
-3.849999999999993
 30
0.0
 40
0.1100000000000136
  0
CIRCLE
  5
A59
330
93C
100
AcDbEntity
  8
0
100
AcDbCircle
 10
3.849999999999908
 20
-3.150000000000004
 30
0.0
 40
0.1100000000000136
  0
CIRCLE
  5
A5A
330
93C
100
AcDbEntity
  8
0
100
AcDbCircle
 10
3.849999999999908
 20
-2.450000000000201
 30
0.0
 40
0.1100000000000136
  0
CIRCLE
  5
A5B
330
93C
100
AcDbEntity
  8
0
100
AcDbCircle
 10
3.849999999999908
 20
-1.750000000000109
 30
0.0
 40
0.1100000000000136
  0
CIRCLE
  5
A5C
330
93C
100
AcDbEntity
  8
0
100
AcDbCircle
 10
3.849999999999908
 20
-1.050000000000125
 30
0.0
 40
0.1100000000000136
  0
CIRCLE
  5
A5D
330
93C
100
AcDbEntity
  8
0
100
AcDbCircle
 10
3.849999999999908
 20
-0.3499999999999801
 30
0.0
 40
0.1100000000000136
  0
CIRCLE
  5
A5E
330
93C
100
AcDbEntity
  8
0
100
AcDbCircle
 10
3.849999999999908
 20
0.3499999999999943
 30
0.0
 40
0.1100000000000705
  0
CIRCLE
  5
A5F
330
93C
100
AcDbEntity
  8
0
100
AcDbCircle
 10
3.849999999999908
 20
0.699999999999875
 30
0.0
 40
0.1100000000000705
  0
CIRCLE
  5
A60
330
93C
100
AcDbEntity
  8
0
100
AcDbCircle
 10
3.849999999999908
 20
1.049999999999797
 30
0.0
 40
0.1100000000000705
  0
CIRCLE
  5
A61
330
93C
100
AcDbEntity
  8
0
100
AcDbCircle
 10
3.849999999999852
 20
1.749999999999899
 30
0.0
 40
0.1100000000000136
  0
CIRCLE
  5
A62
330
93C
100
AcDbEntity
  8
0
100
AcDbCircle
 10
3.849999999999852
 20
2.449999999999874
 30
0.0
 40
0.1100000000000136
  0
CIRCLE
  5
A63
330
93C
100
AcDbEntity
  8
0
100
AcDbCircle
 10
3.849999999999852
 20
3.849999999999993
 30
0.0
 40
0.1100000000000136
  0
CIRCLE
  5
A64
330
93C
100
AcDbEntity
  8
0
100
AcDbCircle
 10
3.150000000000147
 20
-1.050000000000125
 30
0.0
 40
0.1100000000000136
  0
CIRCLE
  5
A65
330
93C
100
AcDbEntity
  8
0
100
AcDbCircle
 10
3.150000000000147
 20
-0.3499999999999801
 30
0.0
 40
0.1100000000000136
  0
CIRCLE
  5
A66
330
93C
100
AcDbEntity
  8
0
100
AcDbCircle
 10
3.150000000000147
 20
0.3499999999999943
 30
0.0
 40
0.1100000000000136
  0
CIRCLE
  5
A67
330
93C
100
AcDbEntity
  8
0
100
AcDbCircle
 10
3.15000000000009
 20
1.049999999999797
 30
0.0
 40
0.1099999999999568
  0
CIRCLE
  5
A68
330
93C
100
AcDbEntity
  8
0
100
AcDbCircle
 10
3.15000000000009
 20
1.749999999999899
 30
0.0
 40
0.1100000000000136
  0
CIRCLE
  5
A69
330
93C
100
AcDbEntity
  8
0
100
AcDbCircle
 10
3.15000000000009
 20
2.099999999999992
 30
0.0
 40
0.1100000000000136
  0
CIRCLE
  5
A6A
330
93C
100
AcDbEntity
  8
0
100
AcDbCircle
 10
3.15000000000009
 20
2.449999999999874
 30
0.0
 40
0.1100000000000136
  0
CIRCLE
  5
A6B
330
93C
100
AcDbEntity
  8
0
100
AcDbCircle
 10
3.15000000000009
 20
2.799999999999783
 30
0.0
 40
0.1100000000000136
  0
CIRCLE
  5
A6C
330
93C
100
AcDbEntity
  8
0
100
AcDbCircle
 10
3.15000000000009
 20
3.150000000000017
 30
0.0
 40
0.1100000000000136
  0
CIRCLE
  5
A6D
330
93C
100
AcDbEntity
  8
0
100
AcDbCircle
 10
3.15000000000009
 20
3.4999999999999
 30
0.0
 40
0.1100000000000136
  0
CIRCLE
  5
A6E
330
93C
100
AcDbEntity
  8
0
100
AcDbCircle
 10
3.15000000000009
 20
3.849999999999993
 30
0.0
 40
0.1100000000000136
  0
CIRCLE
  5
A6F
330
93C
100
AcDbEntity
  8
0
100
AcDbCircle
 10
3.15000000000009
 20
4.549999999999911
 30
0.0
 40
0.1100000000000136
  0
CIRCLE
  5
A70
330
93C
100
AcDbEntity
  8
0
100
AcDbCircle
 10
3.15000000000009
 20
4.899999999999991
 30
0.0
 40
0.1100000000000136
  0
CIRCLE
  5
A71
330
93C
100
AcDbEntity
  8
0
100
AcDbCircle
 10
3.15000000000009
 20
5.2499999999999
 30
0.0
 40
0.1100000000000136
  0
CIRCLE
  5
A72
330
93C
100
AcDbEntity
  8
0
100
AcDbCircle
 10
3.15000000000009
 20
5.599999999999994
 30
0.0
 40
0.1100000000000136
  0
CIRCLE
  5
A73
330
93C
100
AcDbEntity
  8
0
100
AcDbCircle
 10
3.15000000000009
 20
5.949999999999874
 30
0.0
 40
0.1100000000000136
  0
CIRCLE
  5
A74
330
93C
100
AcDbEntity
  8
0
100
AcDbCircle
 10
3.5
 20
-0.7000000000000881
 30
0.0
 40
0.1100000000000136
  0
CIRCLE
  5
A75
330
93C
100
AcDbEntity
  8
0
100
AcDbCircle
 10
3.5
 20
-1.050000000000125
 30
0.0
 40
0.1100000000000136
  0
CIRCLE
  5
A76
330
93C
100
AcDbEntity
  8
0
100
AcDbCircle
 10
3.5
 20
-1.400000000000004
 30
0.0
 40
0.1100000000000136
  0
CIRCLE
  5
A77
330
93C
100
AcDbEntity
  8
0
100
AcDbCircle
 10
3.5
 20
-2.099999999999992
 30
0.0
 40
0.1100000000000136
  0
CIRCLE
  5
A78
330
93C
100
AcDbEntity
  8
0
100
AcDbCircle
 10
3.5
 20
-2.800000000000109
 30
0.0
 40
0.1100000000000136
  0
CIRCLE
  5
A79
330
93C
100
AcDbEntity
  8
0
100
AcDbCircle
 10
3.5
 20
-3.500000000000113
 30
0.0
 40
0.1100000000000136
  0
CIRCLE
  5
A7A
330
93C
100
AcDbEntity
  8
0
100
AcDbCircle
 10
3.5
 20
-4.200000000000201
 30
0.0
 40
0.1100000000000136
  0
CIRCLE
  5
A7B
330
93C
100
AcDbEntity
  8
0
100
AcDbCircle
 10
3.5
 20
-4.550000000000108
 30
0.0
 40
0.1100000000000136
  0
CIRCLE
  5
A7C
330
93C
100
AcDbEntity
  8
0
100
AcDbCircle
 10
3.15000000000009
 20
6.299999999999782
 30
0.0
 40
0.1100000000000136
  0
CIRCLE
  5
A7D
330
93C
100
AcDbEntity
  8
0
100
AcDbCircle
 10
3.15000000000009
 20
6.649999999999991
 30
0.0
 40
0.1100000000000705
  0
CIRCLE
  5
A7E
330
93C
100
AcDbEntity
  8
0
100
AcDbCircle
 10
3.500000000000055
 20
-6.649999999999991
 30
0.0
 40
0.1100000000000136
  0
CIRCLE
  5
A7F
330
93C
100
AcDbEntity
  8
0
100
AcDbCircle
 10
3.500000000000055
 20
-6.30000000000011
 30
0.0
 40
0.1100000000000136
  0
CIRCLE
  5
A80
330
93C
100
AcDbEntity
  8
0
100
AcDbCircle
 10
3.500000000000055
 20
-5.950000000000088
 30
0.0
 40
0.1100000000000136
  0
CIRCLE
  5
A81
330
93C
100
AcDbEntity
  8
0
100
AcDbCircle
 10
3.500000000000055
 20
-5.599999999999994
 30
0.0
 40
0.1100000000000136
  0
CIRCLE
  5
A82
330
93C
100
AcDbEntity
  8
0
100
AcDbCircle
 10
3.500000000000055
 20
-5.250000000000113
 30
0.0
 40
0.1100000000000136
  0
CIRCLE
  5
A83
330
93C
100
AcDbEntity
  8
0
100
AcDbCircle
 10
3.500000000000055
 20
-4.900000000000003
 30
0.0
 40
0.1100000000000136
  0
CIRCLE
  5
A84
330
93C
100
AcDbEntity
  8
0
100
AcDbCircle
 10
4.550000000000238
 20
0.3500000000000085
 30
0.0
 40
0.1100000000000136
  0
CIRCLE
  5
A85
330
93C
100
AcDbEntity
  8
0
100
AcDbCircle
 10
4.550000000000238
 20
-0.3499999999999659
 30
0.0
 40
0.1099999999999568
  0
CIRCLE
  5
A86
330
93C
100
AcDbEntity
  8
0
100
AcDbCircle
 10
4.550000000000238
 20
-1.050000000000109
 30
0.0
 40
0.1099999999999568
  0
CIRCLE
  5
A87
330
93C
100
AcDbEntity
  8
0
100
AcDbCircle
 10
4.550000000000238
 20
-1.750000000000099
 30
0.0
 40
0.1099999999999568
  0
CIRCLE
  5
A88
330
93C
100
AcDbEntity
  8
0
100
AcDbCircle
 10
4.550000000000238
 20
-2.450000000000187
 30
0.0
 40
0.1099999999999568
  0
CIRCLE
  5
A89
330
93C
100
AcDbEntity
  8
0
100
AcDbCircle
 10
4.550000000000238
 20
-3.149999999999991
 30
0.0
 40
0.1099999999999568
  0
CIRCLE
  5
A8A
330
93C
100
AcDbEntity
  8
0
100
AcDbCircle
 10
4.550000000000238
 20
-3.849999999999976
 30
0.0
 40
0.1099999999999568
  0
CIRCLE
  5
A8B
330
93C
100
AcDbEntity
  8
0
100
AcDbCircle
 10
4.550000000000238
 20
-4.550000000000096
 30
0.0
 40
0.1099999999998999
  0
CIRCLE
  5
A8C
330
93C
100
AcDbEntity
  8
0
100
AcDbCircle
 10
4.199999999999761
 20
6.299999999999782
 30
0.0
 40
0.1100000000000705
  0
CIRCLE
  5
A8D
330
93C
100
AcDbEntity
  8
0
100
AcDbCircle
 10
4.199999999999761
 20
6.649999999999991
 30
0.0
 40
0.1100000000000705
  0
CIRCLE
  5
A8E
330
93C
100
AcDbEntity
  8
0
100
AcDbCircle
 10
4.550000000000292
 20
-6.649999999999977
 30
0.0
 40
0.1099999999999568
  0
CIRCLE
  5
A8F
330
93C
100
AcDbEntity
  8
0
100
AcDbCircle
 10
4.550000000000292
 20
-6.300000000000096
 30
0.0
 40
0.1099999999999568
  0
CIRCLE
  5
A90
330
93C
100
AcDbEntity
  8
0
100
AcDbCircle
 10
4.550000000000292
 20
-5.950000000000073
 30
0.0
 40
0.1099999999999568
  0
CIRCLE
  5
A91
330
93C
100
AcDbEntity
  8
0
100
AcDbCircle
 10
4.550000000000292
 20
-5.59999999999998
 30
0.0
 40
0.1099999999999568
  0
CIRCLE
  5
A92
330
93C
100
AcDbEntity
  8
0
100
AcDbCircle
 10
4.550000000000292
 20
-5.250000000000096
 30
0.0
 40
0.1099999999999568
  0
CIRCLE
  5
A93
330
93C
100
AcDbEntity
  8
0
100
AcDbCircle
 10
4.550000000000292
 20
-4.899999999999991
 30
0.0
 40
0.1099999999999568
  0
CIRCLE
  5
A94
330
93C
100
AcDbEntity
  8
0
100
AcDbCircle
 10
4.550000000000181
 20
4.549999999999925
 30
0.0
 40
0.1099999999999568
  0
CIRCLE
  5
A95
330
93C
100
AcDbEntity
  8
0
100
AcDbCircle
 10
4.550000000000181
 20
4.900000000000003
 30
0.0
 40
0.1099999999999568
  0
CIRCLE
  5
A96
330
93C
100
AcDbEntity
  8
0
100
AcDbCircle
 10
4.550000000000181
 20
5.249999999999912
 30
0.0
 40
0.1099999999999568
  0
CIRCLE
  5
A97
330
93C
100
AcDbEntity
  8
0
100
AcDbCircle
 10
4.550000000000181
 20
5.600000000000008
 30
0.0
 40
0.1099999999999568
  0
CIRCLE
  5
A98
330
93C
100
AcDbEntity
  8
0
100
AcDbCircle
 10
4.550000000000181
 20
5.949999999999889
 30
0.0
 40
0.1099999999999568
  0
CIRCLE
  5
A99
330
93C
100
AcDbEntity
  8
0
100
AcDbCircle
 10
4.550000000000181
 20
6.650000000000002
 30
0.0
 40
0.1099999999999568
  0
CIRCLE
  5
A9A
330
93C
100
AcDbEntity
  8
0
100
AcDbCircle
 10
4.900000000000201
 20
-6.649999999999977
 30
0.0
 40
0.1099999999999568
  0
CIRCLE
  5
A9B
330
93C
100
AcDbEntity
  8
0
100
AcDbCircle
 10
4.900000000000201
 20
-6.300000000000096
 30
0.0
 40
0.1099999999999568
  0
CIRCLE
  5
A9C
330
93C
100
AcDbEntity
  8
0
100
AcDbCircle
 10
4.550000000000181
 20
3.850000000000008
 30
0.0
 40
0.1099999999999568
  0
CIRCLE
  5
A9D
330
93C
100
AcDbEntity
  8
0
100
AcDbCircle
 10
4.550000000000181
 20
3.499999999999912
 30
0.0
 40
0.1099999999999568
  0
CIRCLE
  5
A9E
330
93C
100
AcDbEntity
  8
0
100
AcDbCircle
 10
4.550000000000181
 20
3.150000000000034
 30
0.0
 40
0.1099999999999568
  0
CIRCLE
  5
A9F
330
93C
100
AcDbEntity
  8
0
100
AcDbCircle
 10
4.550000000000181
 20
2.799999999999798
 30
0.0
 40
0.1099999999999568
  0
CIRCLE
  5
AA0
330
93C
100
AcDbEntity
  8
0
100
AcDbCircle
 10
4.550000000000181
 20
2.449999999999889
 30
0.0
 40
0.1099999999999568
  0
CIRCLE
  5
AA1
330
93C
100
AcDbEntity
  8
0
100
AcDbCircle
 10
4.550000000000181
 20
1.749999999999914
 30
0.0
 40
0.1099999999999568
  0
CIRCLE
  5
AA2
330
93C
100
AcDbEntity
  8
0
100
AcDbCircle
 10
4.550000000000238
 20
1.049999999999809
 30
0.0
 40
0.1100000000000136
  0
CIRCLE
  5
AA3
330
93C
100
AcDbEntity
  8
0
100
AcDbCircle
 10
4.550000000000238
 20
0.6999999999998892
 30
0.0
 40
0.1100000000000136
  0
CIRCLE
  5
AA4
330
93C
100
AcDbEntity
  8
0
100
AcDbCircle
 10
3.849999999999852
 20
4.199999999999874
 30
0.0
 40
0.1100000000000136
  0
CIRCLE
  5
AA5
330
93C
100
AcDbEntity
  8
0
100
AcDbCircle
 10
3.849999999999852
 20
4.549999999999911
 30
0.0
 40
0.1100000000000136
  0
CIRCLE
  5
AA6
330
93C
100
AcDbEntity
  8
0
100
AcDbCircle
 10
3.849999999999852
 20
4.899999999999991
 30
0.0
 40
0.1100000000000136
  0
CIRCLE
  5
AA7
330
93C
100
AcDbEntity
  8
0
100
AcDbCircle
 10
3.849999999999852
 20
5.2499999999999
 30
0.0
 40
0.1100000000000136
  0
CIRCLE
  5
AA8
330
93C
100
AcDbEntity
  8
0
100
AcDbCircle
 10
3.849999999999852
 20
5.599999999999994
 30
0.0
 40
0.1100000000000136
  0
CIRCLE
  5
AA9
330
93C
100
AcDbEntity
  8
0
100
AcDbCircle
 10
3.849999999999852
 20
5.949999999999874
 30
0.0
 40
0.1100000000000136
  0
CIRCLE
  5
AAA
330
93C
100
AcDbEntity
  8
0
100
AcDbCircle
 10
3.849999999999795
 20
6.299999999999782
 30
0.0
 40
0.1099999999999568
  0
CIRCLE
  5
AAB
330
93C
100
AcDbEntity
  8
0
100
AcDbCircle
 10
3.849999999999795
 20
6.649999999999991
 30
0.0
 40
0.1099999999999568
  0
CIRCLE
  5
AAC
330
93C
100
AcDbEntity
  8
0
100
AcDbCircle
 10
4.199999999999874
 20
-6.649999999999991
 30
0.0
 40
0.1100000000000136
  0
CIRCLE
  5
AAD
330
93C
100
AcDbEntity
  8
0
100
AcDbCircle
 10
4.199999999999874
 20
-6.30000000000011
 30
0.0
 40
0.1100000000000136
  0
CIRCLE
  5
AAE
330
93C
100
AcDbEntity
  8
0
100
AcDbCircle
 10
4.199999999999874
 20
-5.950000000000088
 30
0.0
 40
0.1100000000000136
  0
CIRCLE
  5
AAF
330
93C
100
AcDbEntity
  8
0
100
AcDbCircle
 10
4.199999999999874
 20
-5.599999999999994
 30
0.0
 40
0.1100000000000136
  0
CIRCLE
  5
AB0
330
93C
100
AcDbEntity
  8
0
100
AcDbCircle
 10
4.199999999999874
 20
-5.250000000000113
 30
0.0
 40
0.1100000000000136
  0
CIRCLE
  5
AB1
330
93C
100
AcDbEntity
  8
0
100
AcDbCircle
 10
4.199999999999874
 20
-4.900000000000003
 30
0.0
 40
0.1100000000000136
  0
CIRCLE
  5
AB2
330
93C
100
AcDbEntity
  8
0
100
AcDbCircle
 10
4.199999999999874
 20
-4.550000000000108
 30
0.0
 40
0.1100000000000705
  0
CIRCLE
  5
AB3
330
93C
100
AcDbEntity
  8
0
100
AcDbCircle
 10
4.199999999999818
 20
-4.200000000000201
 30
0.0
 40
0.1100000000000136
  0
CIRCLE
  5
AB4
330
93C
100
AcDbEntity
  8
0
100
AcDbCircle
 10
4.199999999999818
 20
-3.500000000000113
 30
0.0
 40
0.1100000000000136
  0
CIRCLE
  5
AB5
330
93C
100
AcDbEntity
  8
0
100
AcDbCircle
 10
4.199999999999818
 20
-2.800000000000109
 30
0.0
 40
0.1100000000000136
  0
CIRCLE
  5
AB6
330
93C
100
AcDbEntity
  8
0
100
AcDbCircle
 10
4.199999999999818
 20
-2.099999999999992
 30
0.0
 40
0.1100000000000136
  0
CIRCLE
  5
AB7
330
93C
100
AcDbEntity
  8
0
100
AcDbCircle
 10
4.199999999999818
 20
-0.7000000000000881
 30
0.0
 40
0.1100000000000136
  0
CIRCLE
  5
AB8
330
93C
100
AcDbEntity
  8
0
100
AcDbCircle
 10
4.199999999999818
 20
-0.0000000000001137
 30
0.0
 40
0.1100000000000136
  0
CIRCLE
  5
AB9
330
93C
100
AcDbEntity
  8
0
100
AcDbCircle
 10
4.199999999999761
 20
0.699999999999875
 30
0.0
 40
0.1099999999999568
  0
CIRCLE
  5
ABA
330
93C
100
AcDbEntity
  8
0
100
AcDbCircle
 10
4.199999999999761
 20
1.400000000000019
 30
0.0
 40
0.1100000000000136
  0
CIRCLE
  5
ABB
330
93C
100
AcDbEntity
  8
0
100
AcDbCircle
 10
4.199999999999761
 20
2.099999999999992
 30
0.0
 40
0.1100000000000136
  0
CIRCLE
  5
ABC
330
93C
100
AcDbEntity
  8
0
100
AcDbCircle
 10
4.199999999999761
 20
2.449999999999874
 30
0.0
 40
0.1100000000000136
  0
CIRCLE
  5
ABD
330
93C
100
AcDbEntity
  8
0
100
AcDbCircle
 10
4.199999999999761
 20
3.849999999999993
 30
0.0
 40
0.1100000000000136
  0
CIRCLE
  5
ABE
330
93C
100
AcDbEntity
  8
0
100
AcDbCircle
 10
4.199999999999761
 20
4.199999999999874
 30
0.0
 40
0.1100000000000136
  0
CIRCLE
  5
ABF
330
93C
100
AcDbEntity
  8
0
100
AcDbCircle
 10
4.199999999999761
 20
4.549999999999911
 30
0.0
 40
0.1100000000000136
  0
CIRCLE
  5
AC0
330
93C
100
AcDbEntity
  8
0
100
AcDbCircle
 10
4.199999999999761
 20
4.899999999999991
 30
0.0
 40
0.1100000000000136
  0
CIRCLE
  5
AC1
330
93C
100
AcDbEntity
  8
0
100
AcDbCircle
 10
4.199999999999761
 20
5.2499999999999
 30
0.0
 40
0.1100000000000136
  0
CIRCLE
  5
AC2
330
93C
100
AcDbEntity
  8
0
100
AcDbCircle
 10
4.199999999999761
 20
5.599999999999994
 30
0.0
 40
0.1100000000000136
  0
CIRCLE
  5
AC3
330
93C
100
AcDbEntity
  8
0
100
AcDbCircle
 10
4.199999999999761
 20
5.949999999999874
 30
0.0
 40
0.1100000000000136
  0
CIRCLE
  5
AC4
330
93C
100
AcDbEntity
  8
0
100
AcDbCircle
 10
2.099999999999909
 20
-3.500000000000141
 30
0.0
 40
0.1099999999999568
  0
CIRCLE
  5
AC5
330
93C
100
AcDbEntity
  8
0
100
AcDbCircle
 10
2.099999999999909
 20
-3.150000000000034
 30
0.0
 40
0.1099999999999568
  0
CIRCLE
  5
AC6
330
93C
100
AcDbEntity
  8
0
100
AcDbCircle
 10
2.099999999999909
 20
-2.800000000000138
 30
0.0
 40
0.1099999999999568
  0
CIRCLE
  5
AC7
330
93C
100
AcDbEntity
  8
0
100
AcDbCircle
 10
2.099999999999909
 20
-1.400000000000034
 30
0.0
 40
0.1099999999999568
  0
CIRCLE
  5
AC8
330
93C
100
AcDbEntity
  8
0
100
AcDbCircle
 10
2.099999999999909
 20
-0.7000000000001167
 30
0.0
 40
0.1099999999999568
  0
CIRCLE
  5
AC9
330
93C
100
AcDbEntity
  8
0
100
AcDbCircle
 10
2.099999999999909
 20
-0.0000000000001421
 30
0.0
 40
0.1099999999999568
  0
CIRCLE
  5
ACA
330
93C
100
AcDbEntity
  8
0
100
AcDbCircle
 10
2.099999999999849
 20
0.6999999999998467
 30
0.0
 40
0.1099999999998999
  0
CIRCLE
  5
ACB
330
93C
100
AcDbEntity
  8
0
100
AcDbCircle
 10
2.099999999999849
 20
1.049999999999769
 30
0.0
 40
0.1099999999998999
  0
CIRCLE
  5
ACC
330
93C
100
AcDbEntity
  8
0
100
AcDbCircle
 10
2.099999999999849
 20
1.399999999999991
 30
0.0
 40
0.1099999999999568
  0
CIRCLE
  5
ACD
330
93C
100
AcDbEntity
  8
0
100
AcDbCircle
 10
2.099999999999849
 20
1.749999999999871
 30
0.0
 40
0.1099999999999568
  0
CIRCLE
  5
ACE
330
93C
100
AcDbEntity
  8
0
100
AcDbCircle
 10
2.099999999999849
 20
2.099999999999965
 30
0.0
 40
0.1099999999999568
  0
CIRCLE
  5
ACF
330
93C
100
AcDbEntity
  8
0
100
AcDbCircle
 10
2.099999999999849
 20
2.449999999999845
 30
0.0
 40
0.1099999999999568
  0
CIRCLE
  5
AD0
330
93C
100
AcDbEntity
  8
0
100
AcDbCircle
 10
2.099999999999849
 20
2.799999999999755
 30
0.0
 40
0.1099999999999568
  0
CIRCLE
  5
AD1
330
93C
100
AcDbEntity
  8
0
100
AcDbCircle
 10
2.099999999999849
 20
3.149999999999991
 30
0.0
 40
0.1099999999999568
  0
CIRCLE
  5
AD2
330
93C
100
AcDbEntity
  8
0
100
AcDbCircle
 10
2.099999999999849
 20
3.499999999999871
 30
0.0
 40
0.1099999999999568
  0
CIRCLE
  5
AD3
330
93C
100
AcDbEntity
  8
0
100
AcDbCircle
 10
2.099999999999849
 20
3.849999999999965
 30
0.0
 40
0.1099999999999568
  0
CIRCLE
  5
AD4
330
93C
100
AcDbEntity
  8
0
100
AcDbCircle
 10
2.449999999999818
 20
-2.800000000000125
 30
0.0
 40
0.1100000000000136
  0
CIRCLE
  5
AD5
330
93C
100
AcDbEntity
  8
0
100
AcDbCircle
 10
2.449999999999818
 20
-3.150000000000017
 30
0.0
 40
0.1100000000000136
  0
CIRCLE
  5
AD6
330
93C
100
AcDbEntity
  8
0
100
AcDbCircle
 10
2.449999999999818
 20
-3.500000000000127
 30
0.0
 40
0.1100000000000136
  0
CIRCLE
  5
AD7
330
93C
100
AcDbEntity
  8
0
100
AcDbCircle
 10
2.449999999999874
 20
-4.900000000000018
 30
0.0
 40
0.1100000000000136
  0
CIRCLE
  5
AD8
330
93C
100
AcDbEntity
  8
0
100
AcDbCircle
 10
2.449999999999874
 20
-5.250000000000127
 30
0.0
 40
0.1100000000000136
  0
CIRCLE
  5
AD9
330
93C
100
AcDbEntity
  8
0
100
AcDbCircle
 10
2.449999999999874
 20
-5.600000000000008
 30
0.0
 40
0.1100000000000136
  0
CIRCLE
  5
ADA
330
93C
100
AcDbEntity
  8
0
100
AcDbCircle
 10
2.449999999999874
 20
-5.950000000000102
 30
0.0
 40
0.1100000000000136
  0
CIRCLE
  5
ADB
330
93C
100
AcDbEntity
  8
0
100
AcDbCircle
 10
2.449999999999874
 20
-6.300000000000125
 30
0.0
 40
0.1100000000000136
  0
CIRCLE
  5
ADC
330
93C
100
AcDbEntity
  8
0
100
AcDbCircle
 10
2.099999999999849
 20
4.199999999999846
 30
0.0
 40
0.1099999999999568
  0
CIRCLE
  5
ADD
330
93C
100
AcDbEntity
  8
0
100
AcDbCircle
 10
2.099999999999849
 20
4.899999999999963
 30
0.0
 40
0.1099999999999568
  0
CIRCLE
  5
ADE
330
93C
100
AcDbEntity
  8
0
100
AcDbCircle
 10
2.099999999999849
 20
5.249999999999872
 30
0.0
 40
0.1099999999999568
  0
CIRCLE
  5
ADF
330
93C
100
AcDbEntity
  8
0
100
AcDbCircle
 10
2.099999999999849
 20
5.599999999999965
 30
0.0
 40
0.1099999999999568
  0
CIRCLE
  5
AE0
330
93C
100
AcDbEntity
  8
0
100
AcDbCircle
 10
2.449999999999874
 20
-6.650000000000002
 30
0.0
 40
0.1100000000000136
  0
CIRCLE
  5
AE1
330
93C
100
AcDbEntity
  8
0
100
AcDbCircle
 10
2.099999999999849
 20
6.649999999999963
 30
0.0
 40
0.1100000000000136
  0
CIRCLE
  5
AE2
330
93C
100
AcDbEntity
  8
0
100
AcDbCircle
 10
2.099999999999849
 20
6.299999999999754
 30
0.0
 40
0.1100000000000136
  0
CIRCLE
  5
AE3
330
93C
100
AcDbEntity
  8
0
100
AcDbCircle
 10
2.099999999999849
 20
5.949999999999846
 30
0.0
 40
0.1099999999999568
  0
CIRCLE
  5
AE4
330
93C
100
AcDbEntity
  8
0
100
AcDbCircle
 10
1.749999999999943
 20
-6.300000000000138
 30
0.0
 40
0.1099999999999568
  0
CIRCLE
  5
AE5
330
93C
100
AcDbEntity
  8
0
100
AcDbCircle
 10
1.749999999999943
 20
-5.950000000000115
 30
0.0
 40
0.1099999999999568
  0
CIRCLE
  5
AE6
330
93C
100
AcDbEntity
  8
0
100
AcDbCircle
 10
1.749999999999943
 20
-5.600000000000021
 30
0.0
 40
0.1099999999999568
  0
CIRCLE
  5
AE7
330
93C
100
AcDbEntity
  8
0
100
AcDbCircle
 10
1.749999999999943
 20
-5.250000000000142
 30
0.0
 40
0.1099999999999568
  0
CIRCLE
  5
AE8
330
93C
100
AcDbEntity
  8
0
100
AcDbCircle
 10
1.749999999999943
 20
-4.900000000000034
 30
0.0
 40
0.1099999999999568
  0
CIRCLE
  5
AE9
330
93C
100
AcDbEntity
  8
0
100
AcDbCircle
 10
1.749999999999884
 20
-3.500000000000141
 30
0.0
 40
0.1099999999999568
  0
CIRCLE
  5
AEA
330
93C
100
AcDbEntity
  8
0
100
AcDbCircle
 10
1.749999999999884
 20
-3.150000000000034
 30
0.0
 40
0.1099999999999568
  0
CIRCLE
  5
AEB
330
93C
100
AcDbEntity
  8
0
100
AcDbCircle
 10
1.749999999999884
 20
-2.800000000000138
 30
0.0
 40
0.1099999999999568
  0
CIRCLE
  5
AEC
330
93C
100
AcDbEntity
  8
0
100
AcDbCircle
 10
1.749999999999884
 20
-1.400000000000034
 30
0.0
 40
0.1099999999999568
  0
CIRCLE
  5
AED
330
93C
100
AcDbEntity
  8
0
100
AcDbCircle
 10
1.749999999999884
 20
-1.050000000000151
 30
0.0
 40
0.1099999999999568
  0
CIRCLE
  5
AEE
330
93C
100
AcDbEntity
  8
0
100
AcDbCircle
 10
1.749999999999884
 20
-0.3500000000000085
 30
0.0
 40
0.1099999999999568
  0
CIRCLE
  5
AEF
330
93C
100
AcDbEntity
  8
0
100
AcDbCircle
 10
1.749999999999884
 20
0.3499999999999659
 30
0.0
 40
0.1100000000000136
  0
CIRCLE
  5
AF0
330
93C
100
AcDbEntity
  8
0
100
AcDbCircle
 10
1.749999999999884
 20
1.049999999999769
 30
0.0
 40
0.1100000000000136
  0
CIRCLE
  5
AF1
330
93C
100
AcDbEntity
  8
0
100
AcDbCircle
 10
1.749999999999829
 20
1.749999999999871
 30
0.0
 40
0.1099999999999568
  0
CIRCLE
  5
AF2
330
93C
100
AcDbEntity
  8
0
100
AcDbCircle
 10
1.749999999999829
 20
2.099999999999965
 30
0.0
 40
0.1099999999999568
  0
CIRCLE
  5
AF3
330
93C
100
AcDbEntity
  8
0
100
AcDbCircle
 10
1.749999999999829
 20
2.449999999999845
 30
0.0
 40
0.1099999999999568
  0
CIRCLE
  5
AF4
330
93C
100
AcDbEntity
  8
0
100
AcDbCircle
 10
1.749999999999771
 20
6.299999999999754
 30
0.0
 40
0.1099999999998999
  0
CIRCLE
  5
AF5
330
93C
100
AcDbEntity
  8
0
100
AcDbCircle
 10
1.749999999999771
 20
6.649999999999963
 30
0.0
 40
0.1099999999998999
  0
CIRCLE
  5
AF6
330
93C
100
AcDbEntity
  8
0
100
AcDbCircle
 10
2.099999999999965
 20
-6.650000000000019
 30
0.0
 40
0.1100000000000136
  0
CIRCLE
  5
AF7
330
93C
100
AcDbEntity
  8
0
100
AcDbCircle
 10
2.099999999999965
 20
-6.300000000000138
 30
0.0
 40
0.1100000000000136
  0
CIRCLE
  5
AF8
330
93C
100
AcDbEntity
  8
0
100
AcDbCircle
 10
2.099999999999965
 20
-5.950000000000115
 30
0.0
 40
0.1100000000000136
  0
CIRCLE
  5
AF9
330
93C
100
AcDbEntity
  8
0
100
AcDbCircle
 10
2.099999999999965
 20
-5.600000000000021
 30
0.0
 40
0.1100000000000136
  0
CIRCLE
  5
AFA
330
93C
100
AcDbEntity
  8
0
100
AcDbCircle
 10
2.099999999999965
 20
-5.250000000000142
 30
0.0
 40
0.1100000000000136
  0
CIRCLE
  5
AFB
330
93C
100
AcDbEntity
  8
0
100
AcDbCircle
 10
2.099999999999965
 20
-4.900000000000034
 30
0.0
 40
0.1100000000000136
  0
CIRCLE
  5
AFC
330
93C
100
AcDbEntity
  8
0
100
AcDbCircle
 10
1.749999999999829
 20
5.949999999999846
 30
0.0
 40
0.1099999999999568
  0
CIRCLE
  5
AFD
330
93C
100
AcDbEntity
  8
0
100
AcDbCircle
 10
1.749999999999829
 20
5.599999999999965
 30
0.0
 40
0.1099999999999568
  0
CIRCLE
  5
AFE
330
93C
100
AcDbEntity
  8
0
100
AcDbCircle
 10
1.749999999999829
 20
5.249999999999872
 30
0.0
 40
0.1099999999999568
  0
CIRCLE
  5
AFF
330
93C
100
AcDbEntity
  8
0
100
AcDbCircle
 10
1.749999999999829
 20
4.549999999999893
 30
0.0
 40
0.1099999999999568
  0
CIRCLE
  5
B00
330
93C
100
AcDbEntity
  8
0
100
AcDbCircle
 10
1.749999999999829
 20
3.849999999999965
 30
0.0
 40
0.1099999999999568
  0
CIRCLE
  5
B01
330
93C
100
AcDbEntity
  8
0
100
AcDbCircle
 10
1.749999999999829
 20
3.499999999999871
 30
0.0
 40
0.1099999999999568
  0
CIRCLE
  5
B02
330
93C
100
AcDbEntity
  8
0
100
AcDbCircle
 10
1.749999999999829
 20
3.149999999999991
 30
0.0
 40
0.1099999999999568
  0
CIRCLE
  5
B03
330
93C
100
AcDbEntity
  8
0
100
AcDbCircle
 10
1.749999999999829
 20
2.799999999999755
 30
0.0
 40
0.1099999999999568
  0
CIRCLE
  5
B04
330
93C
100
AcDbEntity
  8
0
100
AcDbCircle
 10
2.800000000000238
 20
-2.099999999999992
 30
0.0
 40
0.1100000000000136
  0
CIRCLE
  5
B05
330
93C
100
AcDbEntity
  8
0
100
AcDbCircle
 10
2.800000000000238
 20
-1.750000000000109
 30
0.0
 40
0.1100000000000136
  0
CIRCLE
  5
B06
330
93C
100
AcDbEntity
  8
0
100
AcDbCircle
 10
2.800000000000238
 20
-1.400000000000004
 30
0.0
 40
0.1100000000000136
  0
CIRCLE
  5
B07
330
93C
100
AcDbEntity
  8
0
100
AcDbCircle
 10
2.800000000000238
 20
-0.7000000000000881
 30
0.0
 40
0.1100000000000136
  0
CIRCLE
  5
B08
330
93C
100
AcDbEntity
  8
0
100
AcDbCircle
 10
2.800000000000238
 20
-0.0000000000001137
 30
0.0
 40
0.1100000000000136
  0
CIRCLE
  5
B09
330
93C
100
AcDbEntity
  8
0
100
AcDbCircle
 10
2.800000000000238
 20
0.699999999999875
 30
0.0
 40
0.1100000000000705
  0
CIRCLE
  5
B0A
330
93C
100
AcDbEntity
  8
0
100
AcDbCircle
 10
2.800000000000181
 20
1.400000000000019
 30
0.0
 40
0.1100000000000136
  0
CIRCLE
  5
B0B
330
93C
100
AcDbEntity
  8
0
100
AcDbCircle
 10
2.800000000000181
 20
1.749999999999899
 30
0.0
 40
0.1100000000000136
  0
CIRCLE
  5
B0C
330
93C
100
AcDbEntity
  8
0
100
AcDbCircle
 10
2.800000000000181
 20
2.099999999999992
 30
0.0
 40
0.1100000000000136
  0
CIRCLE
  5
B0D
330
93C
100
AcDbEntity
  8
0
100
AcDbCircle
 10
2.800000000000181
 20
2.449999999999874
 30
0.0
 40
0.1100000000000136
  0
CIRCLE
  5
B0E
330
93C
100
AcDbEntity
  8
0
100
AcDbCircle
 10
2.800000000000181
 20
2.799999999999783
 30
0.0
 40
0.1100000000000136
  0
CIRCLE
  5
B0F
330
93C
100
AcDbEntity
  8
0
100
AcDbCircle
 10
2.800000000000181
 20
3.4999999999999
 30
0.0
 40
0.1100000000000136
  0
CIRCLE
  5
B10
330
93C
100
AcDbEntity
  8
0
100
AcDbCircle
 10
2.800000000000181
 20
3.849999999999993
 30
0.0
 40
0.1100000000000136
  0
CIRCLE
  5
B11
330
93C
100
AcDbEntity
  8
0
100
AcDbCircle
 10
2.800000000000181
 20
4.199999999999874
 30
0.0
 40
0.1100000000000136
  0
CIRCLE
  5
B12
330
93C
100
AcDbEntity
  8
0
100
AcDbCircle
 10
2.800000000000181
 20
4.549999999999911
 30
0.0
 40
0.1100000000000136
  0
CIRCLE
  5
B13
330
93C
100
AcDbEntity
  8
0
100
AcDbCircle
 10
2.800000000000181
 20
4.899999999999991
 30
0.0
 40
0.1100000000000136
  0
CIRCLE
  5
B14
330
93C
100
AcDbEntity
  8
0
100
AcDbCircle
 10
3.150000000000147
 20
-1.750000000000109
 30
0.0
 40
0.1100000000000136
  0
CIRCLE
  5
B15
330
93C
100
AcDbEntity
  8
0
100
AcDbCircle
 10
3.150000000000147
 20
-2.450000000000201
 30
0.0
 40
0.1100000000000136
  0
CIRCLE
  5
B16
330
93C
100
AcDbEntity
  8
0
100
AcDbCircle
 10
3.150000000000147
 20
-3.150000000000004
 30
0.0
 40
0.1100000000000136
  0
CIRCLE
  5
B17
330
93C
100
AcDbEntity
  8
0
100
AcDbCircle
 10
3.150000000000147
 20
-3.849999999999993
 30
0.0
 40
0.1100000000000136
  0
CIRCLE
  5
B18
330
93C
100
AcDbEntity
  8
0
100
AcDbCircle
 10
3.150000000000147
 20
-4.550000000000108
 30
0.0
 40
0.1100000000000136
  0
CIRCLE
  5
B19
330
93C
100
AcDbEntity
  8
0
100
AcDbCircle
 10
3.150000000000203
 20
-4.900000000000003
 30
0.0
 40
0.1100000000000136
  0
CIRCLE
  5
B1A
330
93C
100
AcDbEntity
  8
0
100
AcDbCircle
 10
3.150000000000203
 20
-5.250000000000113
 30
0.0
 40
0.1100000000000136
  0
CIRCLE
  5
B1B
330
93C
100
AcDbEntity
  8
0
100
AcDbCircle
 10
3.150000000000203
 20
-5.599999999999994
 30
0.0
 40
0.1100000000000136
  0
CIRCLE
  5
B1C
330
93C
100
AcDbEntity
  8
0
100
AcDbCircle
 10
2.800000000000181
 20
5.2499999999999
 30
0.0
 40
0.1100000000000136
  0
CIRCLE
  5
B1D
330
93C
100
AcDbEntity
  8
0
100
AcDbCircle
 10
2.800000000000181
 20
5.599999999999994
 30
0.0
 40
0.1100000000000136
  0
CIRCLE
  5
B1E
330
93C
100
AcDbEntity
  8
0
100
AcDbCircle
 10
2.800000000000181
 20
5.949999999999874
 30
0.0
 40
0.1100000000000136
  0
CIRCLE
  5
B1F
330
93C
100
AcDbEntity
  8
0
100
AcDbCircle
 10
2.800000000000181
 20
6.299999999999782
 30
0.0
 40
0.1100000000000136
  0
CIRCLE
  5
B20
330
93C
100
AcDbEntity
  8
0
100
AcDbCircle
 10
3.150000000000203
 20
-5.950000000000088
 30
0.0
 40
0.1100000000000136
  0
CIRCLE
  5
B21
330
93C
100
AcDbEntity
  8
0
100
AcDbCircle
 10
3.150000000000203
 20
-6.30000000000011
 30
0.0
 40
0.1100000000000136
  0
CIRCLE
  5
B22
330
93C
100
AcDbEntity
  8
0
100
AcDbCircle
 10
3.150000000000203
 20
-6.649999999999991
 30
0.0
 40
0.1100000000000136
  0
CIRCLE
  5
B23
330
93C
100
AcDbEntity
  8
0
100
AcDbCircle
 10
2.800000000000125
 20
6.649999999999991
 30
0.0
 40
0.1099999999999568
  0
CIRCLE
  5
B24
330
93C
100
AcDbEntity
  8
0
100
AcDbCircle
 10
2.449999999999818
 20
-1.400000000000019
 30
0.0
 40
0.1100000000000136
  0
CIRCLE
  5
B25
330
93C
100
AcDbEntity
  8
0
100
AcDbCircle
 10
2.449999999999818
 20
-1.050000000000139
 30
0.0
 40
0.1100000000000136
  0
CIRCLE
  5
B26
330
93C
100
AcDbEntity
  8
0
100
AcDbCircle
 10
2.449999999999818
 20
-0.3499999999999943
 30
0.0
 40
0.1100000000000136
  0
CIRCLE
  5
B27
330
93C
100
AcDbEntity
  8
0
100
AcDbCircle
 10
2.449999999999818
 20
0.3499999999999801
 30
0.0
 40
0.1100000000000705
  0
CIRCLE
  5
B28
330
93C
100
AcDbEntity
  8
0
100
AcDbCircle
 10
2.449999999999818
 20
1.049999999999779
 30
0.0
 40
0.1100000000000705
  0
CIRCLE
  5
B29
330
93C
100
AcDbEntity
  8
0
100
AcDbCircle
 10
2.449999999999759
 20
1.749999999999884
 30
0.0
 40
0.1100000000000136
  0
CIRCLE
  5
B2A
330
93C
100
AcDbEntity
  8
0
100
AcDbCircle
 10
2.449999999999759
 20
2.09999999999998
 30
0.0
 40
0.1100000000000136
  0
CIRCLE
  5
B2B
330
93C
100
AcDbEntity
  8
0
100
AcDbCircle
 10
2.449999999999759
 20
2.449999999999855
 30
0.0
 40
0.1100000000000136
  0
CIRCLE
  5
B2C
330
93C
100
AcDbEntity
  8
0
100
AcDbCircle
 10
2.449999999999759
 20
2.799999999999769
 30
0.0
 40
0.1100000000000136
  0
CIRCLE
  5
B2D
330
93C
100
AcDbEntity
  8
0
100
AcDbCircle
 10
2.449999999999759
 20
3.150000000000004
 30
0.0
 40
0.1100000000000136
  0
CIRCLE
  5
B2E
330
93C
100
AcDbEntity
  8
0
100
AcDbCircle
 10
2.449999999999759
 20
3.499999999999886
 30
0.0
 40
0.1100000000000136
  0
CIRCLE
  5
B2F
330
93C
100
AcDbEntity
  8
0
100
AcDbCircle
 10
2.449999999999759
 20
3.849999999999976
 30
0.0
 40
0.1100000000000136
  0
CIRCLE
  5
B30
330
93C
100
AcDbEntity
  8
0
100
AcDbCircle
 10
2.449999999999759
 20
4.549999999999893
 30
0.0
 40
0.1100000000000136
  0
CIRCLE
  5
B31
330
93C
100
AcDbEntity
  8
0
100
AcDbCircle
 10
2.449999999999759
 20
4.899999999999976
 30
0.0
 40
0.1100000000000136
  0
CIRCLE
  5
B32
330
93C
100
AcDbEntity
  8
0
100
AcDbCircle
 10
2.449999999999759
 20
5.249999999999886
 30
0.0
 40
0.1100000000000136
  0
CIRCLE
  5
B33
330
93C
100
AcDbEntity
  8
0
100
AcDbCircle
 10
2.449999999999759
 20
5.59999999999998
 30
0.0
 40
0.1100000000000136
  0
CIRCLE
  5
B34
330
93C
100
AcDbEntity
  8
0
100
AcDbCircle
 10
2.800000000000238
 20
-2.450000000000201
 30
0.0
 40
0.1100000000000136
  0
CIRCLE
  5
B35
330
93C
100
AcDbEntity
  8
0
100
AcDbCircle
 10
2.800000000000238
 20
-2.800000000000109
 30
0.0
 40
0.1100000000000136
  0
CIRCLE
  5
B36
330
93C
100
AcDbEntity
  8
0
100
AcDbCircle
 10
2.800000000000238
 20
-3.150000000000004
 30
0.0
 40
0.1100000000000136
  0
CIRCLE
  5
B37
330
93C
100
AcDbEntity
  8
0
100
AcDbCircle
 10
2.800000000000238
 20
-3.500000000000113
 30
0.0
 40
0.1100000000000136
  0
CIRCLE
  5
B38
330
93C
100
AcDbEntity
  8
0
100
AcDbCircle
 10
2.800000000000238
 20
-3.849999999999993
 30
0.0
 40
0.1100000000000136
  0
CIRCLE
  5
B39
330
93C
100
AcDbEntity
  8
0
100
AcDbCircle
 10
2.800000000000238
 20
-4.200000000000201
 30
0.0
 40
0.1100000000000136
  0
CIRCLE
  5
B3A
330
93C
100
AcDbEntity
  8
0
100
AcDbCircle
 10
2.800000000000238
 20
-4.550000000000108
 30
0.0
 40
0.1100000000000136
  0
CIRCLE
  5
B3B
330
93C
100
AcDbEntity
  8
0
100
AcDbCircle
 10
2.800000000000295
 20
-4.900000000000003
 30
0.0
 40
0.1100000000000136
  0
CIRCLE
  5
B3C
330
93C
100
AcDbEntity
  8
0
100
AcDbCircle
 10
2.800000000000295
 20
-6.649999999999991
 30
0.0
 40
0.1100000000000136
  0
CIRCLE
  5
B3D
330
93C
100
AcDbEntity
  8
0
100
AcDbCircle
 10
2.449999999999703
 20
6.649999999999977
 30
0.0
 40
0.1099999999999568
  0
CIRCLE
  5
B3E
330
93C
100
AcDbEntity
  8
0
100
AcDbCircle
 10
2.449999999999703
 20
6.299999999999767
 30
0.0
 40
0.1099999999999568
  0
CIRCLE
  5
B3F
330
93C
100
AcDbEntity
  8
0
100
AcDbCircle
 10
2.449999999999759
 20
5.94999999999986
 30
0.0
 40
0.1100000000000136
  0
CIRCLE
  5
B40
330
93C
100
AcDbEntity
  8
0
100
AcDbCircle
 10
2.800000000000295
 20
-6.30000000000011
 30
0.0
 40
0.1100000000000136
  0
CIRCLE
  5
B41
330
93C
100
AcDbEntity
  8
0
100
AcDbCircle
 10
2.800000000000295
 20
-5.950000000000088
 30
0.0
 40
0.1100000000000136
  0
CIRCLE
  5
B42
330
93C
100
AcDbEntity
  8
0
100
AcDbCircle
 10
2.800000000000295
 20
-5.599999999999994
 30
0.0
 40
0.1100000000000136
  0
CIRCLE
  5
B43
330
93C
100
AcDbEntity
  8
0
100
AcDbCircle
 10
2.800000000000295
 20
-5.250000000000113
 30
0.0
 40
0.1100000000000136
  0
CIRCLE
  5
B44
330
93C
100
AcDbEntity
  8
0
100
AcDbCircle
 10
-5.599999999999965
 20
6.299999999999684
 30
0.0
 40
0.1099999999998999
  0
CIRCLE
  5
B45
330
93C
100
AcDbEntity
  8
0
100
AcDbCircle
 10
-5.599999999999909
 20
5.949999999999775
 30
0.0
 40
0.1099999999999568
  0
CIRCLE
  5
B46
330
93C
100
AcDbEntity
  8
0
100
AcDbCircle
 10
-5.599999999999909
 20
5.599999999999893
 30
0.0
 40
0.1099999999999568
  0
CIRCLE
  5
B47
330
93C
100
AcDbEntity
  8
0
100
AcDbCircle
 10
-5.599999999999909
 20
5.249999999999801
 30
0.0
 40
0.1099999999999568
  0
CIRCLE
  5
B48
330
93C
100
AcDbEntity
  8
0
100
AcDbCircle
 10
-5.599999999999909
 20
4.899999999999891
 30
0.0
 40
0.1099999999999568
  0
CIRCLE
  5
B49
330
93C
100
AcDbEntity
  8
0
100
AcDbCircle
 10
-5.599999999999909
 20
4.549999999999825
 30
0.0
 40
0.1099999999999568
  0
CIRCLE
  5
B4A
330
93C
100
AcDbEntity
  8
0
100
AcDbCircle
 10
-5.599999999999909
 20
4.199999999999771
 30
0.0
 40
0.1099999999999568
  0
CIRCLE
  5
B4B
330
93C
100
AcDbEntity
  8
0
100
AcDbCircle
 10
-5.599999999999909
 20
3.849999999999893
 30
0.0
 40
0.1099999999999568
  0
CIRCLE
  5
B4C
330
93C
100
AcDbEntity
  8
0
100
AcDbCircle
 10
-5.599999999999909
 20
3.499999999999801
 30
0.0
 40
0.1099999999999568
  0
CIRCLE
  5
B4D
330
93C
100
AcDbEntity
  8
0
100
AcDbCircle
 10
-5.599999999999909
 20
3.149999999999919
 30
0.0
 40
0.1099999999999568
  0
CIRCLE
  5
B4E
330
93C
100
AcDbEntity
  8
0
100
AcDbCircle
 10
-5.599999999999909
 20
2.799999999999684
 30
0.0
 40
0.1099999999999568
  0
CIRCLE
  5
B4F
330
93C
100
AcDbEntity
  8
0
100
AcDbCircle
 10
-5.599999999999909
 20
2.449999999999775
 30
0.0
 40
0.1099999999999568
  0
CIRCLE
  5
B50
330
93C
100
AcDbEntity
  8
0
100
AcDbCircle
 10
-5.599999999999909
 20
2.099999999999893
 30
0.0
 40
0.1099999999999568
  0
CIRCLE
  5
B51
330
93C
100
AcDbEntity
  8
0
100
AcDbCircle
 10
-5.599999999999909
 20
1.749999999999799
 30
0.0
 40
0.1099999999999568
  0
CIRCLE
  5
B52
330
93C
100
AcDbEntity
  8
0
100
AcDbCircle
 10
-5.599999999999909
 20
1.399999999999915
 30
0.0
 40
0.1099999999999568
  0
CIRCLE
  5
B53
330
93C
100
AcDbEntity
  8
0
100
AcDbCircle
 10
-5.599999999999851
 20
1.049999999999712
 30
0.0
 40
0.1100000000000136
  0
CIRCLE
  5
B54
330
93C
100
AcDbEntity
  8
0
100
AcDbCircle
 10
-5.599999999999851
 20
0.6999999999997755
 30
0.0
 40
0.1100000000000136
  0
CIRCLE
  5
B55
330
93C
100
AcDbEntity
  8
0
100
AcDbCircle
 10
-5.599999999999851
 20
0.3499999999998948
 30
0.0
 40
0.1100000000000136
  0
CIRCLE
  5
B56
330
93C
100
AcDbEntity
  8
0
100
AcDbCircle
 10
-5.599999999999851
 20
-0.000000000000199
 30
0.0
 40
0.1100000000000136
  0
CIRCLE
  5
B57
330
93C
100
AcDbEntity
  8
0
100
AcDbCircle
 10
-5.599999999999851
 20
-0.3500000000000796
 30
0.0
 40
0.1100000000000136
  0
CIRCLE
  5
B58
330
93C
100
AcDbEntity
  8
0
100
AcDbCircle
 10
-5.599999999999851
 20
-0.7000000000001876
 30
0.0
 40
0.1100000000000136
  0
CIRCLE
  5
B59
330
93C
100
AcDbEntity
  8
0
100
AcDbCircle
 10
-5.599999999999851
 20
-1.050000000000224
 30
0.0
 40
0.1100000000000136
  0
CIRCLE
  5
B5A
330
93C
100
AcDbEntity
  8
0
100
AcDbCircle
 10
-5.599999999999851
 20
-1.400000000000104
 30
0.0
 40
0.1100000000000136
  0
CIRCLE
  5
B5B
330
93C
100
AcDbEntity
  8
0
100
AcDbCircle
 10
-5.599999999999851
 20
-1.750000000000213
 30
0.0
 40
0.1100000000000136
  0
CIRCLE
  5
B5C
330
93C
100
AcDbEntity
  8
0
100
AcDbCircle
 10
-5.599999999999851
 20
-2.100000000000079
 30
0.0
 40
0.1100000000000136
  0
CIRCLE
  5
B5D
330
93C
100
AcDbEntity
  8
0
100
AcDbCircle
 10
-5.599999999999851
 20
-2.450000000000299
 30
0.0
 40
0.1100000000000136
  0
CIRCLE
  5
B5E
330
93C
100
AcDbEntity
  8
0
100
AcDbCircle
 10
-5.599999999999851
 20
-2.800000000000192
 30
0.0
 40
0.1100000000000136
  0
CIRCLE
  5
B5F
330
93C
100
AcDbEntity
  8
0
100
AcDbCircle
 10
-5.599999999999851
 20
-3.150000000000102
 30
0.0
 40
0.1100000000000136
  0
CIRCLE
  5
B60
330
93C
100
AcDbEntity
  8
0
100
AcDbCircle
 10
-5.599999999999851
 20
-3.500000000000212
 30
0.0
 40
0.1100000000000136
  0
CIRCLE
  5
B61
330
93C
100
AcDbEntity
  8
0
100
AcDbCircle
 10
-5.599999999999851
 20
-3.850000000000078
 30
0.0
 40
0.1100000000000136
  0
CIRCLE
  5
B62
330
93C
100
AcDbEntity
  8
0
100
AcDbCircle
 10
-5.599999999999851
 20
-4.200000000000301
 30
0.0
 40
0.1100000000000136
  0
CIRCLE
  5
B63
330
93C
100
AcDbEntity
  8
0
100
AcDbCircle
 10
-5.599999999999851
 20
-4.550000000000209
 30
0.0
 40
0.1099999999999568
  0
CIRCLE
  5
B64
330
93C
100
AcDbEntity
  8
0
100
AcDbCircle
 10
-5.949999999999874
 20
-2.100000000000088
 30
0.0
 40
0.1099999999999568
  0
CIRCLE
  5
B65
330
93C
100
AcDbEntity
  8
0
100
AcDbCircle
 10
-5.949999999999874
 20
-1.750000000000223
 30
0.0
 40
0.1099999999999568
  0
CIRCLE
  5
B66
330
93C
100
AcDbEntity
  8
0
100
AcDbCircle
 10
-5.949999999999874
 20
-1.400000000000119
 30
0.0
 40
0.1099999999999568
  0
CIRCLE
  5
B67
330
93C
100
AcDbEntity
  8
0
100
AcDbCircle
 10
-5.949999999999874
 20
-1.050000000000238
 30
0.0
 40
0.1099999999999568
  0
CIRCLE
  5
B68
330
93C
100
AcDbEntity
  8
0
100
AcDbCircle
 10
-5.949999999999874
 20
-0.7000000000002018
 30
0.0
 40
0.1099999999999568
  0
CIRCLE
  5
B69
330
93C
100
AcDbEntity
  8
0
100
AcDbCircle
 10
-5.949999999999874
 20
-0.3500000000000938
 30
0.0
 40
0.1099999999999568
  0
CIRCLE
  5
B6A
330
93C
100
AcDbEntity
  8
0
100
AcDbCircle
 10
-5.949999999999874
 20
-0.0000000000002132
 30
0.0
 40
0.1099999999999568
  0
CIRCLE
  5
B6B
330
93C
100
AcDbEntity
  8
0
100
AcDbCircle
 10
-5.949999999999931
 20
0.3499999999998806
 30
0.0
 40
0.1099999999998999
  0
CIRCLE
  5
B6C
330
93C
100
AcDbEntity
  8
0
100
AcDbCircle
 10
-5.949999999999931
 20
0.6999999999997613
 30
0.0
 40
0.1099999999998999
  0
CIRCLE
  5
B6D
330
93C
100
AcDbEntity
  8
0
100
AcDbCircle
 10
-5.949999999999931
 20
1.049999999999698
 30
0.0
 40
0.1099999999998999
  0
CIRCLE
  5
B6E
330
93C
100
AcDbEntity
  8
0
100
AcDbCircle
 10
-5.949999999999931
 20
1.399999999999906
 30
0.0
 40
0.1099999999999568
  0
CIRCLE
  5
B6F
330
93C
100
AcDbEntity
  8
0
100
AcDbCircle
 10
-5.949999999999931
 20
1.749999999999784
 30
0.0
 40
0.1099999999999568
  0
CIRCLE
  5
B70
330
93C
100
AcDbEntity
  8
0
100
AcDbCircle
 10
-5.949999999999931
 20
2.099999999999877
 30
0.0
 40
0.1099999999999568
  0
CIRCLE
  5
B71
330
93C
100
AcDbEntity
  8
0
100
AcDbCircle
 10
-5.949999999999931
 20
2.449999999999759
 30
0.0
 40
0.1099999999999568
  0
CIRCLE
  5
B72
330
93C
100
AcDbEntity
  8
0
100
AcDbCircle
 10
-5.949999999999931
 20
2.799999999999668
 30
0.0
 40
0.1099999999999568
  0
CIRCLE
  5
B73
330
93C
100
AcDbEntity
  8
0
100
AcDbCircle
 10
-5.949999999999931
 20
3.149999999999906
 30
0.0
 40
0.1099999999999568
  0
CIRCLE
  5
B74
330
93C
100
AcDbEntity
  8
0
100
AcDbCircle
 10
-5.949999999999931
 20
6.299999999999667
 30
0.0
 40
0.1100000000000136
  0
CIRCLE
  5
B75
330
93C
100
AcDbEntity
  8
0
100
AcDbCircle
 10
-5.949999999999931
 20
6.649999999999878
 30
0.0
 40
0.1100000000000136
  0
CIRCLE
  5
B76
330
93C
100
AcDbEntity
  8
0
100
AcDbCircle
 10
-5.599999999999795
 20
-6.650000000000074
 30
0.0
 40
0.1100000000000136
  0
CIRCLE
  5
B77
330
93C
100
AcDbEntity
  8
0
100
AcDbCircle
 10
-5.599999999999795
 20
-6.300000000000207
 30
0.0
 40
0.1100000000000136
  0
CIRCLE
  5
B78
330
93C
100
AcDbEntity
  8
0
100
AcDbCircle
 10
-5.599999999999795
 20
-5.950000000000187
 30
0.0
 40
0.1100000000000136
  0
CIRCLE
  5
B79
330
93C
100
AcDbEntity
  8
0
100
AcDbCircle
 10
-5.599999999999795
 20
-5.600000000000092
 30
0.0
 40
0.1100000000000136
  0
CIRCLE
  5
B7A
330
93C
100
AcDbEntity
  8
0
100
AcDbCircle
 10
-5.599999999999795
 20
-5.250000000000213
 30
0.0
 40
0.1100000000000136
  0
CIRCLE
  5
B7B
330
93C
100
AcDbEntity
  8
0
100
AcDbCircle
 10
-5.599999999999795
 20
-4.900000000000105
 30
0.0
 40
0.1100000000000136
  0
CIRCLE
  5
B7C
330
93C
100
AcDbEntity
  8
0
100
AcDbCircle
 10
-5.949999999999931
 20
5.949999999999761
 30
0.0
 40
0.1099999999999568
  0
CIRCLE
  5
B7D
330
93C
100
AcDbEntity
  8
0
100
AcDbCircle
 10
-5.949999999999931
 20
5.599999999999877
 30
0.0
 40
0.1099999999999568
  0
CIRCLE
  5
B7E
330
93C
100
AcDbEntity
  8
0
100
AcDbCircle
 10
-5.949999999999931
 20
5.249999999999785
 30
0.0
 40
0.1099999999999568
  0
CIRCLE
  5
B7F
330
93C
100
AcDbEntity
  8
0
100
AcDbCircle
 10
-5.949999999999931
 20
4.899999999999876
 30
0.0
 40
0.1099999999999568
  0
CIRCLE
  5
B80
330
93C
100
AcDbEntity
  8
0
100
AcDbCircle
 10
-5.949999999999931
 20
4.549999999999811
 30
0.0
 40
0.1099999999999568
  0
CIRCLE
  5
B81
330
93C
100
AcDbEntity
  8
0
100
AcDbCircle
 10
-5.949999999999931
 20
4.199999999999761
 30
0.0
 40
0.1099999999999568
  0
CIRCLE
  5
B82
330
93C
100
AcDbEntity
  8
0
100
AcDbCircle
 10
-5.949999999999931
 20
3.849999999999877
 30
0.0
 40
0.1099999999999568
  0
CIRCLE
  5
B83
330
93C
100
AcDbEntity
  8
0
100
AcDbCircle
 10
-5.949999999999931
 20
3.499999999999785
 30
0.0
 40
0.1099999999999568
  0
CIRCLE
  5
B84
330
93C
100
AcDbEntity
  8
0
100
AcDbCircle
 10
-4.90000000000009
 20
-1.40000000000009
 30
0.0
 40
0.1100000000000136
  0
CIRCLE
  5
B85
330
93C
100
AcDbEntity
  8
0
100
AcDbCircle
 10
-4.90000000000009
 20
-2.800000000000181
 30
0.0
 40
0.1100000000000136
  0
CIRCLE
  5
B86
330
93C
100
AcDbEntity
  8
0
100
AcDbCircle
 10
-4.90000000000009
 20
-3.500000000000198
 30
0.0
 40
0.1100000000000136
  0
CIRCLE
  5
B87
330
93C
100
AcDbEntity
  8
0
100
AcDbCircle
 10
-4.90000000000009
 20
-4.200000000000287
 30
0.0
 40
0.1100000000000136
  0
CIRCLE
  5
B88
330
93C
100
AcDbEntity
  8
0
100
AcDbCircle
 10
-4.900000000000034
 20
-4.550000000000196
 30
0.0
 40
0.1100000000000705
  0
CIRCLE
  5
B89
330
93C
100
AcDbEntity
  8
0
100
AcDbCircle
 10
-4.900000000000034
 20
-4.90000000000009
 30
0.0
 40
0.1100000000000136
  0
CIRCLE
  5
B8A
330
93C
100
AcDbEntity
  8
0
100
AcDbCircle
 10
-4.900000000000034
 20
-5.250000000000198
 30
0.0
 40
0.1100000000000136
  0
CIRCLE
  5
B8B
330
93C
100
AcDbEntity
  8
0
100
AcDbCircle
 10
-4.900000000000034
 20
-5.600000000000078
 30
0.0
 40
0.1100000000000136
  0
CIRCLE
  5
B8C
330
93C
100
AcDbEntity
  8
0
100
AcDbCircle
 10
-5.250000000000056
 20
5.249999999999815
 30
0.0
 40
0.1100000000000136
  0
CIRCLE
  5
B8D
330
93C
100
AcDbEntity
  8
0
100
AcDbCircle
 10
-5.250000000000056
 20
5.599999999999909
 30
0.0
 40
0.1100000000000136
  0
CIRCLE
  5
B8E
330
93C
100
AcDbEntity
  8
0
100
AcDbCircle
 10
-5.250000000000056
 20
5.949999999999787
 30
0.0
 40
0.1100000000000136
  0
CIRCLE
  5
B8F
330
93C
100
AcDbEntity
  8
0
100
AcDbCircle
 10
-5.250000000000113
 20
6.299999999999696
 30
0.0
 40
0.1099999999999568
  0
CIRCLE
  5
B90
330
93C
100
AcDbEntity
  8
0
100
AcDbCircle
 10
-4.900000000000034
 20
-5.950000000000172
 30
0.0
 40
0.1100000000000136
  0
CIRCLE
  5
B91
330
93C
100
AcDbEntity
  8
0
100
AcDbCircle
 10
-4.900000000000034
 20
-6.300000000000196
 30
0.0
 40
0.1100000000000136
  0
CIRCLE
  5
B92
330
93C
100
AcDbEntity
  8
0
100
AcDbCircle
 10
-4.900000000000034
 20
-6.650000000000061
 30
0.0
 40
0.1100000000000136
  0
CIRCLE
  5
B93
330
93C
100
AcDbEntity
  8
0
100
AcDbCircle
 10
-5.250000000000113
 20
6.649999999999906
 30
0.0
 40
0.1099999999999568
  0
CIRCLE
  5
B94
330
93C
100
AcDbEntity
  8
0
100
AcDbCircle
 10
-4.90000000000009
 20
-1.050000000000208
 30
0.0
 40
0.1100000000000136
  0
CIRCLE
  5
B95
330
93C
100
AcDbEntity
  8
0
100
AcDbCircle
 10
-4.90000000000009
 20
-0.7000000000001734
 30
0.0
 40
0.1100000000000136
  0
CIRCLE
  5
B96
330
93C
100
AcDbEntity
  8
0
100
AcDbCircle
 10
-4.90000000000009
 20
-0.3500000000000654
 30
0.0
 40
0.1100000000000136
  0
CIRCLE
  5
B97
330
93C
100
AcDbEntity
  8
0
100
AcDbCircle
 10
-4.90000000000009
 20
-0.0000000000001847
 30
0.0
 40
0.1100000000000136
  0
CIRCLE
  5
B98
330
93C
100
AcDbEntity
  8
0
100
AcDbCircle
 10
-4.900000000000146
 20
0.349999999999909
 30
0.0
 40
0.1099999999999568
  0
CIRCLE
  5
B99
330
93C
100
AcDbEntity
  8
0
100
AcDbCircle
 10
-4.900000000000146
 20
0.6999999999997897
 30
0.0
 40
0.1099999999999568
  0
CIRCLE
  5
B9A
330
93C
100
AcDbEntity
  8
0
100
AcDbCircle
 10
-4.900000000000146
 20
1.049999999999726
 30
0.0
 40
0.1099999999999568
  0
CIRCLE
  5
B9B
330
93C
100
AcDbEntity
  8
0
100
AcDbCircle
 10
-4.900000000000146
 20
1.749999999999815
 30
0.0
 40
0.1100000000000136
  0
CIRCLE
  5
B9C
330
93C
100
AcDbEntity
  8
0
100
AcDbCircle
 10
-4.900000000000146
 20
2.449999999999787
 30
0.0
 40
0.1100000000000136
  0
CIRCLE
  5
B9D
330
93C
100
AcDbEntity
  8
0
100
AcDbCircle
 10
-4.900000000000146
 20
3.149999999999933
 30
0.0
 40
0.1100000000000136
  0
CIRCLE
  5
B9E
330
93C
100
AcDbEntity
  8
0
100
AcDbCircle
 10
-4.900000000000146
 20
3.849999999999908
 30
0.0
 40
0.1100000000000136
  0
CIRCLE
  5
B9F
330
93C
100
AcDbEntity
  8
0
100
AcDbCircle
 10
-4.900000000000146
 20
4.199999999999787
 30
0.0
 40
0.1100000000000136
  0
CIRCLE
  5
BA0
330
93C
100
AcDbEntity
  8
0
100
AcDbCircle
 10
-4.900000000000146
 20
4.549999999999839
 30
0.0
 40
0.1100000000000136
  0
CIRCLE
  5
BA1
330
93C
100
AcDbEntity
  8
0
100
AcDbCircle
 10
-4.900000000000146
 20
4.899999999999906
 30
0.0
 40
0.1100000000000136
  0
CIRCLE
  5
BA2
330
93C
100
AcDbEntity
  8
0
100
AcDbCircle
 10
-4.900000000000146
 20
5.599999999999909
 30
0.0
 40
0.1100000000000136
  0
CIRCLE
  5
BA3
330
93C
100
AcDbEntity
  8
0
100
AcDbCircle
 10
-4.900000000000146
 20
5.949999999999787
 30
0.0
 40
0.1100000000000136
  0
CIRCLE
  5
BA4
330
93C
100
AcDbEntity
  8
0
100
AcDbCircle
 10
-5.25
 20
-0.7000000000001734
 30
0.0
 40
0.1100000000000136
  0
CIRCLE
  5
BA5
330
93C
100
AcDbEntity
  8
0
100
AcDbCircle
 10
-5.25
 20
-1.050000000000208
 30
0.0
 40
0.1100000000000136
  0
CIRCLE
  5
BA6
330
93C
100
AcDbEntity
  8
0
100
AcDbCircle
 10
-5.25
 20
-1.40000000000009
 30
0.0
 40
0.1100000000000136
  0
CIRCLE
  5
BA7
330
93C
100
AcDbEntity
  8
0
100
AcDbCircle
 10
-5.25
 20
-1.750000000000198
 30
0.0
 40
0.1100000000000136
  0
CIRCLE
  5
BA8
330
93C
100
AcDbEntity
  8
0
100
AcDbCircle
 10
-5.25
 20
-2.450000000000287
 30
0.0
 40
0.1100000000000136
  0
CIRCLE
  5
BA9
330
93C
100
AcDbEntity
  8
0
100
AcDbCircle
 10
-5.25
 20
-2.800000000000192
 30
0.0
 40
0.1100000000000136
  0
CIRCLE
  5
BAA
330
93C
100
AcDbEntity
  8
0
100
AcDbCircle
 10
-5.25
 20
-3.150000000000102
 30
0.0
 40
0.1100000000000136
  0
CIRCLE
  5
BAB
330
93C
100
AcDbEntity
  8
0
100
AcDbCircle
 10
-5.25
 20
-3.500000000000212
 30
0.0
 40
0.1100000000000136
  0
CIRCLE
  5
BAC
330
93C
100
AcDbEntity
  8
0
100
AcDbCircle
 10
-5.249999999999943
 20
-5.950000000000187
 30
0.0
 40
0.1100000000000136
  0
CIRCLE
  5
BAD
330
93C
100
AcDbEntity
  8
0
100
AcDbCircle
 10
-5.249999999999943
 20
-6.300000000000207
 30
0.0
 40
0.1100000000000136
  0
CIRCLE
  5
BAE
330
93C
100
AcDbEntity
  8
0
100
AcDbCircle
 10
-5.249999999999943
 20
-6.650000000000074
 30
0.0
 40
0.1100000000000136
  0
CIRCLE
  5
BAF
330
93C
100
AcDbEntity
  8
0
100
AcDbCircle
 10
-5.599999999999965
 20
6.649999999999891
 30
0.0
 40
0.1099999999998999
  0
CIRCLE
  5
BB0
330
93C
100
AcDbEntity
  8
0
100
AcDbCircle
 10
-5.249999999999943
 20
-5.600000000000092
 30
0.0
 40
0.1100000000000136
  0
CIRCLE
  5
BB1
330
93C
100
AcDbEntity
  8
0
100
AcDbCircle
 10
-5.249999999999943
 20
-4.900000000000105
 30
0.0
 40
0.1100000000000136
  0
CIRCLE
  5
BB2
330
93C
100
AcDbEntity
  8
0
100
AcDbCircle
 10
-5.25
 20
-4.550000000000209
 30
0.0
 40
0.1099999999999568
  0
CIRCLE
  5
BB3
330
93C
100
AcDbEntity
  8
0
100
AcDbCircle
 10
-5.25
 20
-3.850000000000078
 30
0.0
 40
0.1100000000000136
  0
CIRCLE
  5
BB4
330
93C
100
AcDbEntity
  8
0
100
AcDbCircle
 10
-5.25
 20
-0.3500000000000654
 30
0.0
 40
0.1100000000000136
  0
CIRCLE
  5
BB5
330
93C
100
AcDbEntity
  8
0
100
AcDbCircle
 10
-5.25
 20
-0.0000000000001847
 30
0.0
 40
0.1100000000000136
  0
CIRCLE
  5
BB6
330
93C
100
AcDbEntity
  8
0
100
AcDbCircle
 10
-5.25
 20
0.349999999999909
 30
0.0
 40
0.1100000000000705
  0
CIRCLE
  5
BB7
330
93C
100
AcDbEntity
  8
0
100
AcDbCircle
 10
-5.25
 20
0.6999999999997897
 30
0.0
 40
0.1100000000000705
  0
CIRCLE
  5
BB8
330
93C
100
AcDbEntity
  8
0
100
AcDbCircle
 10
-5.25
 20
1.049999999999726
 30
0.0
 40
0.1100000000000705
  0
CIRCLE
  5
BB9
330
93C
100
AcDbEntity
  8
0
100
AcDbCircle
 10
-5.250000000000056
 20
1.399999999999934
 30
0.0
 40
0.1100000000000136
  0
CIRCLE
  5
BBA
330
93C
100
AcDbEntity
  8
0
100
AcDbCircle
 10
-5.250000000000056
 20
1.749999999999815
 30
0.0
 40
0.1100000000000136
  0
CIRCLE
  5
BBB
330
93C
100
AcDbEntity
  8
0
100
AcDbCircle
 10
-5.250000000000056
 20
2.099999999999909
 30
0.0
 40
0.1100000000000136
  0
CIRCLE
  5
BBC
330
93C
100
AcDbEntity
  8
0
100
AcDbCircle
 10
-5.250000000000056
 20
2.449999999999787
 30
0.0
 40
0.1100000000000136
  0
CIRCLE
  5
BBD
330
93C
100
AcDbEntity
  8
0
100
AcDbCircle
 10
-5.250000000000056
 20
2.799999999999698
 30
0.0
 40
0.1100000000000136
  0
CIRCLE
  5
BBE
330
93C
100
AcDbEntity
  8
0
100
AcDbCircle
 10
-5.250000000000056
 20
3.149999999999933
 30
0.0
 40
0.1100000000000136
  0
CIRCLE
  5
BBF
330
93C
100
AcDbEntity
  8
0
100
AcDbCircle
 10
-5.250000000000056
 20
3.499999999999815
 30
0.0
 40
0.1100000000000136
  0
CIRCLE
  5
BC0
330
93C
100
AcDbEntity
  8
0
100
AcDbCircle
 10
-5.250000000000056
 20
3.849999999999908
 30
0.0
 40
0.1100000000000136
  0
CIRCLE
  5
BC1
330
93C
100
AcDbEntity
  8
0
100
AcDbCircle
 10
-5.250000000000056
 20
4.199999999999787
 30
0.0
 40
0.1100000000000136
  0
CIRCLE
  5
BC2
330
93C
100
AcDbEntity
  8
0
100
AcDbCircle
 10
-5.250000000000056
 20
4.549999999999839
 30
0.0
 40
0.1100000000000136
  0
CIRCLE
  5
BC3
330
93C
100
AcDbEntity
  8
0
100
AcDbCircle
 10
-5.250000000000056
 20
4.899999999999906
 30
0.0
 40
0.1100000000000136
  0
CIRCLE
  5
BC4
330
93C
100
AcDbEntity
  8
0
100
AcDbCircle
 10
-6.650000000000089
 20
-3.150000000000118
 30
0.0
 40
0.1100000000000136
  0
CIRCLE
  5
BC5
330
93C
100
AcDbEntity
  8
0
100
AcDbCircle
 10
-6.650000000000089
 20
-3.500000000000226
 30
0.0
 40
0.1100000000000136
  0
CIRCLE
  5
BC6
330
93C
100
AcDbEntity
  8
0
100
AcDbCircle
 10
-6.650000000000089
 20
-3.850000000000091
 30
0.0
 40
0.1100000000000136
  0
CIRCLE
  5
BC7
330
93C
100
AcDbEntity
  8
0
100
AcDbCircle
 10
-6.650000000000089
 20
-4.200000000000311
 30
0.0
 40
0.1100000000000136
  0
CIRCLE
  5
BC8
330
93C
100
AcDbEntity
  8
0
100
AcDbCircle
 10
-6.650000000000034
 20
-4.550000000000209
 30
0.0
 40
0.1100000000000705
  0
CIRCLE
  5
BC9
330
93C
100
AcDbEntity
  8
0
100
AcDbCircle
 10
-6.650000000000034
 20
-4.900000000000119
 30
0.0
 40
0.1100000000000136
  0
CIRCLE
  5
BCA
330
93C
100
AcDbEntity
  8
0
100
AcDbCircle
 10
-6.650000000000034
 20
-5.250000000000226
 30
0.0
 40
0.1100000000000136
  0
CIRCLE
  5
BCB
330
93C
100
AcDbEntity
  8
0
100
AcDbCircle
 10
-6.650000000000034
 20
-5.600000000000108
 30
0.0
 40
0.1100000000000136
  0
CIRCLE
  5
BCC
330
93C
100
AcDbEntity
  8
0
100
AcDbCircle
 10
-7.000000000000056
 20
5.249999999999785
 30
0.0
 40
0.1100000000000136
  0
CIRCLE
  5
BCD
330
93C
100
AcDbEntity
  8
0
100
AcDbCircle
 10
-7.000000000000056
 20
5.599999999999877
 30
0.0
 40
0.1100000000000136
  0
CIRCLE
  5
BCE
330
93C
100
AcDbEntity
  8
0
100
AcDbCircle
 10
-7.000000000000056
 20
5.949999999999761
 30
0.0
 40
0.1100000000000136
  0
CIRCLE
  5
BCF
330
93C
100
AcDbEntity
  8
0
100
AcDbCircle
 10
-7.000000000000111
 20
6.299999999999667
 30
0.0
 40
0.1099999999999568
  0
CIRCLE
  5
BD0
330
93C
100
AcDbEntity
  8
0
100
AcDbCircle
 10
-6.650000000000034
 20
-5.950000000000201
 30
0.0
 40
0.1100000000000136
  0
CIRCLE
  5
BD1
330
93C
100
AcDbEntity
  8
0
100
AcDbCircle
 10
-6.650000000000034
 20
-6.300000000000224
 30
0.0
 40
0.1100000000000136
  0
CIRCLE
  5
BD2
330
93C
100
AcDbEntity
  8
0
100
AcDbCircle
 10
-6.650000000000034
 20
-6.650000000000089
 30
0.0
 40
0.1100000000000136
  0
CIRCLE
  5
BD3
330
93C
100
AcDbEntity
  8
0
100
AcDbCircle
 10
-7.000000000000111
 20
6.649999999999878
 30
0.0
 40
0.1099999999999568
  0
CIRCLE
  5
BD4
330
93C
100
AcDbEntity
  8
0
100
AcDbCircle
 10
-6.650000000000089
 20
-2.800000000000209
 30
0.0
 40
0.1100000000000136
  0
CIRCLE
  5
BD5
330
93C
100
AcDbEntity
  8
0
100
AcDbCircle
 10
-6.650000000000089
 20
-2.450000000000315
 30
0.0
 40
0.1100000000000136
  0
CIRCLE
  5
BD6
330
93C
100
AcDbEntity
  8
0
100
AcDbCircle
 10
-6.650000000000089
 20
-2.100000000000088
 30
0.0
 40
0.1100000000000136
  0
CIRCLE
  5
BD7
330
93C
100
AcDbEntity
  8
0
100
AcDbCircle
 10
-6.650000000000089
 20
-1.750000000000223
 30
0.0
 40
0.1100000000000136
  0
CIRCLE
  5
BD8
330
93C
100
AcDbEntity
  8
0
100
AcDbCircle
 10
-6.650000000000089
 20
-1.400000000000119
 30
0.0
 40
0.1100000000000136
  0
CIRCLE
  5
BD9
330
93C
100
AcDbEntity
  8
0
100
AcDbCircle
 10
-6.650000000000089
 20
-1.050000000000238
 30
0.0
 40
0.1100000000000136
  0
CIRCLE
  5
BDA
330
93C
100
AcDbEntity
  8
0
100
AcDbCircle
 10
-6.650000000000089
 20
-0.7000000000002018
 30
0.0
 40
0.1100000000000136
  0
CIRCLE
  5
BDB
330
93C
100
AcDbEntity
  8
0
100
AcDbCircle
 10
-6.650000000000089
 20
-0.3500000000000938
 30
0.0
 40
0.1100000000000136
  0
CIRCLE
  5
BDC
330
93C
100
AcDbEntity
  8
0
100
AcDbCircle
 10
-6.650000000000089
 20
-0.0000000000002132
 30
0.0
 40
0.1100000000000136
  0
CIRCLE
  5
BDD
330
93C
100
AcDbEntity
  8
0
100
AcDbCircle
 10
-6.650000000000147
 20
0.3499999999998806
 30
0.0
 40
0.1099999999999568
  0
CIRCLE
  5
BDE
330
93C
100
AcDbEntity
  8
0
100
AcDbCircle
 10
-6.650000000000147
 20
0.6999999999997613
 30
0.0
 40
0.1099999999999568
  0
CIRCLE
  5
BDF
330
93C
100
AcDbEntity
  8
0
100
AcDbCircle
 10
-6.650000000000147
 20
1.049999999999698
 30
0.0
 40
0.1099999999999568
  0
CIRCLE
  5
BE0
330
93C
100
AcDbEntity
  8
0
100
AcDbCircle
 10
-6.650000000000147
 20
1.399999999999906
 30
0.0
 40
0.1100000000000136
  0
CIRCLE
  5
BE1
330
93C
100
AcDbEntity
  8
0
100
AcDbCircle
 10
-6.650000000000147
 20
1.749999999999784
 30
0.0
 40
0.1100000000000136
  0
CIRCLE
  5
BE2
330
93C
100
AcDbEntity
  8
0
100
AcDbCircle
 10
-6.650000000000147
 20
2.099999999999877
 30
0.0
 40
0.1100000000000136
  0
CIRCLE
  5
BE3
330
93C
100
AcDbEntity
  8
0
100
AcDbCircle
 10
-6.650000000000147
 20
2.449999999999759
 30
0.0
 40
0.1100000000000136
  0
CIRCLE
  5
BE4
330
93C
100
AcDbEntity
  8
0
100
AcDbCircle
 10
-7.000000000000056
 20
4.899999999999876
 30
0.0
 40
0.1100000000000136
  0
CIRCLE
  5
BE5
330
93C
100
AcDbEntity
  8
0
100
AcDbCircle
 10
-7.000000000000056
 20
4.549999999999811
 30
0.0
 40
0.1100000000000136
  0
CIRCLE
  5
BE6
330
93C
100
AcDbEntity
  8
0
100
AcDbCircle
 10
-7.000000000000056
 20
4.199999999999761
 30
0.0
 40
0.1100000000000136
  0
CIRCLE
  5
BE7
330
93C
100
AcDbEntity
  8
0
100
AcDbCircle
 10
-7.000000000000056
 20
3.849999999999877
 30
0.0
 40
0.1100000000000136
  0
CIRCLE
  5
BE8
330
93C
100
AcDbEntity
  8
0
100
AcDbCircle
 10
-7.000000000000056
 20
3.499999999999785
 30
0.0
 40
0.1100000000000136
  0
CIRCLE
  5
BE9
330
93C
100
AcDbEntity
  8
0
100
AcDbCircle
 10
-7.000000000000056
 20
3.149999999999906
 30
0.0
 40
0.1100000000000136
  0
CIRCLE
  5
BEA
330
93C
100
AcDbEntity
  8
0
100
AcDbCircle
 10
-7.000000000000056
 20
2.799999999999668
 30
0.0
 40
0.1100000000000136
  0
CIRCLE
  5
BEB
330
93C
100
AcDbEntity
  8
0
100
AcDbCircle
 10
-7.000000000000056
 20
2.449999999999759
 30
0.0
 40
0.1100000000000136
  0
CIRCLE
  5
BEC
330
93C
100
AcDbEntity
  8
0
100
AcDbCircle
 10
-7.000000000000056
 20
2.099999999999877
 30
0.0
 40
0.1100000000000136
  0
CIRCLE
  5
BED
330
93C
100
AcDbEntity
  8
0
100
AcDbCircle
 10
-7.000000000000056
 20
1.749999999999784
 30
0.0
 40
0.1100000000000136
  0
CIRCLE
  5
BEE
330
93C
100
AcDbEntity
  8
0
100
AcDbCircle
 10
-7.000000000000056
 20
1.399999999999906
 30
0.0
 40
0.1100000000000136
  0
CIRCLE
  5
BEF
330
93C
100
AcDbEntity
  8
0
100
AcDbCircle
 10
-7.0
 20
1.049999999999698
 30
0.0
 40
0.1100000000000705
  0
CIRCLE
  5
BF0
330
93C
100
AcDbEntity
  8
0
100
AcDbCircle
 10
-7.0
 20
0.6999999999997613
 30
0.0
 40
0.1100000000000705
  0
CIRCLE
  5
BF1
330
93C
100
AcDbEntity
  8
0
100
AcDbCircle
 10
-7.0
 20
0.3499999999998806
 30
0.0
 40
0.1100000000000705
  0
CIRCLE
  5
BF2
330
93C
100
AcDbEntity
  8
0
100
AcDbCircle
 10
-7.0
 20
-0.0000000000002132
 30
0.0
 40
0.1100000000000136
  0
CIRCLE
  5
BF3
330
93C
100
AcDbEntity
  8
0
100
AcDbCircle
 10
-7.0
 20
-0.3500000000000938
 30
0.0
 40
0.1100000000000136
  0
CIRCLE
  5
BF4
330
93C
100
AcDbEntity
  8
0
100
AcDbCircle
 10
-7.0
 20
-0.7000000000002018
 30
0.0
 40
0.1100000000000136
  0
CIRCLE
  5
BF5
330
93C
100
AcDbEntity
  8
0
100
AcDbCircle
 10
-7.0
 20
-1.050000000000238
 30
0.0
 40
0.1100000000000136
  0
CIRCLE
  5
BF6
330
93C
100
AcDbEntity
  8
0
100
AcDbCircle
 10
-7.0
 20
-1.400000000000119
 30
0.0
 40
0.1100000000000136
  0
CIRCLE
  5
BF7
330
93C
100
AcDbEntity
  8
0
100
AcDbCircle
 10
-7.0
 20
-1.750000000000223
 30
0.0
 40
0.1100000000000136
  0
CIRCLE
  5
BF8
330
93C
100
AcDbEntity
  8
0
100
AcDbCircle
 10
-7.0
 20
-2.100000000000088
 30
0.0
 40
0.1100000000000136
  0
CIRCLE
  5
BF9
330
93C
100
AcDbEntity
  8
0
100
AcDbCircle
 10
-7.0
 20
-2.450000000000315
 30
0.0
 40
0.1100000000000136
  0
CIRCLE
  5
BFA
330
93C
100
AcDbEntity
  8
0
100
AcDbCircle
 10
-7.0
 20
-2.800000000000209
 30
0.0
 40
0.1100000000000136
  0
CIRCLE
  5
BFB
330
93C
100
AcDbEntity
  8
0
100
AcDbCircle
 10
-7.0
 20
-3.150000000000118
 30
0.0
 40
0.1100000000000136
  0
CIRCLE
  5
BFC
330
93C
100
AcDbEntity
  8
0
100
AcDbCircle
 10
-7.0
 20
-3.500000000000226
 30
0.0
 40
0.1100000000000136
  0
CIRCLE
  5
BFD
330
93C
100
AcDbEntity
  8
0
100
AcDbCircle
 10
-7.0
 20
-3.850000000000091
 30
0.0
 40
0.1100000000000136
  0
CIRCLE
  5
BFE
330
93C
100
AcDbEntity
  8
0
100
AcDbCircle
 10
-7.0
 20
-4.200000000000311
 30
0.0
 40
0.1100000000000136
  0
CIRCLE
  5
BFF
330
93C
100
AcDbEntity
  8
0
100
AcDbCircle
 10
-7.0
 20
-4.550000000000209
 30
0.0
 40
0.1099999999999568
  0
CIRCLE
  5
C00
330
93C
100
AcDbEntity
  8
0
100
AcDbCircle
 10
-6.999999999999943
 20
-4.900000000000119
 30
0.0
 40
0.1100000000000136
  0
CIRCLE
  5
C01
330
93C
100
AcDbEntity
  8
0
100
AcDbCircle
 10
-6.999999999999943
 20
-5.250000000000226
 30
0.0
 40
0.1100000000000136
  0
CIRCLE
  5
C02
330
93C
100
AcDbEntity
  8
0
100
AcDbCircle
 10
-6.999999999999943
 20
-5.600000000000108
 30
0.0
 40
0.1100000000000136
  0
CIRCLE
  5
C03
330
93C
100
AcDbEntity
  8
0
100
AcDbCircle
 10
-6.999999999999943
 20
-6.300000000000224
 30
0.0
 40
0.1100000000000136
  0
CIRCLE
  5
C04
330
93C
100
AcDbEntity
  8
0
100
AcDbCircle
 10
-6.300000000000181
 20
0.3499999999998806
 30
0.0
 40
0.1099999999999568
  0
CIRCLE
  5
C05
330
93C
100
AcDbEntity
  8
0
100
AcDbCircle
 10
-6.300000000000181
 20
0.6999999999997613
 30
0.0
 40
0.1099999999999568
  0
CIRCLE
  5
C06
330
93C
100
AcDbEntity
  8
0
100
AcDbCircle
 10
-6.300000000000181
 20
1.049999999999698
 30
0.0
 40
0.1099999999999568
  0
CIRCLE
  5
C07
330
93C
100
AcDbEntity
  8
0
100
AcDbCircle
 10
-6.300000000000181
 20
1.399999999999906
 30
0.0
 40
0.1100000000000136
  0
CIRCLE
  5
C08
330
93C
100
AcDbEntity
  8
0
100
AcDbCircle
 10
-6.300000000000181
 20
1.749999999999784
 30
0.0
 40
0.1100000000000136
  0
CIRCLE
  5
C09
330
93C
100
AcDbEntity
  8
0
100
AcDbCircle
 10
-6.300000000000181
 20
2.099999999999877
 30
0.0
 40
0.1100000000000136
  0
CIRCLE
  5
C0A
330
93C
100
AcDbEntity
  8
0
100
AcDbCircle
 10
-6.300000000000181
 20
2.449999999999759
 30
0.0
 40
0.1100000000000136
  0
CIRCLE
  5
C0B
330
93C
100
AcDbEntity
  8
0
100
AcDbCircle
 10
-6.300000000000181
 20
2.799999999999668
 30
0.0
 40
0.1100000000000136
  0
CIRCLE
  5
C0C
330
93C
100
AcDbEntity
  8
0
100
AcDbCircle
 10
-6.300000000000181
 20
3.149999999999906
 30
0.0
 40
0.1100000000000136
  0
CIRCLE
  5
C0D
330
93C
100
AcDbEntity
  8
0
100
AcDbCircle
 10
-6.300000000000181
 20
3.499999999999785
 30
0.0
 40
0.1100000000000136
  0
CIRCLE
  5
C0E
330
93C
100
AcDbEntity
  8
0
100
AcDbCircle
 10
-6.300000000000181
 20
3.849999999999877
 30
0.0
 40
0.1100000000000136
  0
CIRCLE
  5
C0F
330
93C
100
AcDbEntity
  8
0
100
AcDbCircle
 10
-6.300000000000181
 20
4.199999999999761
 30
0.0
 40
0.1100000000000136
  0
CIRCLE
  5
C10
330
93C
100
AcDbEntity
  8
0
100
AcDbCircle
 10
-6.300000000000181
 20
4.549999999999811
 30
0.0
 40
0.1100000000000136
  0
CIRCLE
  5
C11
330
93C
100
AcDbEntity
  8
0
100
AcDbCircle
 10
-6.300000000000181
 20
4.899999999999876
 30
0.0
 40
0.1100000000000136
  0
CIRCLE
  5
C12
330
93C
100
AcDbEntity
  8
0
100
AcDbCircle
 10
-6.300000000000181
 20
5.249999999999785
 30
0.0
 40
0.1100000000000136
  0
CIRCLE
  5
C13
330
93C
100
AcDbEntity
  8
0
100
AcDbCircle
 10
-6.300000000000181
 20
5.599999999999877
 30
0.0
 40
0.1100000000000136
  0
CIRCLE
  5
C14
330
93C
100
AcDbEntity
  8
0
100
AcDbCircle
 10
-5.949999999999874
 20
-2.450000000000315
 30
0.0
 40
0.1099999999999568
  0
CIRCLE
  5
C15
330
93C
100
AcDbEntity
  8
0
100
AcDbCircle
 10
-5.949999999999874
 20
-2.800000000000209
 30
0.0
 40
0.1099999999999568
  0
CIRCLE
  5
C16
330
93C
100
AcDbEntity
  8
0
100
AcDbCircle
 10
-5.949999999999874
 20
-3.150000000000118
 30
0.0
 40
0.1099999999999568
  0
CIRCLE
  5
C17
330
93C
100
AcDbEntity
  8
0
100
AcDbCircle
 10
-5.949999999999874
 20
-3.500000000000226
 30
0.0
 40
0.1099999999999568
  0
CIRCLE
  5
C18
330
93C
100
AcDbEntity
  8
0
100
AcDbCircle
 10
-5.949999999999874
 20
-3.850000000000091
 30
0.0
 40
0.1099999999999568
  0
CIRCLE
  5
C19
330
93C
100
AcDbEntity
  8
0
100
AcDbCircle
 10
-5.949999999999874
 20
-4.200000000000311
 30
0.0
 40
0.1099999999999568
  0
CIRCLE
  5
C1A
330
93C
100
AcDbEntity
  8
0
100
AcDbCircle
 10
-5.949999999999817
 20
-4.550000000000209
 30
0.0
 40
0.1100000000000136
  0
CIRCLE
  5
C1B
330
93C
100
AcDbEntity
  8
0
100
AcDbCircle
 10
-5.949999999999817
 20
-4.900000000000119
 30
0.0
 40
0.1099999999999568
  0
CIRCLE
  5
C1C
330
93C
100
AcDbEntity
  8
0
100
AcDbCircle
 10
-5.949999999999817
 20
-6.650000000000089
 30
0.0
 40
0.1099999999999568
  0
CIRCLE
  5
C1D
330
93C
100
AcDbEntity
  8
0
100
AcDbCircle
 10
-6.300000000000181
 20
6.649999999999878
 30
0.0
 40
0.1100000000000705
  0
CIRCLE
  5
C1E
330
93C
100
AcDbEntity
  8
0
100
AcDbCircle
 10
-6.300000000000181
 20
6.299999999999667
 30
0.0
 40
0.1100000000000705
  0
CIRCLE
  5
C1F
330
93C
100
AcDbEntity
  8
0
100
AcDbCircle
 10
-6.300000000000181
 20
5.949999999999761
 30
0.0
 40
0.1100000000000136
  0
CIRCLE
  5
C20
330
93C
100
AcDbEntity
  8
0
100
AcDbCircle
 10
-5.949999999999817
 20
-6.300000000000224
 30
0.0
 40
0.1099999999999568
  0
CIRCLE
  5
C21
330
93C
100
AcDbEntity
  8
0
100
AcDbCircle
 10
-5.949999999999817
 20
-5.950000000000201
 30
0.0
 40
0.1099999999999568
  0
CIRCLE
  5
C22
330
93C
100
AcDbEntity
  8
0
100
AcDbCircle
 10
-5.949999999999817
 20
-5.600000000000108
 30
0.0
 40
0.1099999999999568
  0
CIRCLE
  5
C23
330
93C
100
AcDbEntity
  8
0
100
AcDbCircle
 10
-5.949999999999817
 20
-5.250000000000226
 30
0.0
 40
0.1099999999999568
  0
CIRCLE
  5
C24
330
93C
100
AcDbEntity
  8
0
100
AcDbCircle
 10
-6.300000000000068
 20
-5.600000000000108
 30
0.0
 40
0.1100000000000136
  0
CIRCLE
  5
C25
330
93C
100
AcDbEntity
  8
0
100
AcDbCircle
 10
-6.300000000000068
 20
-5.950000000000201
 30
0.0
 40
0.1100000000000136
  0
CIRCLE
  5
C26
330
93C
100
AcDbEntity
  8
0
100
AcDbCircle
 10
-6.300000000000068
 20
-6.300000000000224
 30
0.0
 40
0.1100000000000136
  0
CIRCLE
  5
C27
330
93C
100
AcDbEntity
  8
0
100
AcDbCircle
 10
-6.300000000000068
 20
-6.650000000000089
 30
0.0
 40
0.1100000000000136
  0
CIRCLE
  5
C28
330
93C
100
AcDbEntity
  8
0
100
AcDbCircle
 10
-6.650000000000147
 20
6.649999999999878
 30
0.0
 40
0.1100000000000705
  0
CIRCLE
  5
C29
330
93C
100
AcDbEntity
  8
0
100
AcDbCircle
 10
-6.650000000000147
 20
6.299999999999667
 30
0.0
 40
0.1100000000000705
  0
CIRCLE
  5
C2A
330
93C
100
AcDbEntity
  8
0
100
AcDbCircle
 10
-6.650000000000147
 20
5.949999999999761
 30
0.0
 40
0.1100000000000136
  0
CIRCLE
  5
C2B
330
93C
100
AcDbEntity
  8
0
100
AcDbCircle
 10
-6.650000000000147
 20
5.599999999999877
 30
0.0
 40
0.1100000000000136
  0
CIRCLE
  5
C2C
330
93C
100
AcDbEntity
  8
0
100
AcDbCircle
 10
-6.650000000000147
 20
5.249999999999785
 30
0.0
 40
0.1100000000000136
  0
CIRCLE
  5
C2D
330
93C
100
AcDbEntity
  8
0
100
AcDbCircle
 10
-6.650000000000147
 20
4.899999999999876
 30
0.0
 40
0.1100000000000136
  0
CIRCLE
  5
C2E
330
93C
100
AcDbEntity
  8
0
100
AcDbCircle
 10
-6.650000000000147
 20
4.549999999999811
 30
0.0
 40
0.1100000000000136
  0
CIRCLE
  5
C2F
330
93C
100
AcDbEntity
  8
0
100
AcDbCircle
 10
-6.650000000000147
 20
4.199999999999761
 30
0.0
 40
0.1100000000000136
  0
CIRCLE
  5
C30
330
93C
100
AcDbEntity
  8
0
100
AcDbCircle
 10
-6.650000000000147
 20
3.849999999999877
 30
0.0
 40
0.1100000000000136
  0
CIRCLE
  5
C31
330
93C
100
AcDbEntity
  8
0
100
AcDbCircle
 10
-6.650000000000147
 20
3.499999999999785
 30
0.0
 40
0.1100000000000136
  0
CIRCLE
  5
C32
330
93C
100
AcDbEntity
  8
0
100
AcDbCircle
 10
-6.650000000000147
 20
3.149999999999906
 30
0.0
 40
0.1100000000000136
  0
CIRCLE
  5
C33
330
93C
100
AcDbEntity
  8
0
100
AcDbCircle
 10
-6.650000000000147
 20
2.799999999999668
 30
0.0
 40
0.1100000000000136
  0
CIRCLE
  5
C34
330
93C
100
AcDbEntity
  8
0
100
AcDbCircle
 10
-6.300000000000068
 20
-5.250000000000226
 30
0.0
 40
0.1100000000000136
  0
CIRCLE
  5
C35
330
93C
100
AcDbEntity
  8
0
100
AcDbCircle
 10
-6.300000000000068
 20
-4.900000000000119
 30
0.0
 40
0.1100000000000136
  0
CIRCLE
  5
C36
330
93C
100
AcDbEntity
  8
0
100
AcDbCircle
 10
-6.300000000000068
 20
-4.550000000000209
 30
0.0
 40
0.1100000000000705
  0
CIRCLE
  5
C37
330
93C
100
AcDbEntity
  8
0
100
AcDbCircle
 10
-6.300000000000125
 20
-4.200000000000311
 30
0.0
 40
0.1100000000000136
  0
CIRCLE
  5
C38
330
93C
100
AcDbEntity
  8
0
100
AcDbCircle
 10
-6.300000000000125
 20
-3.850000000000091
 30
0.0
 40
0.1100000000000136
  0
CIRCLE
  5
C39
330
93C
100
AcDbEntity
  8
0
100
AcDbCircle
 10
-6.300000000000125
 20
-3.500000000000226
 30
0.0
 40
0.1100000000000136
  0
CIRCLE
  5
C3A
330
93C
100
AcDbEntity
  8
0
100
AcDbCircle
 10
-6.300000000000125
 20
-3.150000000000118
 30
0.0
 40
0.1100000000000136
  0
CIRCLE
  5
C3B
330
93C
100
AcDbEntity
  8
0
100
AcDbCircle
 10
-6.300000000000125
 20
-2.800000000000209
 30
0.0
 40
0.1100000000000136
  0
CIRCLE
  5
C3C
330
93C
100
AcDbEntity
  8
0
100
AcDbCircle
 10
-6.300000000000125
 20
-2.450000000000315
 30
0.0
 40
0.1100000000000136
  0
CIRCLE
  5
C3D
330
93C
100
AcDbEntity
  8
0
100
AcDbCircle
 10
-6.300000000000125
 20
-2.100000000000088
 30
0.0
 40
0.1100000000000136
  0
CIRCLE
  5
C3E
330
93C
100
AcDbEntity
  8
0
100
AcDbCircle
 10
-6.300000000000125
 20
-1.750000000000223
 30
0.0
 40
0.1100000000000136
  0
CIRCLE
  5
C3F
330
93C
100
AcDbEntity
  8
0
100
AcDbCircle
 10
-6.300000000000125
 20
-1.400000000000119
 30
0.0
 40
0.1100000000000136
  0
CIRCLE
  5
C40
330
93C
100
AcDbEntity
  8
0
100
AcDbCircle
 10
-6.300000000000125
 20
-1.050000000000238
 30
0.0
 40
0.1100000000000136
  0
CIRCLE
  5
C41
330
93C
100
AcDbEntity
  8
0
100
AcDbCircle
 10
-6.300000000000125
 20
-0.7000000000002018
 30
0.0
 40
0.1100000000000136
  0
CIRCLE
  5
C42
330
93C
100
AcDbEntity
  8
0
100
AcDbCircle
 10
-6.300000000000125
 20
-0.3500000000000938
 30
0.0
 40
0.1100000000000136
  0
CIRCLE
  5
C43
330
93C
100
AcDbEntity
  8
0
100
AcDbCircle
 10
-6.300000000000125
 20
-0.0000000000002132
 30
0.0
 40
0.1100000000000136
  0
CIRCLE
  5
C44
330
93C
100
AcDbEntity
  8
0
100
AcDbCircle
 10
-2.449999999999818
 20
-5.95000000000016
 30
0.0
 40
0.1099999999999568
  0
CIRCLE
  5
C45
330
93C
100
AcDbEntity
  8
0
100
AcDbCircle
 10
-2.449999999999818
 20
-6.300000000000181
 30
0.0
 40
0.1099999999999568
  0
CIRCLE
  5
C46
330
93C
100
AcDbEntity
  8
0
100
AcDbCircle
 10
-2.449999999999818
 20
-6.650000000000047
 30
0.0
 40
0.1099999999999568
  0
CIRCLE
  5
C47
330
93C
100
AcDbEntity
  8
0
100
AcDbCircle
 10
-2.800000000000238
 20
6.64999999999992
 30
0.0
 40
0.1100000000000705
  0
CIRCLE
  5
C48
330
93C
100
AcDbEntity
  8
0
100
AcDbCircle
 10
-2.449999999999818
 20
-5.600000000000065
 30
0.0
 40
0.1099999999999568
  0
CIRCLE
  5
C49
330
93C
100
AcDbEntity
  8
0
100
AcDbCircle
 10
-2.449999999999818
 20
-5.250000000000183
 30
0.0
 40
0.1099999999999568
  0
CIRCLE
  5
C4A
330
93C
100
AcDbEntity
  8
0
100
AcDbCircle
 10
-2.449999999999818
 20
-4.900000000000074
 30
0.0
 40
0.1099999999999568
  0
CIRCLE
  5
C4B
330
93C
100
AcDbEntity
  8
0
100
AcDbCircle
 10
-2.449999999999874
 20
-4.550000000000181
 30
0.0
 40
0.1099999999999568
  0
CIRCLE
  5
C4C
330
93C
100
AcDbEntity
  8
0
100
AcDbCircle
 10
-2.800000000000238
 20
6.299999999999712
 30
0.0
 40
0.1100000000000705
  0
CIRCLE
  5
C4D
330
93C
100
AcDbEntity
  8
0
100
AcDbCircle
 10
-2.800000000000238
 20
5.949999999999803
 30
0.0
 40
0.1100000000000136
  0
CIRCLE
  5
C4E
330
93C
100
AcDbEntity
  8
0
100
AcDbCircle
 10
-2.800000000000238
 20
5.599999999999921
 30
0.0
 40
0.1100000000000136
  0
CIRCLE
  5
C4F
330
93C
100
AcDbEntity
  8
0
100
AcDbCircle
 10
-2.800000000000238
 20
4.89999999999992
 30
0.0
 40
0.1100000000000136
  0
CIRCLE
  5
C50
330
93C
100
AcDbEntity
  8
0
100
AcDbCircle
 10
-2.800000000000238
 20
4.549999999999855
 30
0.0
 40
0.1100000000000136
  0
CIRCLE
  5
C51
330
93C
100
AcDbEntity
  8
0
100
AcDbCircle
 10
-2.800000000000238
 20
3.849999999999923
 30
0.0
 40
0.1100000000000136
  0
CIRCLE
  5
C52
330
93C
100
AcDbEntity
  8
0
100
AcDbCircle
 10
-2.800000000000238
 20
3.499999999999828
 30
0.0
 40
0.1100000000000136
  0
CIRCLE
  5
C53
330
93C
100
AcDbEntity
  8
0
100
AcDbCircle
 10
-2.800000000000238
 20
3.149999999999947
 30
0.0
 40
0.1100000000000136
  0
CIRCLE
  5
C54
330
93C
100
AcDbEntity
  8
0
100
AcDbCircle
 10
-2.449999999999874
 20
-3.850000000000065
 30
0.0
 40
0.1099999999999568
  0
CIRCLE
  5
C55
330
93C
100
AcDbEntity
  8
0
100
AcDbCircle
 10
-2.449999999999874
 20
-3.150000000000076
 30
0.0
 40
0.1099999999999568
  0
CIRCLE
  5
C56
330
93C
100
AcDbEntity
  8
0
100
AcDbCircle
 10
-2.449999999999874
 20
-2.800000000000166
 30
0.0
 40
0.1099999999999568
  0
CIRCLE
  5
C57
330
93C
100
AcDbEntity
  8
0
100
AcDbCircle
 10
-2.449999999999874
 20
-2.450000000000271
 30
0.0
 40
0.1099999999999568
  0
CIRCLE
  5
C58
330
93C
100
AcDbEntity
  8
0
100
AcDbCircle
 10
-2.449999999999874
 20
-1.750000000000184
 30
0.0
 40
0.1099999999999568
  0
CIRCLE
  5
C59
330
93C
100
AcDbEntity
  8
0
100
AcDbCircle
 10
-2.449999999999874
 20
-1.050000000000194
 30
0.0
 40
0.1099999999999568
  0
CIRCLE
  5
C5A
330
93C
100
AcDbEntity
  8
0
100
AcDbCircle
 10
-2.449999999999874
 20
-0.7000000000001592
 30
0.0
 40
0.1099999999999568
  0
CIRCLE
  5
C5B
330
93C
100
AcDbEntity
  8
0
100
AcDbCircle
 10
-2.449999999999874
 20
-0.3500000000000512
 30
0.0
 40
0.1099999999999568
  0
CIRCLE
  5
C5C
330
93C
100
AcDbEntity
  8
0
100
AcDbCircle
 10
-2.449999999999874
 20
0.3499999999999233
 30
0.0
 40
0.1100000000000136
  0
CIRCLE
  5
C5D
330
93C
100
AcDbEntity
  8
0
100
AcDbCircle
 10
-2.449999999999874
 20
0.6999999999998039
 30
0.0
 40
0.1100000000000136
  0
CIRCLE
  5
C5E
330
93C
100
AcDbEntity
  8
0
100
AcDbCircle
 10
-2.449999999999874
 20
1.04999999999974
 30
0.0
 40
0.1100000000000136
  0
CIRCLE
  5
C5F
330
93C
100
AcDbEntity
  8
0
100
AcDbCircle
 10
-2.449999999999931
 20
1.749999999999829
 30
0.0
 40
0.1099999999999568
  0
CIRCLE
  5
C60
330
93C
100
AcDbEntity
  8
0
100
AcDbCircle
 10
-2.449999999999931
 20
2.449999999999803
 30
0.0
 40
0.1099999999999568
  0
CIRCLE
  5
C61
330
93C
100
AcDbEntity
  8
0
100
AcDbCircle
 10
-2.449999999999931
 20
3.149999999999947
 30
0.0
 40
0.1099999999999568
  0
CIRCLE
  5
C62
330
93C
100
AcDbEntity
  8
0
100
AcDbCircle
 10
-2.449999999999931
 20
3.849999999999923
 30
0.0
 40
0.1099999999999568
  0
CIRCLE
  5
C63
330
93C
100
AcDbEntity
  8
0
100
AcDbCircle
 10
-2.449999999999931
 20
4.549999999999855
 30
0.0
 40
0.1099999999999568
  0
CIRCLE
  5
C64
330
93C
100
AcDbEntity
  8
0
100
AcDbCircle
 10
-2.800000000000125
 20
-6.650000000000047
 30
0.0
 40
0.1100000000000136
  0
CIRCLE
  5
C65
330
93C
100
AcDbEntity
  8
0
100
AcDbCircle
 10
-3.150000000000203
 20
6.64999999999992
 30
0.0
 40
0.1099999999999568
  0
CIRCLE
  5
C66
330
93C
100
AcDbEntity
  8
0
100
AcDbCircle
 10
-3.150000000000203
 20
6.299999999999712
 30
0.0
 40
0.1099999999999568
  0
CIRCLE
  5
C67
330
93C
100
AcDbEntity
  8
0
100
AcDbCircle
 10
-3.150000000000147
 20
5.949999999999803
 30
0.0
 40
0.1100000000000136
  0
CIRCLE
  5
C68
330
93C
100
AcDbEntity
  8
0
100
AcDbCircle
 10
-2.800000000000125
 20
-6.300000000000181
 30
0.0
 40
0.1100000000000136
  0
CIRCLE
  5
C69
330
93C
100
AcDbEntity
  8
0
100
AcDbCircle
 10
-2.800000000000125
 20
-5.95000000000016
 30
0.0
 40
0.1100000000000136
  0
CIRCLE
  5
C6A
330
93C
100
AcDbEntity
  8
0
100
AcDbCircle
 10
-2.800000000000125
 20
-5.600000000000065
 30
0.0
 40
0.1100000000000136
  0
CIRCLE
  5
C6B
330
93C
100
AcDbEntity
  8
0
100
AcDbCircle
 10
-2.800000000000125
 20
-5.250000000000183
 30
0.0
 40
0.1100000000000136
  0
CIRCLE
  5
C6C
330
93C
100
AcDbEntity
  8
0
100
AcDbCircle
 10
-3.150000000000147
 20
5.599999999999921
 30
0.0
 40
0.1100000000000136
  0
CIRCLE
  5
C6D
330
93C
100
AcDbEntity
  8
0
100
AcDbCircle
 10
-3.150000000000147
 20
5.249999999999828
 30
0.0
 40
0.1100000000000136
  0
CIRCLE
  5
C6E
330
93C
100
AcDbEntity
  8
0
100
AcDbCircle
 10
-3.150000000000147
 20
4.89999999999992
 30
0.0
 40
0.1100000000000136
  0
CIRCLE
  5
C6F
330
93C
100
AcDbEntity
  8
0
100
AcDbCircle
 10
-3.150000000000147
 20
4.549999999999855
 30
0.0
 40
0.1100000000000136
  0
CIRCLE
  5
C70
330
93C
100
AcDbEntity
  8
0
100
AcDbCircle
 10
-3.150000000000147
 20
3.849999999999923
 30
0.0
 40
0.1100000000000136
  0
CIRCLE
  5
C71
330
93C
100
AcDbEntity
  8
0
100
AcDbCircle
 10
-3.150000000000147
 20
2.449999999999803
 30
0.0
 40
0.1100000000000136
  0
CIRCLE
  5
C72
330
93C
100
AcDbEntity
  8
0
100
AcDbCircle
 10
-3.15000000000009
 20
1.04999999999974
 30
0.0
 40
0.1100000000000705
  0
CIRCLE
  5
C73
330
93C
100
AcDbEntity
  8
0
100
AcDbCircle
 10
-3.15000000000009
 20
0.3499999999999233
 30
0.0
 40
0.1100000000000705
  0
CIRCLE
  5
C74
330
93C
100
AcDbEntity
  8
0
100
AcDbCircle
 10
-2.800000000000125
 20
-4.900000000000074
 30
0.0
 40
0.1100000000000136
  0
CIRCLE
  5
C75
330
93C
100
AcDbEntity
  8
0
100
AcDbCircle
 10
-2.800000000000181
 20
-4.550000000000181
 30
0.0
 40
0.1100000000000136
  0
CIRCLE
  5
C76
330
93C
100
AcDbEntity
  8
0
100
AcDbCircle
 10
-2.800000000000181
 20
-4.200000000000271
 30
0.0
 40
0.1100000000000136
  0
CIRCLE
  5
C77
330
93C
100
AcDbEntity
  8
0
100
AcDbCircle
 10
-2.800000000000181
 20
-3.850000000000065
 30
0.0
 40
0.1100000000000136
  0
CIRCLE
  5
C78
330
93C
100
AcDbEntity
  8
0
100
AcDbCircle
 10
-2.800000000000181
 20
-3.500000000000181
 30
0.0
 40
0.1100000000000136
  0
CIRCLE
  5
C79
330
93C
100
AcDbEntity
  8
0
100
AcDbCircle
 10
-2.800000000000181
 20
-2.800000000000166
 30
0.0
 40
0.1100000000000136
  0
CIRCLE
  5
C7A
330
93C
100
AcDbEntity
  8
0
100
AcDbCircle
 10
-2.800000000000181
 20
-1.400000000000076
 30
0.0
 40
0.1100000000000136
  0
CIRCLE
  5
C7B
330
93C
100
AcDbEntity
  8
0
100
AcDbCircle
 10
-2.800000000000181
 20
-0.7000000000001592
 30
0.0
 40
0.1100000000000136
  0
CIRCLE
  5
C7C
330
93C
100
AcDbEntity
  8
0
100
AcDbCircle
 10
-2.800000000000181
 20
-0.0000000000001705
 30
0.0
 40
0.1100000000000136
  0
CIRCLE
  5
C7D
330
93C
100
AcDbEntity
  8
0
100
AcDbCircle
 10
-2.800000000000238
 20
0.6999999999998039
 30
0.0
 40
0.1099999999999568
  0
CIRCLE
  5
C7E
330
93C
100
AcDbEntity
  8
0
100
AcDbCircle
 10
-2.800000000000238
 20
1.04999999999974
 30
0.0
 40
0.1099999999999568
  0
CIRCLE
  5
C7F
330
93C
100
AcDbEntity
  8
0
100
AcDbCircle
 10
-2.800000000000238
 20
1.399999999999948
 30
0.0
 40
0.1100000000000136
  0
CIRCLE
  5
C80
330
93C
100
AcDbEntity
  8
0
100
AcDbCircle
 10
-2.800000000000238
 20
1.749999999999829
 30
0.0
 40
0.1100000000000136
  0
CIRCLE
  5
C81
330
93C
100
AcDbEntity
  8
0
100
AcDbCircle
 10
-2.800000000000238
 20
2.099999999999923
 30
0.0
 40
0.1100000000000136
  0
CIRCLE
  5
C82
330
93C
100
AcDbEntity
  8
0
100
AcDbCircle
 10
-2.800000000000238
 20
2.449999999999803
 30
0.0
 40
0.1100000000000136
  0
CIRCLE
  5
C83
330
93C
100
AcDbEntity
  8
0
100
AcDbCircle
 10
-2.800000000000238
 20
2.799999999999712
 30
0.0
 40
0.1100000000000136
  0
CIRCLE
  5
C84
330
93C
100
AcDbEntity
  8
0
100
AcDbCircle
 10
-1.75
 20
-2.100000000000051
 30
0.0
 40
0.1099999999999568
  0
CIRCLE
  5
C85
330
93C
100
AcDbEntity
  8
0
100
AcDbCircle
 10
-1.75
 20
-2.450000000000271
 30
0.0
 40
0.1099999999999568
  0
CIRCLE
  5
C86
330
93C
100
AcDbEntity
  8
0
100
AcDbCircle
 10
-1.75
 20
-2.800000000000166
 30
0.0
 40
0.1099999999999568
  0
CIRCLE
  5
C87
330
93C
100
AcDbEntity
  8
0
100
AcDbCircle
 10
-1.75
 20
-3.150000000000076
 30
0.0
 40
0.1099999999999568
  0
CIRCLE
  5
C88
330
93C
100
AcDbEntity
  8
0
100
AcDbCircle
 10
-1.75
 20
-3.500000000000181
 30
0.0
 40
0.1099999999999568
  0
CIRCLE
  5
C89
330
93C
100
AcDbEntity
  8
0
100
AcDbCircle
 10
-1.75
 20
-3.850000000000065
 30
0.0
 40
0.1099999999999568
  0
CIRCLE
  5
C8A
330
93C
100
AcDbEntity
  8
0
100
AcDbCircle
 10
-1.75
 20
-4.200000000000271
 30
0.0
 40
0.1099999999999568
  0
CIRCLE
  5
C8B
330
93C
100
AcDbEntity
  8
0
100
AcDbCircle
 10
-1.75
 20
-4.550000000000181
 30
0.0
 40
0.1099999999999568
  0
CIRCLE
  5
C8C
330
93C
100
AcDbEntity
  8
0
100
AcDbCircle
 10
-2.10000000000002
 20
6.299999999999712
 30
0.0
 40
0.1100000000000136
  0
CIRCLE
  5
C8D
330
93C
100
AcDbEntity
  8
0
100
AcDbCircle
 10
-2.10000000000002
 20
6.64999999999992
 30
0.0
 40
0.1100000000000136
  0
CIRCLE
  5
C8E
330
93C
100
AcDbEntity
  8
0
100
AcDbCircle
 10
-1.749999999999943
 20
-6.650000000000047
 30
0.0
 40
0.1100000000000136
  0
CIRCLE
  5
C8F
330
93C
100
AcDbEntity
  8
0
100
AcDbCircle
 10
-1.749999999999943
 20
-6.300000000000181
 30
0.0
 40
0.1100000000000136
  0
CIRCLE
  5
C90
330
93C
100
AcDbEntity
  8
0
100
AcDbCircle
 10
-1.749999999999943
 20
-5.95000000000016
 30
0.0
 40
0.1100000000000136
  0
CIRCLE
  5
C91
330
93C
100
AcDbEntity
  8
0
100
AcDbCircle
 10
-1.749999999999943
 20
-5.600000000000065
 30
0.0
 40
0.1100000000000136
  0
CIRCLE
  5
C92
330
93C
100
AcDbEntity
  8
0
100
AcDbCircle
 10
-1.749999999999943
 20
-5.250000000000183
 30
0.0
 40
0.1100000000000136
  0
CIRCLE
  5
C93
330
93C
100
AcDbEntity
  8
0
100
AcDbCircle
 10
-1.749999999999943
 20
-4.900000000000074
 30
0.0
 40
0.1100000000000136
  0
CIRCLE
  5
C94
330
93C
100
AcDbEntity
  8
0
100
AcDbCircle
 10
-1.750000000000054
 20
3.849999999999923
 30
0.0
 40
0.1099999999999568
  0
CIRCLE
  5
C95
330
93C
100
AcDbEntity
  8
0
100
AcDbCircle
 10
-1.750000000000054
 20
4.549999999999855
 30
0.0
 40
0.1099999999999568
  0
CIRCLE
  5
C96
330
93C
100
AcDbEntity
  8
0
100
AcDbCircle
 10
-1.750000000000054
 20
5.599999999999921
 30
0.0
 40
0.1099999999999568
  0
CIRCLE
  5
C97
330
93C
100
AcDbEntity
  8
0
100
AcDbCircle
 10
-1.750000000000054
 20
5.949999999999803
 30
0.0
 40
0.1099999999999568
  0
CIRCLE
  5
C98
330
93C
100
AcDbEntity
  8
0
100
AcDbCircle
 10
-1.750000000000054
 20
6.299999999999712
 30
0.0
 40
0.1100000000000136
  0
CIRCLE
  5
C99
330
93C
100
AcDbEntity
  8
0
100
AcDbCircle
 10
-1.750000000000054
 20
6.64999999999992
 30
0.0
 40
0.1100000000000136
  0
CIRCLE
  5
C9A
330
93C
100
AcDbEntity
  8
0
100
AcDbCircle
 10
-1.400000000000034
 20
-6.650000000000034
 30
0.0
 40
0.1100000000000136
  0
CIRCLE
  5
C9B
330
93C
100
AcDbEntity
  8
0
100
AcDbCircle
 10
-1.400000000000034
 20
-6.300000000000152
 30
0.0
 40
0.1100000000000136
  0
CIRCLE
  5
C9C
330
93C
100
AcDbEntity
  8
0
100
AcDbCircle
 10
-1.750000000000054
 20
3.149999999999947
 30
0.0
 40
0.1099999999999568
  0
CIRCLE
  5
C9D
330
93C
100
AcDbEntity
  8
0
100
AcDbCircle
 10
-1.750000000000054
 20
2.449999999999803
 30
0.0
 40
0.1099999999999568
  0
CIRCLE
  5
C9E
330
93C
100
AcDbEntity
  8
0
100
AcDbCircle
 10
-1.750000000000054
 20
1.749999999999829
 30
0.0
 40
0.1099999999999568
  0
CIRCLE
  5
C9F
330
93C
100
AcDbEntity
  8
0
100
AcDbCircle
 10
-1.750000000000054
 20
1.04999999999974
 30
0.0
 40
0.1099999999998999
  0
CIRCLE
  5
CA0
330
93C
100
AcDbEntity
  8
0
100
AcDbCircle
 10
-1.750000000000054
 20
0.3499999999999233
 30
0.0
 40
0.1099999999998999
  0
CIRCLE
  5
CA1
330
93C
100
AcDbEntity
  8
0
100
AcDbCircle
 10
-1.75
 20
-0.3500000000000512
 30
0.0
 40
0.1099999999999568
  0
CIRCLE
  5
CA2
330
93C
100
AcDbEntity
  8
0
100
AcDbCircle
 10
-1.75
 20
-1.050000000000194
 30
0.0
 40
0.1099999999999568
  0
CIRCLE
  5
CA3
330
93C
100
AcDbEntity
  8
0
100
AcDbCircle
 10
-1.75
 20
-1.750000000000184
 30
0.0
 40
0.1099999999999568
  0
CIRCLE
  5
CA4
330
93C
100
AcDbEntity
  8
0
100
AcDbCircle
 10
-2.099999999999965
 20
-1.400000000000076
 30
0.0
 40
0.1099999999999568
  0
CIRCLE
  5
CA5
330
93C
100
AcDbEntity
  8
0
100
AcDbCircle
 10
-2.099999999999965
 20
-2.100000000000051
 30
0.0
 40
0.1099999999999568
  0
CIRCLE
  5
CA6
330
93C
100
AcDbEntity
  8
0
100
AcDbCircle
 10
-2.099999999999965
 20
-3.500000000000181
 30
0.0
 40
0.1099999999999568
  0
CIRCLE
  5
CA7
330
93C
100
AcDbEntity
  8
0
100
AcDbCircle
 10
-2.099999999999965
 20
-4.200000000000271
 30
0.0
 40
0.1099999999999568
  0
CIRCLE
  5
CA8
330
93C
100
AcDbEntity
  8
0
100
AcDbCircle
 10
-2.099999999999909
 20
-4.900000000000074
 30
0.0
 40
0.1099999999999568
  0
CIRCLE
  5
CA9
330
93C
100
AcDbEntity
  8
0
100
AcDbCircle
 10
-2.099999999999909
 20
-5.250000000000183
 30
0.0
 40
0.1099999999999568
  0
CIRCLE
  5
CAA
330
93C
100
AcDbEntity
  8
0
100
AcDbCircle
 10
-2.099999999999909
 20
-5.600000000000065
 30
0.0
 40
0.1099999999999568
  0
CIRCLE
  5
CAB
330
93C
100
AcDbEntity
  8
0
100
AcDbCircle
 10
-2.099999999999909
 20
-5.95000000000016
 30
0.0
 40
0.1099999999999568
  0
CIRCLE
  5
CAC
330
93C
100
AcDbEntity
  8
0
100
AcDbCircle
 10
-2.449999999999931
 20
4.89999999999992
 30
0.0
 40
0.1099999999999568
  0
CIRCLE
  5
CAD
330
93C
100
AcDbEntity
  8
0
100
AcDbCircle
 10
-2.449999999999931
 20
5.249999999999828
 30
0.0
 40
0.1099999999999568
  0
CIRCLE
  5
CAE
330
93C
100
AcDbEntity
  8
0
100
AcDbCircle
 10
-2.449999999999931
 20
5.599999999999921
 30
0.0
 40
0.1099999999999568
  0
CIRCLE
  5
CAF
330
93C
100
AcDbEntity
  8
0
100
AcDbCircle
 10
-2.449999999999931
 20
5.949999999999803
 30
0.0
 40
0.1099999999999568
  0
CIRCLE
  5
CB0
330
93C
100
AcDbEntity
  8
0
100
AcDbCircle
 10
-2.449999999999988
 20
6.299999999999712
 30
0.0
 40
0.1099999999998999
  0
CIRCLE
  5
CB1
330
93C
100
AcDbEntity
  8
0
100
AcDbCircle
 10
-2.449999999999988
 20
6.64999999999992
 30
0.0
 40
0.1099999999998999
  0
CIRCLE
  5
CB2
330
93C
100
AcDbEntity
  8
0
100
AcDbCircle
 10
-2.099999999999909
 20
-6.650000000000047
 30
0.0
 40
0.1099999999999568
  0
CIRCLE
  5
CB3
330
93C
100
AcDbEntity
  8
0
100
AcDbCircle
 10
-2.099999999999909
 20
-6.300000000000181
 30
0.0
 40
0.1099999999999568
  0
CIRCLE
  5
CB4
330
93C
100
AcDbEntity
  8
0
100
AcDbCircle
 10
-2.099999999999965
 20
-0.7000000000001592
 30
0.0
 40
0.1099999999999568
  0
CIRCLE
  5
CB5
330
93C
100
AcDbEntity
  8
0
100
AcDbCircle
 10
-2.099999999999965
 20
-0.0000000000001705
 30
0.0
 40
0.1099999999999568
  0
CIRCLE
  5
CB6
330
93C
100
AcDbEntity
  8
0
100
AcDbCircle
 10
-2.10000000000002
 20
0.3499999999999233
 30
0.0
 40
0.1099999999998999
  0
CIRCLE
  5
CB7
330
93C
100
AcDbEntity
  8
0
100
AcDbCircle
 10
-2.10000000000002
 20
0.6999999999998039
 30
0.0
 40
0.1099999999998999
  0
CIRCLE
  5
CB8
330
93C
100
AcDbEntity
  8
0
100
AcDbCircle
 10
-2.10000000000002
 20
1.399999999999948
 30
0.0
 40
0.1099999999999568
  0
CIRCLE
  5
CB9
330
93C
100
AcDbEntity
  8
0
100
AcDbCircle
 10
-2.10000000000002
 20
1.749999999999829
 30
0.0
 40
0.1099999999999568
  0
CIRCLE
  5
CBA
330
93C
100
AcDbEntity
  8
0
100
AcDbCircle
 10
-2.10000000000002
 20
2.099999999999923
 30
0.0
 40
0.1099999999999568
  0
CIRCLE
  5
CBB
330
93C
100
AcDbEntity
  8
0
100
AcDbCircle
 10
-2.10000000000002
 20
2.449999999999803
 30
0.0
 40
0.1099999999999568
  0
CIRCLE
  5
CBC
330
93C
100
AcDbEntity
  8
0
100
AcDbCircle
 10
-2.10000000000002
 20
2.799999999999712
 30
0.0
 40
0.1099999999999568
  0
CIRCLE
  5
CBD
330
93C
100
AcDbEntity
  8
0
100
AcDbCircle
 10
-2.10000000000002
 20
3.149999999999947
 30
0.0
 40
0.1099999999999568
  0
CIRCLE
  5
CBE
330
93C
100
AcDbEntity
  8
0
100
AcDbCircle
 10
-2.10000000000002
 20
3.499999999999828
 30
0.0
 40
0.1099999999999568
  0
CIRCLE
  5
CBF
330
93C
100
AcDbEntity
  8
0
100
AcDbCircle
 10
-2.10000000000002
 20
4.199999999999803
 30
0.0
 40
0.1099999999999568
  0
CIRCLE
  5
CC0
330
93C
100
AcDbEntity
  8
0
100
AcDbCircle
 10
-2.10000000000002
 20
4.89999999999992
 30
0.0
 40
0.1099999999999568
  0
CIRCLE
  5
CC1
330
93C
100
AcDbEntity
  8
0
100
AcDbCircle
 10
-2.10000000000002
 20
5.249999999999828
 30
0.0
 40
0.1099999999999568
  0
CIRCLE
  5
CC2
330
93C
100
AcDbEntity
  8
0
100
AcDbCircle
 10
-2.10000000000002
 20
5.599999999999921
 30
0.0
 40
0.1099999999999568
  0
CIRCLE
  5
CC3
330
93C
100
AcDbEntity
  8
0
100
AcDbCircle
 10
-2.10000000000002
 20
5.949999999999803
 30
0.0
 40
0.1099999999999568
  0
CIRCLE
  5
CC4
330
93C
100
AcDbEntity
  8
0
100
AcDbCircle
 10
-3.5
 20
-4.200000000000271
 30
0.0
 40
0.1100000000000136
  0
CIRCLE
  5
CC5
330
93C
100
AcDbEntity
  8
0
100
AcDbCircle
 10
-3.5
 20
-4.550000000000181
 30
0.0
 40
0.1100000000000136
  0
CIRCLE
  5
CC6
330
93C
100
AcDbEntity
  8
0
100
AcDbCircle
 10
-3.499999999999943
 20
-4.900000000000074
 30
0.0
 40
0.1100000000000136
  0
CIRCLE
  5
CC7
330
93C
100
AcDbEntity
  8
0
100
AcDbCircle
 10
-3.499999999999943
 20
-5.250000000000183
 30
0.0
 40
0.1100000000000136
  0
CIRCLE
  5
CC8
330
93C
100
AcDbEntity
  8
0
100
AcDbCircle
 10
-3.499999999999943
 20
-5.600000000000065
 30
0.0
 40
0.1100000000000136
  0
CIRCLE
  5
CC9
330
93C
100
AcDbEntity
  8
0
100
AcDbCircle
 10
-3.499999999999943
 20
-5.95000000000016
 30
0.0
 40
0.1100000000000136
  0
CIRCLE
  5
CCA
330
93C
100
AcDbEntity
  8
0
100
AcDbCircle
 10
-3.499999999999943
 20
-6.300000000000181
 30
0.0
 40
0.1100000000000136
  0
CIRCLE
  5
CCB
330
93C
100
AcDbEntity
  8
0
100
AcDbCircle
 10
-3.499999999999943
 20
-6.650000000000047
 30
0.0
 40
0.1100000000000136
  0
CIRCLE
  5
CCC
330
93C
100
AcDbEntity
  8
0
100
AcDbCircle
 10
-3.849999999999908
 20
6.649999999999906
 30
0.0
 40
0.1100000000000705
  0
CIRCLE
  5
CCD
330
93C
100
AcDbEntity
  8
0
100
AcDbCircle
 10
-3.849999999999908
 20
5.949999999999787
 30
0.0
 40
0.1100000000000136
  0
CIRCLE
  5
CCE
330
93C
100
AcDbEntity
  8
0
100
AcDbCircle
 10
-3.849999999999908
 20
5.599999999999909
 30
0.0
 40
0.1100000000000136
  0
CIRCLE
  5
CCF
330
93C
100
AcDbEntity
  8
0
100
AcDbCircle
 10
-3.849999999999908
 20
5.249999999999815
 30
0.0
 40
0.1100000000000136
  0
CIRCLE
  5
CD0
330
93C
100
AcDbEntity
  8
0
100
AcDbCircle
 10
-3.849999999999908
 20
4.899999999999906
 30
0.0
 40
0.1100000000000136
  0
CIRCLE
  5
CD1
330
93C
100
AcDbEntity
  8
0
100
AcDbCircle
 10
-3.849999999999908
 20
4.549999999999839
 30
0.0
 40
0.1100000000000136
  0
CIRCLE
  5
CD2
330
93C
100
AcDbEntity
  8
0
100
AcDbCircle
 10
-3.849999999999908
 20
3.849999999999908
 30
0.0
 40
0.1100000000000136
  0
CIRCLE
  5
CD3
330
93C
100
AcDbEntity
  8
0
100
AcDbCircle
 10
-3.849999999999908
 20
2.449999999999787
 30
0.0
 40
0.1100000000000136
  0
CIRCLE
  5
CD4
330
93C
100
AcDbEntity
  8
0
100
AcDbCircle
 10
-3.849999999999908
 20
1.049999999999726
 30
0.0
 40
0.1099999999999568
  0
CIRCLE
  5
CD5
330
93C
100
AcDbEntity
  8
0
100
AcDbCircle
 10
-3.849999999999908
 20
0.349999999999909
 30
0.0
 40
0.1099999999999568
  0
CIRCLE
  5
CD6
330
93C
100
AcDbEntity
  8
0
100
AcDbCircle
 10
-3.849999999999852
 20
-0.0000000000001847
 30
0.0
 40
0.1100000000000136
  0
CIRCLE
  5
CD7
330
93C
100
AcDbEntity
  8
0
100
AcDbCircle
 10
-3.849999999999852
 20
-0.3500000000000654
 30
0.0
 40
0.1100000000000136
  0
CIRCLE
  5
CD8
330
93C
100
AcDbEntity
  8
0
100
AcDbCircle
 10
-3.849999999999852
 20
-1.050000000000208
 30
0.0
 40
0.1100000000000136
  0
CIRCLE
  5
CD9
330
93C
100
AcDbEntity
  8
0
100
AcDbCircle
 10
-3.849999999999852
 20
-1.750000000000198
 30
0.0
 40
0.1100000000000136
  0
CIRCLE
  5
CDA
330
93C
100
AcDbEntity
  8
0
100
AcDbCircle
 10
-3.849999999999852
 20
-3.15000000000009
 30
0.0
 40
0.1100000000000136
  0
CIRCLE
  5
CDB
330
93C
100
AcDbEntity
  8
0
100
AcDbCircle
 10
-3.849999999999852
 20
-3.500000000000198
 30
0.0
 40
0.1100000000000136
  0
CIRCLE
  5
CDC
330
93C
100
AcDbEntity
  8
0
100
AcDbCircle
 10
-3.849999999999852
 20
-3.850000000000065
 30
0.0
 40
0.1100000000000136
  0
CIRCLE
  5
CDD
330
93C
100
AcDbEntity
  8
0
100
AcDbCircle
 10
-3.849999999999852
 20
-4.550000000000196
 30
0.0
 40
0.1100000000000136
  0
CIRCLE
  5
CDE
330
93C
100
AcDbEntity
  8
0
100
AcDbCircle
 10
-3.849999999999795
 20
-4.90000000000009
 30
0.0
 40
0.1100000000000136
  0
CIRCLE
  5
CDF
330
93C
100
AcDbEntity
  8
0
100
AcDbCircle
 10
-3.849999999999795
 20
-5.250000000000198
 30
0.0
 40
0.1100000000000136
  0
CIRCLE
  5
CE0
330
93C
100
AcDbEntity
  8
0
100
AcDbCircle
 10
-3.849999999999795
 20
-5.600000000000078
 30
0.0
 40
0.1100000000000136
  0
CIRCLE
  5
CE1
330
93C
100
AcDbEntity
  8
0
100
AcDbCircle
 10
-3.849999999999795
 20
-5.950000000000172
 30
0.0
 40
0.1100000000000136
  0
CIRCLE
  5
CE2
330
93C
100
AcDbEntity
  8
0
100
AcDbCircle
 10
-3.849999999999795
 20
-6.300000000000196
 30
0.0
 40
0.1100000000000136
  0
CIRCLE
  5
CE3
330
93C
100
AcDbEntity
  8
0
100
AcDbCircle
 10
-3.849999999999795
 20
-6.650000000000061
 30
0.0
 40
0.1100000000000136
  0
CIRCLE
  5
CE4
330
93C
100
AcDbEntity
  8
0
100
AcDbCircle
 10
-3.150000000000034
 20
-5.250000000000183
 30
0.0
 40
0.1100000000000136
  0
CIRCLE
  5
CE5
330
93C
100
AcDbEntity
  8
0
100
AcDbCircle
 10
-3.150000000000034
 20
-5.600000000000065
 30
0.0
 40
0.1100000000000136
  0
CIRCLE
  5
CE6
330
93C
100
AcDbEntity
  8
0
100
AcDbCircle
 10
-3.150000000000034
 20
-5.95000000000016
 30
0.0
 40
0.1100000000000136
  0
CIRCLE
  5
CE7
330
93C
100
AcDbEntity
  8
0
100
AcDbCircle
 10
-3.150000000000034
 20
-6.300000000000181
 30
0.0
 40
0.1100000000000136
  0
CIRCLE
  5
CE8
330
93C
100
AcDbEntity
  8
0
100
AcDbCircle
 10
-3.500000000000055
 20
5.949999999999803
 30
0.0
 40
0.1100000000000136
  0
CIRCLE
  5
CE9
330
93C
100
AcDbEntity
  8
0
100
AcDbCircle
 10
-3.500000000000055
 20
6.299999999999712
 30
0.0
 40
0.1100000000000705
  0
CIRCLE
  5
CEA
330
93C
100
AcDbEntity
  8
0
100
AcDbCircle
 10
-3.500000000000055
 20
6.64999999999992
 30
0.0
 40
0.1100000000000705
  0
CIRCLE
  5
CEB
330
93C
100
AcDbEntity
  8
0
100
AcDbCircle
 10
-3.150000000000034
 20
-6.650000000000047
 30
0.0
 40
0.1100000000000136
  0
CIRCLE
  5
CEC
330
93C
100
AcDbEntity
  8
0
100
AcDbCircle
 10
-3.150000000000034
 20
-4.900000000000074
 30
0.0
 40
0.1100000000000136
  0
CIRCLE
  5
CED
330
93C
100
AcDbEntity
  8
0
100
AcDbCircle
 10
-3.15000000000009
 20
-4.550000000000181
 30
0.0
 40
0.1100000000000136
  0
CIRCLE
  5
CEE
330
93C
100
AcDbEntity
  8
0
100
AcDbCircle
 10
-3.15000000000009
 20
-3.850000000000065
 30
0.0
 40
0.1100000000000136
  0
CIRCLE
  5
CEF
330
93C
100
AcDbEntity
  8
0
100
AcDbCircle
 10
-3.15000000000009
 20
-3.150000000000076
 30
0.0
 40
0.1100000000000136
  0
CIRCLE
  5
CF0
330
93C
100
AcDbEntity
  8
0
100
AcDbCircle
 10
-3.15000000000009
 20
-1.750000000000184
 30
0.0
 40
0.1100000000000136
  0
CIRCLE
  5
CF1
330
93C
100
AcDbEntity
  8
0
100
AcDbCircle
 10
-3.15000000000009
 20
-1.050000000000194
 30
0.0
 40
0.1100000000000136
  0
CIRCLE
  5
CF2
330
93C
100
AcDbEntity
  8
0
100
AcDbCircle
 10
-3.15000000000009
 20
-0.3500000000000512
 30
0.0
 40
0.1100000000000136
  0
CIRCLE
  5
CF3
330
93C
100
AcDbEntity
  8
0
100
AcDbCircle
 10
-3.15000000000009
 20
-0.0000000000001705
 30
0.0
 40
0.1100000000000136
  0
CIRCLE
  5
CF4
330
93C
100
AcDbEntity
  8
0
100
AcDbCircle
 10
-3.500000000000055
 20
5.599999999999921
 30
0.0
 40
0.1100000000000136
  0
CIRCLE
  5
CF5
330
93C
100
AcDbEntity
  8
0
100
AcDbCircle
 10
-3.500000000000055
 20
5.249999999999828
 30
0.0
 40
0.1100000000000136
  0
CIRCLE
  5
CF6
330
93C
100
AcDbEntity
  8
0
100
AcDbCircle
 10
-3.500000000000055
 20
4.89999999999992
 30
0.0
 40
0.1100000000000136
  0
CIRCLE
  5
CF7
330
93C
100
AcDbEntity
  8
0
100
AcDbCircle
 10
-3.500000000000055
 20
4.549999999999855
 30
0.0
 40
0.1100000000000136
  0
CIRCLE
  5
CF8
330
93C
100
AcDbEntity
  8
0
100
AcDbCircle
 10
-3.500000000000055
 20
4.199999999999803
 30
0.0
 40
0.1100000000000136
  0
CIRCLE
  5
CF9
330
93C
100
AcDbEntity
  8
0
100
AcDbCircle
 10
-3.500000000000055
 20
3.849999999999923
 30
0.0
 40
0.1100000000000136
  0
CIRCLE
  5
CFA
330
93C
100
AcDbEntity
  8
0
100
AcDbCircle
 10
-3.500000000000055
 20
2.449999999999803
 30
0.0
 40
0.1100000000000136
  0
CIRCLE
  5
CFB
330
93C
100
AcDbEntity
  8
0
100
AcDbCircle
 10
-3.500000000000055
 20
1.04999999999974
 30
0.0
 40
0.1099999999999568
  0
CIRCLE
  5
CFC
330
93C
100
AcDbEntity
  8
0
100
AcDbCircle
 10
-3.500000000000055
 20
0.6999999999998039
 30
0.0
 40
0.1099999999999568
  0
CIRCLE
  5
CFD
330
93C
100
AcDbEntity
  8
0
100
AcDbCircle
 10
-3.500000000000055
 20
0.3499999999999233
 30
0.0
 40
0.1099999999999568
  0
CIRCLE
  5
CFE
330
93C
100
AcDbEntity
  8
0
100
AcDbCircle
 10
-3.5
 20
-0.0000000000001705
 30
0.0
 40
0.1100000000000136
  0
CIRCLE
  5
CFF
330
93C
100
AcDbEntity
  8
0
100
AcDbCircle
 10
-3.5
 20
-0.7000000000001592
 30
0.0
 40
0.1100000000000136
  0
CIRCLE
  5
D00
330
93C
100
AcDbEntity
  8
0
100
AcDbCircle
 10
-3.5
 20
-1.400000000000076
 30
0.0
 40
0.1100000000000136
  0
CIRCLE
  5
D01
330
93C
100
AcDbEntity
  8
0
100
AcDbCircle
 10
-3.5
 20
-1.750000000000184
 30
0.0
 40
0.1100000000000136
  0
CIRCLE
  5
D02
330
93C
100
AcDbEntity
  8
0
100
AcDbCircle
 10
-3.5
 20
-3.150000000000076
 30
0.0
 40
0.1100000000000136
  0
CIRCLE
  5
D03
330
93C
100
AcDbEntity
  8
0
100
AcDbCircle
 10
-3.5
 20
-3.500000000000181
 30
0.0
 40
0.1100000000000136
  0
CIRCLE
  5
D04
330
93C
100
AcDbEntity
  8
0
100
AcDbCircle
 10
-4.550000000000181
 20
1.049999999999726
 30
0.0
 40
0.1100000000000705
  0
CIRCLE
  5
D05
330
93C
100
AcDbEntity
  8
0
100
AcDbCircle
 10
-4.550000000000238
 20
1.399999999999934
 30
0.0
 40
0.1100000000000136
  0
CIRCLE
  5
D06
330
93C
100
AcDbEntity
  8
0
100
AcDbCircle
 10
-4.550000000000238
 20
2.099999999999909
 30
0.0
 40
0.1100000000000136
  0
CIRCLE
  5
D07
330
93C
100
AcDbEntity
  8
0
100
AcDbCircle
 10
-4.550000000000238
 20
2.799999999999698
 30
0.0
 40
0.1100000000000136
  0
CIRCLE
  5
D08
330
93C
100
AcDbEntity
  8
0
100
AcDbCircle
 10
-4.550000000000238
 20
3.499999999999815
 30
0.0
 40
0.1100000000000136
  0
CIRCLE
  5
D09
330
93C
100
AcDbEntity
  8
0
100
AcDbCircle
 10
-4.550000000000238
 20
4.199999999999787
 30
0.0
 40
0.1100000000000136
  0
CIRCLE
  5
D0A
330
93C
100
AcDbEntity
  8
0
100
AcDbCircle
 10
-4.550000000000238
 20
4.549999999999839
 30
0.0
 40
0.1100000000000136
  0
CIRCLE
  5
D0B
330
93C
100
AcDbEntity
  8
0
100
AcDbCircle
 10
-4.550000000000238
 20
5.249999999999815
 30
0.0
 40
0.1100000000000136
  0
CIRCLE
  5
D0C
330
93C
100
AcDbEntity
  8
0
100
AcDbCircle
 10
-4.550000000000238
 20
5.599999999999909
 30
0.0
 40
0.1100000000000136
  0
CIRCLE
  5
D0D
330
93C
100
AcDbEntity
  8
0
100
AcDbCircle
 10
-4.550000000000238
 20
5.949999999999787
 30
0.0
 40
0.1100000000000136
  0
CIRCLE
  5
D0E
330
93C
100
AcDbEntity
  8
0
100
AcDbCircle
 10
-4.550000000000292
 20
6.299999999999696
 30
0.0
 40
0.1099999999999568
  0
CIRCLE
  5
D0F
330
93C
100
AcDbEntity
  8
0
100
AcDbCircle
 10
-4.550000000000292
 20
6.649999999999906
 30
0.0
 40
0.1099999999999568
  0
CIRCLE
  5
D10
330
93C
100
AcDbEntity
  8
0
100
AcDbCircle
 10
-4.199999999999818
 20
-6.650000000000061
 30
0.0
 40
0.1100000000000136
  0
CIRCLE
  5
D11
330
93C
100
AcDbEntity
  8
0
100
AcDbCircle
 10
-4.199999999999818
 20
-6.300000000000196
 30
0.0
 40
0.1100000000000136
  0
CIRCLE
  5
D12
330
93C
100
AcDbEntity
  8
0
100
AcDbCircle
 10
-4.199999999999818
 20
-5.950000000000172
 30
0.0
 40
0.1100000000000136
  0
CIRCLE
  5
D13
330
93C
100
AcDbEntity
  8
0
100
AcDbCircle
 10
-4.199999999999818
 20
-5.600000000000078
 30
0.0
 40
0.1100000000000136
  0
CIRCLE
  5
D14
330
93C
100
AcDbEntity
  8
0
100
AcDbCircle
 10
-4.550000000000125
 20
-4.90000000000009
 30
0.0
 40
0.1100000000000136
  0
CIRCLE
  5
D15
330
93C
100
AcDbEntity
  8
0
100
AcDbCircle
 10
-4.550000000000125
 20
-5.250000000000198
 30
0.0
 40
0.1100000000000136
  0
CIRCLE
  5
D16
330
93C
100
AcDbEntity
  8
0
100
AcDbCircle
 10
-4.550000000000125
 20
-5.600000000000078
 30
0.0
 40
0.1100000000000136
  0
CIRCLE
  5
D17
330
93C
100
AcDbEntity
  8
0
100
AcDbCircle
 10
-4.550000000000125
 20
-5.950000000000172
 30
0.0
 40
0.1100000000000136
  0
CIRCLE
  5
D18
330
93C
100
AcDbEntity
  8
0
100
AcDbCircle
 10
-4.550000000000125
 20
-6.300000000000196
 30
0.0
 40
0.1100000000000136
  0
CIRCLE
  5
D19
330
93C
100
AcDbEntity
  8
0
100
AcDbCircle
 10
-4.550000000000125
 20
-6.650000000000061
 30
0.0
 40
0.1100000000000136
  0
CIRCLE
  5
D1A
330
93C
100
AcDbEntity
  8
0
100
AcDbCircle
 10
-4.900000000000146
 20
6.649999999999906
 30
0.0
 40
0.1100000000000705
  0
CIRCLE
  5
D1B
330
93C
100
AcDbEntity
  8
0
100
AcDbCircle
 10
-4.900000000000146
 20
6.299999999999696
 30
0.0
 40
0.1100000000000705
  0
CIRCLE
  5
D1C
330
93C
100
AcDbEntity
  8
0
100
AcDbCircle
 10
-4.550000000000181
 20
-4.550000000000196
 30
0.0
 40
0.1099999999999568
  0
CIRCLE
  5
D1D
330
93C
100
AcDbEntity
  8
0
100
AcDbCircle
 10
-4.550000000000181
 20
-3.850000000000065
 30
0.0
 40
0.1100000000000136
  0
CIRCLE
  5
D1E
330
93C
100
AcDbEntity
  8
0
100
AcDbCircle
 10
-4.550000000000181
 20
-3.15000000000009
 30
0.0
 40
0.1100000000000136
  0
CIRCLE
  5
D1F
330
93C
100
AcDbEntity
  8
0
100
AcDbCircle
 10
-4.550000000000181
 20
-2.450000000000287
 30
0.0
 40
0.1100000000000136
  0
CIRCLE
  5
D20
330
93C
100
AcDbEntity
  8
0
100
AcDbCircle
 10
-4.550000000000181
 20
-1.750000000000198
 30
0.0
 40
0.1100000000000136
  0
CIRCLE
  5
D21
330
93C
100
AcDbEntity
  8
0
100
AcDbCircle
 10
-4.550000000000181
 20
-1.050000000000208
 30
0.0
 40
0.1100000000000136
  0
CIRCLE
  5
D22
330
93C
100
AcDbEntity
  8
0
100
AcDbCircle
 10
-4.550000000000181
 20
-0.3500000000000654
 30
0.0
 40
0.1100000000000136
  0
CIRCLE
  5
D23
330
93C
100
AcDbEntity
  8
0
100
AcDbCircle
 10
-4.550000000000181
 20
0.349999999999909
 30
0.0
 40
0.1100000000000705
  0
CIRCLE
  5
D24
330
93C
100
AcDbEntity
  8
0
100
AcDbCircle
 10
-4.199999999999818
 20
-5.250000000000198
 30
0.0
 40
0.1100000000000136
  0
CIRCLE
  5
D25
330
93C
100
AcDbEntity
  8
0
100
AcDbCircle
 10
-4.199999999999818
 20
-4.90000000000009
 30
0.0
 40
0.1100000000000136
  0
CIRCLE
  5
D26
330
93C
100
AcDbEntity
  8
0
100
AcDbCircle
 10
-4.199999999999874
 20
-4.550000000000196
 30
0.0
 40
0.1099999999999568
  0
CIRCLE
  5
D27
330
93C
100
AcDbEntity
  8
0
100
AcDbCircle
 10
-4.199999999999874
 20
-4.200000000000287
 30
0.0
 40
0.1100000000000136
  0
CIRCLE
  5
D28
330
93C
100
AcDbEntity
  8
0
100
AcDbCircle
 10
-4.199999999999874
 20
-3.500000000000198
 30
0.0
 40
0.1100000000000136
  0
CIRCLE
  5
D29
330
93C
100
AcDbEntity
  8
0
100
AcDbCircle
 10
-4.199999999999874
 20
-2.800000000000181
 30
0.0
 40
0.1100000000000136
  0
CIRCLE
  5
D2A
330
93C
100
AcDbEntity
  8
0
100
AcDbCircle
 10
-4.199999999999874
 20
-2.450000000000287
 30
0.0
 40
0.1100000000000136
  0
CIRCLE
  5
D2B
330
93C
100
AcDbEntity
  8
0
100
AcDbCircle
 10
-4.199999999999874
 20
-2.100000000000064
 30
0.0
 40
0.1100000000000136
  0
CIRCLE
  5
D2C
330
93C
100
AcDbEntity
  8
0
100
AcDbCircle
 10
-4.199999999999874
 20
-1.750000000000198
 30
0.0
 40
0.1100000000000136
  0
CIRCLE
  5
D2D
330
93C
100
AcDbEntity
  8
0
100
AcDbCircle
 10
-4.199999999999874
 20
-1.40000000000009
 30
0.0
 40
0.1100000000000136
  0
CIRCLE
  5
D2E
330
93C
100
AcDbEntity
  8
0
100
AcDbCircle
 10
-4.199999999999874
 20
-0.7000000000001734
 30
0.0
 40
0.1100000000000136
  0
CIRCLE
  5
D2F
330
93C
100
AcDbEntity
  8
0
100
AcDbCircle
 10
-4.199999999999874
 20
-0.3500000000000654
 30
0.0
 40
0.1100000000000136
  0
CIRCLE
  5
D30
330
93C
100
AcDbEntity
  8
0
100
AcDbCircle
 10
-4.199999999999874
 20
-0.0000000000001847
 30
0.0
 40
0.1100000000000136
  0
CIRCLE
  5
D31
330
93C
100
AcDbEntity
  8
0
100
AcDbCircle
 10
-4.199999999999874
 20
0.349999999999909
 30
0.0
 40
0.1100000000000705
  0
CIRCLE
  5
D32
330
93C
100
AcDbEntity
  8
0
100
AcDbCircle
 10
-4.199999999999874
 20
0.6999999999997897
 30
0.0
 40
0.1100000000000705
  0
CIRCLE
  5
D33
330
93C
100
AcDbEntity
  8
0
100
AcDbCircle
 10
-4.199999999999874
 20
1.049999999999726
 30
0.0
 40
0.1100000000000705
  0
CIRCLE
  5
D34
330
93C
100
AcDbEntity
  8
0
100
AcDbCircle
 10
-4.19999999999993
 20
1.399999999999934
 30
0.0
 40
0.1100000000000136
  0
CIRCLE
  5
D35
330
93C
100
AcDbEntity
  8
0
100
AcDbCircle
 10
-4.19999999999993
 20
1.749999999999815
 30
0.0
 40
0.1100000000000136
  0
CIRCLE
  5
D36
330
93C
100
AcDbEntity
  8
0
100
AcDbCircle
 10
-4.19999999999993
 20
2.099999999999909
 30
0.0
 40
0.1100000000000136
  0
CIRCLE
  5
D37
330
93C
100
AcDbEntity
  8
0
100
AcDbCircle
 10
-4.19999999999993
 20
2.449999999999787
 30
0.0
 40
0.1100000000000136
  0
CIRCLE
  5
D38
330
93C
100
AcDbEntity
  8
0
100
AcDbCircle
 10
-4.19999999999993
 20
2.799999999999698
 30
0.0
 40
0.1100000000000136
  0
CIRCLE
  5
D39
330
93C
100
AcDbEntity
  8
0
100
AcDbCircle
 10
-4.19999999999993
 20
3.149999999999933
 30
0.0
 40
0.1100000000000136
  0
CIRCLE
  5
D3A
330
93C
100
AcDbEntity
  8
0
100
AcDbCircle
 10
-4.19999999999993
 20
3.499999999999815
 30
0.0
 40
0.1100000000000136
  0
CIRCLE
  5
D3B
330
93C
100
AcDbEntity
  8
0
100
AcDbCircle
 10
-4.19999999999993
 20
3.849999999999908
 30
0.0
 40
0.1100000000000136
  0
CIRCLE
  5
D3C
330
93C
100
AcDbEntity
  8
0
100
AcDbCircle
 10
-4.19999999999993
 20
4.199999999999787
 30
0.0
 40
0.1100000000000136
  0
CIRCLE
  5
D3D
330
93C
100
AcDbEntity
  8
0
100
AcDbCircle
 10
-4.19999999999993
 20
4.549999999999839
 30
0.0
 40
0.1100000000000136
  0
CIRCLE
  5
D3E
330
93C
100
AcDbEntity
  8
0
100
AcDbCircle
 10
-4.19999999999993
 20
4.899999999999906
 30
0.0
 40
0.1100000000000136
  0
CIRCLE
  5
D3F
330
93C
100
AcDbEntity
  8
0
100
AcDbCircle
 10
-4.19999999999993
 20
5.249999999999815
 30
0.0
 40
0.1100000000000136
  0
CIRCLE
  5
D40
330
93C
100
AcDbEntity
  8
0
100
AcDbCircle
 10
-4.19999999999993
 20
5.599999999999909
 30
0.0
 40
0.1100000000000136
  0
CIRCLE
  5
D41
330
93C
100
AcDbEntity
  8
0
100
AcDbCircle
 10
-4.19999999999993
 20
5.949999999999787
 30
0.0
 40
0.1100000000000136
  0
CIRCLE
  5
D42
330
93C
100
AcDbEntity
  8
0
100
AcDbCircle
 10
-4.199999999999985
 20
6.299999999999696
 30
0.0
 40
0.1099999999999568
  0
CIRCLE
  5
D43
330
93C
100
AcDbEntity
  8
0
100
AcDbCircle
 10
-4.199999999999985
 20
6.649999999999906
 30
0.0
 40
0.1099999999999568
  0
CIRCLE
  5
D44
330
93C
100
AcDbEntity
  8
0
100
AcDbCircle
 10
6.300000000000125
 20
-0.3499999999999517
 30
0.0
 40
0.1100000000000136
  0
CIRCLE
  5
D45
330
93C
100
AcDbEntity
  8
0
100
AcDbCircle
 10
6.300000000000125
 20
-0.0000000000000853
 30
0.0
 40
0.1100000000000136
  0
CIRCLE
  5
D46
330
93C
100
AcDbEntity
  8
0
100
AcDbCircle
 10
6.300000000000068
 20
0.3500000000000227
 30
0.0
 40
0.1099999999999568
  0
CIRCLE
  5
D47
330
93C
100
AcDbEntity
  8
0
100
AcDbCircle
 10
6.300000000000068
 20
0.6999999999999034
 30
0.0
 40
0.1099999999999568
  0
CIRCLE
  5
D48
330
93C
100
AcDbEntity
  8
0
100
AcDbCircle
 10
6.300000000000068
 20
1.049999999999824
 30
0.0
 40
0.1099999999999568
  0
CIRCLE
  5
D49
330
93C
100
AcDbEntity
  8
0
100
AcDbCircle
 10
6.300000000000068
 20
1.400000000000043
 30
0.0
 40
0.1100000000000136
  0
CIRCLE
  5
D4A
330
93C
100
AcDbEntity
  8
0
100
AcDbCircle
 10
6.300000000000068
 20
1.749999999999914
 30
0.0
 40
0.1100000000000136
  0
CIRCLE
  5
D4B
330
93C
100
AcDbEntity
  8
0
100
AcDbCircle
 10
6.300000000000068
 20
2.10000000000002
 30
0.0
 40
0.1100000000000136
  0
CIRCLE
  5
D4C
330
93C
100
AcDbEntity
  8
0
100
AcDbCircle
 10
6.300000000000068
 20
2.449999999999903
 30
0.0
 40
0.1100000000000136
  0
CIRCLE
  5
D4D
330
93C
100
AcDbEntity
  8
0
100
AcDbCircle
 10
6.300000000000068
 20
2.799999999999812
 30
0.0
 40
0.1100000000000136
  0
CIRCLE
  5
D4E
330
93C
100
AcDbEntity
  8
0
100
AcDbCircle
 10
6.300000000000068
 20
3.150000000000048
 30
0.0
 40
0.1100000000000136
  0
CIRCLE
  5
D4F
330
93C
100
AcDbEntity
  8
0
100
AcDbCircle
 10
6.300000000000068
 20
3.499999999999928
 30
0.0
 40
0.1100000000000136
  0
CIRCLE
  5
D50
330
93C
100
AcDbEntity
  8
0
100
AcDbCircle
 10
6.300000000000068
 20
3.850000000000021
 30
0.0
 40
0.1100000000000136
  0
CIRCLE
  5
D51
330
93C
100
AcDbEntity
  8
0
100
AcDbCircle
 10
6.300000000000068
 20
4.199999999999903
 30
0.0
 40
0.1100000000000136
  0
CIRCLE
  5
D52
330
93C
100
AcDbEntity
  8
0
100
AcDbCircle
 10
6.300000000000068
 20
4.54999999999994
 30
0.0
 40
0.1100000000000136
  0
CIRCLE
  5
D53
330
93C
100
AcDbEntity
  8
0
100
AcDbCircle
 10
6.300000000000068
 20
4.900000000000018
 30
0.0
 40
0.1100000000000136
  0
CIRCLE
  5
D54
330
93C
100
AcDbEntity
  8
0
100
AcDbCircle
 10
6.650000000000147
 20
-3.149999999999963
 30
0.0
 40
0.1100000000000136
  0
CIRCLE
  5
D55
330
93C
100
AcDbEntity
  8
0
100
AcDbCircle
 10
6.650000000000147
 20
-3.500000000000071
 30
0.0
 40
0.1100000000000136
  0
CIRCLE
  5
D56
330
93C
100
AcDbEntity
  8
0
100
AcDbCircle
 10
6.650000000000147
 20
-3.849999999999951
 30
0.0
 40
0.1100000000000136
  0
CIRCLE
  5
D57
330
93C
100
AcDbEntity
  8
0
100
AcDbCircle
 10
6.650000000000147
 20
-4.200000000000158
 30
0.0
 40
0.1100000000000136
  0
CIRCLE
  5
D58
330
93C
100
AcDbEntity
  8
0
100
AcDbCircle
 10
6.650000000000147
 20
-4.550000000000068
 30
0.0
 40
0.1100000000000136
  0
CIRCLE
  5
D59
330
93C
100
AcDbEntity
  8
0
100
AcDbCircle
 10
6.650000000000202
 20
-4.899999999999976
 30
0.0
 40
0.1100000000000136
  0
CIRCLE
  5
D5A
330
93C
100
AcDbEntity
  8
0
100
AcDbCircle
 10
6.650000000000202
 20
-5.250000000000071
 30
0.0
 40
0.1100000000000136
  0
CIRCLE
  5
D5B
330
93C
100
AcDbEntity
  8
0
100
AcDbCircle
 10
6.650000000000202
 20
-5.599999999999949
 30
0.0
 40
0.1100000000000136
  0
CIRCLE
  5
D5C
330
93C
100
AcDbEntity
  8
0
100
AcDbCircle
 10
6.300000000000068
 20
5.249999999999928
 30
0.0
 40
0.1100000000000136
  0
CIRCLE
  5
D5D
330
93C
100
AcDbEntity
  8
0
100
AcDbCircle
 10
6.300000000000068
 20
5.600000000000021
 30
0.0
 40
0.1100000000000136
  0
CIRCLE
  5
D5E
330
93C
100
AcDbEntity
  8
0
100
AcDbCircle
 10
6.300000000000068
 20
5.949999999999902
 30
0.0
 40
0.1100000000000136
  0
CIRCLE
  5
D5F
330
93C
100
AcDbEntity
  8
0
100
AcDbCircle
 10
6.300000000000068
 20
6.299999999999812
 30
0.0
 40
0.1100000000000705
  0
CIRCLE
  5
D60
330
93C
100
AcDbEntity
  8
0
100
AcDbCircle
 10
6.650000000000202
 20
-5.950000000000045
 30
0.0
 40
0.1100000000000136
  0
CIRCLE
  5
D61
330
93C
100
AcDbEntity
  8
0
100
AcDbCircle
 10
6.650000000000202
 20
-6.300000000000068
 30
0.0
 40
0.1100000000000136
  0
CIRCLE
  5
D62
330
93C
100
AcDbEntity
  8
0
100
AcDbCircle
 10
6.650000000000202
 20
-6.649999999999947
 30
0.0
 40
0.1100000000000136
  0
CIRCLE
  5
D63
330
93C
100
AcDbEntity
  8
0
100
AcDbCircle
 10
6.300000000000068
 20
6.650000000000019
 30
0.0
 40
0.1100000000000705
  0
CIRCLE
  5
D64
330
93C
100
AcDbEntity
  8
0
100
AcDbCircle
 10
5.949999999999761
 20
4.900000000000003
 30
0.0
 40
0.1099999999999568
  0
CIRCLE
  5
D65
330
93C
100
AcDbEntity
  8
0
100
AcDbCircle
 10
5.949999999999761
 20
5.249999999999912
 30
0.0
 40
0.1099999999999568
  0
CIRCLE
  5
D66
330
93C
100
AcDbEntity
  8
0
100
AcDbCircle
 10
5.949999999999761
 20
5.600000000000008
 30
0.0
 40
0.1099999999999568
  0
CIRCLE
  5
D67
330
93C
100
AcDbEntity
  8
0
100
AcDbCircle
 10
5.949999999999761
 20
5.949999999999889
 30
0.0
 40
0.1099999999999568
  0
CIRCLE
  5
D68
330
93C
100
AcDbEntity
  8
0
100
AcDbCircle
 10
5.949999999999761
 20
6.299999999999797
 30
0.0
 40
0.1100000000000136
  0
CIRCLE
  5
D69
330
93C
100
AcDbEntity
  8
0
100
AcDbCircle
 10
5.949999999999761
 20
6.650000000000002
 30
0.0
 40
0.1100000000000136
  0
CIRCLE
  5
D6A
330
93C
100
AcDbEntity
  8
0
100
AcDbCircle
 10
6.300000000000181
 20
-6.649999999999947
 30
0.0
 40
0.1100000000000136
  0
CIRCLE
  5
D6B
330
93C
100
AcDbEntity
  8
0
100
AcDbCircle
 10
6.300000000000181
 20
-6.300000000000068
 30
0.0
 40
0.1100000000000136
  0
CIRCLE
  5
D6C
330
93C
100
AcDbEntity
  8
0
100
AcDbCircle
 10
5.949999999999761
 20
4.549999999999925
 30
0.0
 40
0.1099999999999568
  0
CIRCLE
  5
D6D
330
93C
100
AcDbEntity
  8
0
100
AcDbCircle
 10
5.949999999999761
 20
4.199999999999888
 30
0.0
 40
0.1099999999999568
  0
CIRCLE
  5
D6E
330
93C
100
AcDbEntity
  8
0
100
AcDbCircle
 10
5.949999999999761
 20
3.850000000000008
 30
0.0
 40
0.1099999999999568
  0
CIRCLE
  5
D6F
330
93C
100
AcDbEntity
  8
0
100
AcDbCircle
 10
5.949999999999761
 20
3.499999999999912
 30
0.0
 40
0.1099999999999568
  0
CIRCLE
  5
D70
330
93C
100
AcDbEntity
  8
0
100
AcDbCircle
 10
5.949999999999761
 20
3.150000000000034
 30
0.0
 40
0.1099999999999568
  0
CIRCLE
  5
D71
330
93C
100
AcDbEntity
  8
0
100
AcDbCircle
 10
5.949999999999761
 20
2.799999999999798
 30
0.0
 40
0.1099999999999568
  0
CIRCLE
  5
D72
330
93C
100
AcDbEntity
  8
0
100
AcDbCircle
 10
5.949999999999761
 20
2.449999999999889
 30
0.0
 40
0.1099999999999568
  0
CIRCLE
  5
D73
330
93C
100
AcDbEntity
  8
0
100
AcDbCircle
 10
5.949999999999761
 20
2.100000000000008
 30
0.0
 40
0.1099999999999568
  0
CIRCLE
  5
D74
330
93C
100
AcDbEntity
  8
0
100
AcDbCircle
 10
6.300000000000181
 20
-5.950000000000045
 30
0.0
 40
0.1100000000000136
  0
CIRCLE
  5
D75
330
93C
100
AcDbEntity
  8
0
100
AcDbCircle
 10
6.300000000000181
 20
-5.599999999999949
 30
0.0
 40
0.1100000000000136
  0
CIRCLE
  5
D76
330
93C
100
AcDbEntity
  8
0
100
AcDbCircle
 10
6.300000000000181
 20
-5.250000000000071
 30
0.0
 40
0.1100000000000136
  0
CIRCLE
  5
D77
330
93C
100
AcDbEntity
  8
0
100
AcDbCircle
 10
6.300000000000181
 20
-4.899999999999976
 30
0.0
 40
0.1100000000000136
  0
CIRCLE
  5
D78
330
93C
100
AcDbEntity
  8
0
100
AcDbCircle
 10
6.300000000000181
 20
-4.550000000000068
 30
0.0
 40
0.1100000000000705
  0
CIRCLE
  5
D79
330
93C
100
AcDbEntity
  8
0
100
AcDbCircle
 10
6.300000000000125
 20
-4.200000000000158
 30
0.0
 40
0.1100000000000136
  0
CIRCLE
  5
D7A
330
93C
100
AcDbEntity
  8
0
100
AcDbCircle
 10
6.300000000000125
 20
-3.849999999999951
 30
0.0
 40
0.1100000000000136
  0
CIRCLE
  5
D7B
330
93C
100
AcDbEntity
  8
0
100
AcDbCircle
 10
6.300000000000125
 20
-3.500000000000071
 30
0.0
 40
0.1100000000000136
  0
CIRCLE
  5
D7C
330
93C
100
AcDbEntity
  8
0
100
AcDbCircle
 10
6.300000000000125
 20
-3.149999999999963
 30
0.0
 40
0.1100000000000136
  0
CIRCLE
  5
D7D
330
93C
100
AcDbEntity
  8
0
100
AcDbCircle
 10
6.300000000000125
 20
-2.800000000000068
 30
0.0
 40
0.1100000000000136
  0
CIRCLE
  5
D7E
330
93C
100
AcDbEntity
  8
0
100
AcDbCircle
 10
6.300000000000125
 20
-2.450000000000173
 30
0.0
 40
0.1100000000000136
  0
CIRCLE
  5
D7F
330
93C
100
AcDbEntity
  8
0
100
AcDbCircle
 10
6.300000000000125
 20
-2.099999999999965
 30
0.0
 40
0.1100000000000136
  0
CIRCLE
  5
D80
330
93C
100
AcDbEntity
  8
0
100
AcDbCircle
 10
6.300000000000125
 20
-1.750000000000085
 30
0.0
 40
0.1100000000000136
  0
CIRCLE
  5
D81
330
93C
100
AcDbEntity
  8
0
100
AcDbCircle
 10
6.300000000000125
 20
-1.399999999999977
 30
0.0
 40
0.1100000000000136
  0
CIRCLE
  5
D82
330
93C
100
AcDbEntity
  8
0
100
AcDbCircle
 10
6.300000000000125
 20
-1.050000000000094
 30
0.0
 40
0.1100000000000136
  0
CIRCLE
  5
D83
330
93C
100
AcDbEntity
  8
0
100
AcDbCircle
 10
6.300000000000125
 20
-0.7000000000000597
 30
0.0
 40
0.1100000000000136
  0
CIRCLE
  5
D84
330
93C
100
AcDbEntity
  8
0
100
AcDbCircle
 10
6.999999999999943
 20
5.949999999999917
 30
0.0
 40
0.1100000000000136
  0
CIRCLE
  5
D85
330
93C
100
AcDbEntity
  8
0
100
AcDbCircle
 10
6.999999999999943
 20
5.249999999999943
 30
0.0
 40
0.1100000000000136
  0
CIRCLE
  5
D86
330
93C
100
AcDbEntity
  8
0
100
AcDbCircle
 10
6.999999999999943
 20
4.900000000000034
 30
0.0
 40
0.1100000000000136
  0
CIRCLE
  5
D87
330
93C
100
AcDbEntity
  8
0
100
AcDbCircle
 10
6.999999999999943
 20
4.549999999999954
 30
0.0
 40
0.1100000000000136
  0
CIRCLE
  5
D88
330
93C
100
AcDbEntity
  8
0
100
AcDbCircle
 10
6.999999999999943
 20
4.199999999999917
 30
0.0
 40
0.1100000000000136
  0
CIRCLE
  5
D89
330
93C
100
AcDbEntity
  8
0
100
AcDbCircle
 10
6.999999999999943
 20
3.850000000000036
 30
0.0
 40
0.1100000000000136
  0
CIRCLE
  5
D8A
330
93C
100
AcDbEntity
  8
0
100
AcDbCircle
 10
6.999999999999943
 20
3.499999999999943
 30
0.0
 40
0.1100000000000136
  0
CIRCLE
  5
D8B
330
93C
100
AcDbEntity
  8
0
100
AcDbCircle
 10
6.999999999999943
 20
3.150000000000062
 30
0.0
 40
0.1100000000000136
  0
CIRCLE
  5
D8C
330
93C
100
AcDbEntity
  8
0
100
AcDbCircle
 10
6.999999999999943
 20
2.799999999999825
 30
0.0
 40
0.1100000000000136
  0
CIRCLE
  5
D8D
330
93C
100
AcDbEntity
  8
0
100
AcDbCircle
 10
6.999999999999943
 20
2.449999999999914
 30
0.0
 40
0.1100000000000136
  0
CIRCLE
  5
D8E
330
93C
100
AcDbEntity
  8
0
100
AcDbCircle
 10
6.999999999999943
 20
2.100000000000034
 30
0.0
 40
0.1100000000000136
  0
CIRCLE
  5
D8F
330
93C
100
AcDbEntity
  8
0
100
AcDbCircle
 10
6.999999999999943
 20
1.749999999999928
 30
0.0
 40
0.1100000000000136
  0
CIRCLE
  5
D90
330
93C
100
AcDbEntity
  8
0
100
AcDbCircle
 10
6.999999999999943
 20
1.400000000000062
 30
0.0
 40
0.1100000000000136
  0
CIRCLE
  5
D91
330
93C
100
AcDbEntity
  8
0
100
AcDbCircle
 10
7.0
 20
1.049999999999839
 30
0.0
 40
0.1100000000000705
  0
CIRCLE
  5
D92
330
93C
100
AcDbEntity
  8
0
100
AcDbCircle
 10
7.0
 20
0.6999999999999176
 30
0.0
 40
0.1100000000000705
  0
CIRCLE
  5
D93
330
93C
100
AcDbEntity
  8
0
100
AcDbCircle
 10
7.0
 20
0.3500000000000369
 30
0.0
 40
0.1100000000000136
  0
CIRCLE
  5
D94
330
93C
100
AcDbEntity
  8
0
100
AcDbCircle
 10
7.0
 20
-0.0000000000000711
 30
0.0
 40
0.1100000000000136
  0
CIRCLE
  5
D95
330
93C
100
AcDbEntity
  8
0
100
AcDbCircle
 10
7.0
 20
-0.3499999999999375
 30
0.0
 40
0.1100000000000136
  0
CIRCLE
  5
D96
330
93C
100
AcDbEntity
  8
0
100
AcDbCircle
 10
7.0
 20
-0.7000000000000455
 30
0.0
 40
0.1100000000000136
  0
CIRCLE
  5
D97
330
93C
100
AcDbEntity
  8
0
100
AcDbCircle
 10
7.0
 20
-1.050000000000082
 30
0.0
 40
0.1100000000000136
  0
CIRCLE
  5
D98
330
93C
100
AcDbEntity
  8
0
100
AcDbCircle
 10
7.0
 20
-1.399999999999961
 30
0.0
 40
0.1100000000000136
  0
CIRCLE
  5
D99
330
93C
100
AcDbEntity
  8
0
100
AcDbCircle
 10
7.0
 20
-1.750000000000069
 30
0.0
 40
0.1100000000000136
  0
CIRCLE
  5
D9A
330
93C
100
AcDbEntity
  8
0
100
AcDbCircle
 10
7.0
 20
-2.099999999999949
 30
0.0
 40
0.1100000000000136
  0
CIRCLE
  5
D9B
330
93C
100
AcDbEntity
  8
0
100
AcDbCircle
 10
7.0
 20
-2.450000000000159
 30
0.0
 40
0.1100000000000136
  0
CIRCLE
  5
D9C
330
93C
100
AcDbEntity
  8
0
100
AcDbCircle
 10
7.0
 20
-2.800000000000068
 30
0.0
 40
0.1100000000000136
  0
CIRCLE
  5
D9D
330
93C
100
AcDbEntity
  8
0
100
AcDbCircle
 10
7.0
 20
-3.149999999999963
 30
0.0
 40
0.1100000000000136
  0
CIRCLE
  5
D9E
330
93C
100
AcDbEntity
  8
0
100
AcDbCircle
 10
7.0
 20
-3.500000000000071
 30
0.0
 40
0.1100000000000136
  0
CIRCLE
  5
D9F
330
93C
100
AcDbEntity
  8
0
100
AcDbCircle
 10
7.0
 20
-3.849999999999951
 30
0.0
 40
0.1100000000000136
  0
CIRCLE
  5
DA0
330
93C
100
AcDbEntity
  8
0
100
AcDbCircle
 10
7.0
 20
-4.200000000000158
 30
0.0
 40
0.1100000000000136
  0
CIRCLE
  5
DA1
330
93C
100
AcDbEntity
  8
0
100
AcDbCircle
 10
7.0
 20
-4.550000000000068
 30
0.0
 40
0.1100000000000136
  0
CIRCLE
  5
DA2
330
93C
100
AcDbEntity
  8
0
100
AcDbCircle
 10
7.000000000000056
 20
-4.899999999999976
 30
0.0
 40
0.1100000000000136
  0
CIRCLE
  5
DA3
330
93C
100
AcDbEntity
  8
0
100
AcDbCircle
 10
7.000000000000056
 20
-5.250000000000071
 30
0.0
 40
0.1100000000000136
  0
CIRCLE
  5
DA4
330
93C
100
AcDbEntity
  8
0
100
AcDbCircle
 10
6.650000000000147
 20
-2.800000000000068
 30
0.0
 40
0.1100000000000136
  0
CIRCLE
  5
DA5
330
93C
100
AcDbEntity
  8
0
100
AcDbCircle
 10
6.650000000000147
 20
-2.450000000000159
 30
0.0
 40
0.1100000000000136
  0
CIRCLE
  5
DA6
330
93C
100
AcDbEntity
  8
0
100
AcDbCircle
 10
6.650000000000147
 20
-2.099999999999949
 30
0.0
 40
0.1100000000000136
  0
CIRCLE
  5
DA7
330
93C
100
AcDbEntity
  8
0
100
AcDbCircle
 10
6.650000000000147
 20
-1.750000000000069
 30
0.0
 40
0.1100000000000136
  0
CIRCLE
  5
DA8
330
93C
100
AcDbEntity
  8
0
100
AcDbCircle
 10
6.650000000000147
 20
-1.399999999999961
 30
0.0
 40
0.1100000000000136
  0
CIRCLE
  5
DA9
330
93C
100
AcDbEntity
  8
0
100
AcDbCircle
 10
6.650000000000147
 20
-1.050000000000082
 30
0.0
 40
0.1100000000000136
  0
CIRCLE
  5
DAA
330
93C
100
AcDbEntity
  8
0
100
AcDbCircle
 10
6.650000000000147
 20
-0.7000000000000455
 30
0.0
 40
0.1100000000000136
  0
CIRCLE
  5
DAB
330
93C
100
AcDbEntity
  8
0
100
AcDbCircle
 10
6.650000000000147
 20
-0.3499999999999375
 30
0.0
 40
0.1100000000000136
  0
CIRCLE
  5
DAC
330
93C
100
AcDbEntity
  8
0
100
AcDbCircle
 10
6.650000000000147
 20
-0.0000000000000711
 30
0.0
 40
0.1100000000000136
  0
CIRCLE
  5
DAD
330
93C
100
AcDbEntity
  8
0
100
AcDbCircle
 10
6.650000000000147
 20
0.3500000000000369
 30
0.0
 40
0.1100000000000136
  0
CIRCLE
  5
DAE
330
93C
100
AcDbEntity
  8
0
100
AcDbCircle
 10
6.650000000000147
 20
0.6999999999999176
 30
0.0
 40
0.1100000000000705
  0
CIRCLE
  5
DAF
330
93C
100
AcDbEntity
  8
0
100
AcDbCircle
 10
6.650000000000147
 20
1.049999999999839
 30
0.0
 40
0.1100000000000705
  0
CIRCLE
  5
DB0
330
93C
100
AcDbEntity
  8
0
100
AcDbCircle
 10
6.650000000000089
 20
1.400000000000062
 30
0.0
 40
0.1100000000000136
  0
CIRCLE
  5
DB1
330
93C
100
AcDbEntity
  8
0
100
AcDbCircle
 10
6.650000000000089
 20
1.749999999999928
 30
0.0
 40
0.1100000000000136
  0
CIRCLE
  5
DB2
330
93C
100
AcDbEntity
  8
0
100
AcDbCircle
 10
6.650000000000089
 20
2.100000000000034
 30
0.0
 40
0.1100000000000136
  0
CIRCLE
  5
DB3
330
93C
100
AcDbEntity
  8
0
100
AcDbCircle
 10
6.650000000000089
 20
2.449999999999914
 30
0.0
 40
0.1100000000000136
  0
CIRCLE
  5
DB4
330
93C
100
AcDbEntity
  8
0
100
AcDbCircle
 10
7.000000000000056
 20
-5.599999999999949
 30
0.0
 40
0.1100000000000136
  0
CIRCLE
  5
DB5
330
93C
100
AcDbEntity
  8
0
100
AcDbCircle
 10
7.000000000000056
 20
-5.950000000000045
 30
0.0
 40
0.1100000000000136
  0
CIRCLE
  5
DB6
330
93C
100
AcDbEntity
  8
0
100
AcDbCircle
 10
7.000000000000056
 20
-6.300000000000068
 30
0.0
 40
0.1100000000000136
  0
CIRCLE
  5
DB7
330
93C
100
AcDbEntity
  8
0
100
AcDbCircle
 10
7.000000000000056
 20
-6.649999999999947
 30
0.0
 40
0.1100000000000136
  0
CIRCLE
  5
DB8
330
93C
100
AcDbEntity
  8
0
100
AcDbCircle
 10
6.650000000000034
 20
6.650000000000034
 30
0.0
 40
0.1099999999999568
  0
CIRCLE
  5
DB9
330
93C
100
AcDbEntity
  8
0
100
AcDbCircle
 10
6.650000000000034
 20
6.299999999999824
 30
0.0
 40
0.1099999999999568
  0
CIRCLE
  5
DBA
330
93C
100
AcDbEntity
  8
0
100
AcDbCircle
 10
6.650000000000089
 20
5.949999999999917
 30
0.0
 40
0.1100000000000136
  0
CIRCLE
  5
DBB
330
93C
100
AcDbEntity
  8
0
100
AcDbCircle
 10
6.650000000000089
 20
5.600000000000036
 30
0.0
 40
0.1100000000000136
  0
CIRCLE
  5
DBC
330
93C
100
AcDbEntity
  8
0
100
AcDbCircle
 10
6.650000000000089
 20
5.249999999999943
 30
0.0
 40
0.1100000000000136
  0
CIRCLE
  5
DBD
330
93C
100
AcDbEntity
  8
0
100
AcDbCircle
 10
6.650000000000089
 20
4.900000000000034
 30
0.0
 40
0.1100000000000136
  0
CIRCLE
  5
DBE
330
93C
100
AcDbEntity
  8
0
100
AcDbCircle
 10
6.650000000000089
 20
4.549999999999954
 30
0.0
 40
0.1100000000000136
  0
CIRCLE
  5
DBF
330
93C
100
AcDbEntity
  8
0
100
AcDbCircle
 10
6.650000000000089
 20
4.199999999999917
 30
0.0
 40
0.1100000000000136
  0
CIRCLE
  5
DC0
330
93C
100
AcDbEntity
  8
0
100
AcDbCircle
 10
6.650000000000089
 20
3.850000000000036
 30
0.0
 40
0.1100000000000136
  0
CIRCLE
  5
DC1
330
93C
100
AcDbEntity
  8
0
100
AcDbCircle
 10
6.650000000000089
 20
3.499999999999943
 30
0.0
 40
0.1100000000000136
  0
CIRCLE
  5
DC2
330
93C
100
AcDbEntity
  8
0
100
AcDbCircle
 10
6.650000000000089
 20
3.150000000000062
 30
0.0
 40
0.1100000000000136
  0
CIRCLE
  5
DC3
330
93C
100
AcDbEntity
  8
0
100
AcDbCircle
 10
6.650000000000089
 20
2.799999999999825
 30
0.0
 40
0.1100000000000136
  0
CIRCLE
  5
DC4
330
93C
100
AcDbEntity
  8
0
100
AcDbCircle
 10
5.599999999999965
 20
-6.649999999999977
 30
0.0
 40
0.1099999999999568
  0
CIRCLE
  5
DC5
330
93C
100
AcDbEntity
  8
0
100
AcDbCircle
 10
5.599999999999965
 20
-6.300000000000096
 30
0.0
 40
0.1099999999999568
  0
CIRCLE
  5
DC6
330
93C
100
AcDbEntity
  8
0
100
AcDbCircle
 10
5.599999999999965
 20
-5.950000000000073
 30
0.0
 40
0.1099999999999568
  0
CIRCLE
  5
DC7
330
93C
100
AcDbEntity
  8
0
100
AcDbCircle
 10
5.599999999999965
 20
-5.59999999999998
 30
0.0
 40
0.1099999999999568
  0
CIRCLE
  5
DC8
330
93C
100
AcDbEntity
  8
0
100
AcDbCircle
 10
5.599999999999965
 20
-5.250000000000096
 30
0.0
 40
0.1099999999999568
  0
CIRCLE
  5
DC9
330
93C
100
AcDbEntity
  8
0
100
AcDbCircle
 10
5.599999999999965
 20
-4.899999999999991
 30
0.0
 40
0.1099999999999568
  0
CIRCLE
  5
DCA
330
93C
100
AcDbEntity
  8
0
100
AcDbCircle
 10
5.599999999999909
 20
-4.550000000000096
 30
0.0
 40
0.1099999999998999
  0
CIRCLE
  5
DCB
330
93C
100
AcDbEntity
  8
0
100
AcDbCircle
 10
5.599999999999909
 20
-4.200000000000187
 30
0.0
 40
0.1099999999999568
  0
CIRCLE
  5
DCC
330
93C
100
AcDbEntity
  8
0
100
AcDbCircle
 10
5.599999999999909
 20
-3.849999999999976
 30
0.0
 40
0.1099999999999568
  0
CIRCLE
  5
DCD
330
93C
100
AcDbEntity
  8
0
100
AcDbCircle
 10
5.599999999999909
 20
-3.500000000000098
 30
0.0
 40
0.1099999999999568
  0
CIRCLE
  5
DCE
330
93C
100
AcDbEntity
  8
0
100
AcDbCircle
 10
5.599999999999909
 20
-3.149999999999991
 30
0.0
 40
0.1099999999999568
  0
CIRCLE
  5
DCF
330
93C
100
AcDbEntity
  8
0
100
AcDbCircle
 10
5.599999999999909
 20
-2.800000000000095
 30
0.0
 40
0.1099999999999568
  0
CIRCLE
  5
DD0
330
93C
100
AcDbEntity
  8
0
100
AcDbCircle
 10
5.599999999999909
 20
-2.450000000000187
 30
0.0
 40
0.1099999999999568
  0
CIRCLE
  5
DD1
330
93C
100
AcDbEntity
  8
0
100
AcDbCircle
 10
5.599999999999909
 20
-2.09999999999998
 30
0.0
 40
0.1099999999999568
  0
CIRCLE
  5
DD2
330
93C
100
AcDbEntity
  8
0
100
AcDbCircle
 10
5.599999999999909
 20
-1.750000000000099
 30
0.0
 40
0.1099999999999568
  0
CIRCLE
  5
DD3
330
93C
100
AcDbEntity
  8
0
100
AcDbCircle
 10
5.599999999999909
 20
-1.399999999999991
 30
0.0
 40
0.1099999999999568
  0
CIRCLE
  5
DD4
330
93C
100
AcDbEntity
  8
0
100
AcDbCircle
 10
5.599999999999909
 20
-1.050000000000109
 30
0.0
 40
0.1099999999999568
  0
CIRCLE
  5
DD5
330
93C
100
AcDbEntity
  8
0
100
AcDbCircle
 10
5.599999999999909
 20
-0.7000000000000739
 30
0.0
 40
0.1099999999999568
  0
CIRCLE
  5
DD6
330
93C
100
AcDbEntity
  8
0
100
AcDbCircle
 10
5.599999999999909
 20
-0.3499999999999659
 30
0.0
 40
0.1099999999999568
  0
CIRCLE
  5
DD7
330
93C
100
AcDbEntity
  8
0
100
AcDbCircle
 10
5.599999999999909
 20
-0.0000000000000995
 30
0.0
 40
0.1099999999999568
  0
CIRCLE
  5
DD8
330
93C
100
AcDbEntity
  8
0
100
AcDbCircle
 10
5.599999999999909
 20
0.3500000000000085
 30
0.0
 40
0.1100000000000136
  0
CIRCLE
  5
DD9
330
93C
100
AcDbEntity
  8
0
100
AcDbCircle
 10
5.599999999999909
 20
0.6999999999998892
 30
0.0
 40
0.1100000000000136
  0
CIRCLE
  5
DDA
330
93C
100
AcDbEntity
  8
0
100
AcDbCircle
 10
5.599999999999909
 20
1.049999999999809
 30
0.0
 40
0.1100000000000136
  0
CIRCLE
  5
DDB
330
93C
100
AcDbEntity
  8
0
100
AcDbCircle
 10
5.599999999999851
 20
1.400000000000034
 30
0.0
 40
0.1099999999999568
  0
CIRCLE
  5
DDC
330
93C
100
AcDbEntity
  8
0
100
AcDbCircle
 10
5.599999999999851
 20
1.749999999999914
 30
0.0
 40
0.1099999999999568
  0
CIRCLE
  5
DDD
330
93C
100
AcDbEntity
  8
0
100
AcDbCircle
 10
5.599999999999851
 20
2.100000000000008
 30
0.0
 40
0.1099999999999568
  0
CIRCLE
  5
DDE
330
93C
100
AcDbEntity
  8
0
100
AcDbCircle
 10
5.599999999999851
 20
2.449999999999889
 30
0.0
 40
0.1099999999999568
  0
CIRCLE
  5
DDF
330
93C
100
AcDbEntity
  8
0
100
AcDbCircle
 10
5.599999999999851
 20
2.799999999999798
 30
0.0
 40
0.1099999999999568
  0
CIRCLE
  5
DE0
330
93C
100
AcDbEntity
  8
0
100
AcDbCircle
 10
5.599999999999851
 20
3.150000000000034
 30
0.0
 40
0.1099999999999568
  0
CIRCLE
  5
DE1
330
93C
100
AcDbEntity
  8
0
100
AcDbCircle
 10
5.599999999999851
 20
3.499999999999912
 30
0.0
 40
0.1099999999999568
  0
CIRCLE
  5
DE2
330
93C
100
AcDbEntity
  8
0
100
AcDbCircle
 10
5.599999999999851
 20
3.850000000000008
 30
0.0
 40
0.1099999999999568
  0
CIRCLE
  5
DE3
330
93C
100
AcDbEntity
  8
0
100
AcDbCircle
 10
5.599999999999851
 20
4.199999999999888
 30
0.0
 40
0.1099999999999568
  0
CIRCLE
  5
DE4
330
93C
100
AcDbEntity
  8
0
100
AcDbCircle
 10
5.949999999999761
 20
1.749999999999914
 30
0.0
 40
0.1099999999999568
  0
CIRCLE
  5
DE5
330
93C
100
AcDbEntity
  8
0
100
AcDbCircle
 10
5.949999999999761
 20
1.400000000000034
 30
0.0
 40
0.1099999999999568
  0
CIRCLE
  5
DE6
330
93C
100
AcDbEntity
  8
0
100
AcDbCircle
 10
5.949999999999761
 20
1.049999999999809
 30
0.0
 40
0.1099999999998999
  0
CIRCLE
  5
DE7
330
93C
100
AcDbEntity
  8
0
100
AcDbCircle
 10
5.949999999999761
 20
0.6999999999998892
 30
0.0
 40
0.1099999999998999
  0
CIRCLE
  5
DE8
330
93C
100
AcDbEntity
  8
0
100
AcDbCircle
 10
5.949999999999761
 20
0.3500000000000085
 30
0.0
 40
0.1099999999998999
  0
CIRCLE
  5
DE9
330
93C
100
AcDbEntity
  8
0
100
AcDbCircle
 10
5.949999999999817
 20
-0.0000000000000995
 30
0.0
 40
0.1099999999999568
  0
CIRCLE
  5
DEA
330
93C
100
AcDbEntity
  8
0
100
AcDbCircle
 10
5.949999999999817
 20
-0.3499999999999659
 30
0.0
 40
0.1099999999999568
  0
CIRCLE
  5
DEB
330
93C
100
AcDbEntity
  8
0
100
AcDbCircle
 10
5.949999999999817
 20
-0.7000000000000739
 30
0.0
 40
0.1099999999999568
  0
CIRCLE
  5
DEC
330
93C
100
AcDbEntity
  8
0
100
AcDbCircle
 10
5.949999999999817
 20
-1.050000000000109
 30
0.0
 40
0.1099999999999568
  0
CIRCLE
  5
DED
330
93C
100
AcDbEntity
  8
0
100
AcDbCircle
 10
5.949999999999817
 20
-1.399999999999991
 30
0.0
 40
0.1099999999999568
  0
CIRCLE
  5
DEE
330
93C
100
AcDbEntity
  8
0
100
AcDbCircle
 10
5.949999999999817
 20
-1.750000000000099
 30
0.0
 40
0.1099999999999568
  0
CIRCLE
  5
DEF
330
93C
100
AcDbEntity
  8
0
100
AcDbCircle
 10
5.949999999999817
 20
-2.09999999999998
 30
0.0
 40
0.1099999999999568
  0
CIRCLE
  5
DF0
330
93C
100
AcDbEntity
  8
0
100
AcDbCircle
 10
5.949999999999817
 20
-2.450000000000187
 30
0.0
 40
0.1099999999999568
  0
CIRCLE
  5
DF1
330
93C
100
AcDbEntity
  8
0
100
AcDbCircle
 10
5.949999999999817
 20
-2.800000000000095
 30
0.0
 40
0.1099999999999568
  0
CIRCLE
  5
DF2
330
93C
100
AcDbEntity
  8
0
100
AcDbCircle
 10
5.949999999999817
 20
-3.149999999999991
 30
0.0
 40
0.1099999999999568
  0
CIRCLE
  5
DF3
330
93C
100
AcDbEntity
  8
0
100
AcDbCircle
 10
5.949999999999817
 20
-3.500000000000098
 30
0.0
 40
0.1099999999999568
  0
CIRCLE
  5
DF4
330
93C
100
AcDbEntity
  8
0
100
AcDbCircle
 10
5.599999999999851
 20
5.949999999999889
 30
0.0
 40
0.1099999999999568
  0
CIRCLE
  5
DF5
330
93C
100
AcDbEntity
  8
0
100
AcDbCircle
 10
5.599999999999795
 20
6.299999999999797
 30
0.0
 40
0.1099999999998999
  0
CIRCLE
  5
DF6
330
93C
100
AcDbEntity
  8
0
100
AcDbCircle
 10
5.599999999999795
 20
6.650000000000002
 30
0.0
 40
0.1099999999998999
  0
CIRCLE
  5
DF7
330
93C
100
AcDbEntity
  8
0
100
AcDbCircle
 10
5.949999999999874
 20
-6.649999999999977
 30
0.0
 40
0.1100000000000136
  0
CIRCLE
  5
DF8
330
93C
100
AcDbEntity
  8
0
100
AcDbCircle
 10
5.599999999999851
 20
5.600000000000008
 30
0.0
 40
0.1099999999999568
  0
CIRCLE
  5
DF9
330
93C
100
AcDbEntity
  8
0
100
AcDbCircle
 10
5.599999999999851
 20
5.249999999999912
 30
0.0
 40
0.1099999999999568
  0
CIRCLE
  5
DFA
330
93C
100
AcDbEntity
  8
0
100
AcDbCircle
 10
5.599999999999851
 20
4.900000000000003
 30
0.0
 40
0.1099999999999568
  0
CIRCLE
  5
DFB
330
93C
100
AcDbEntity
  8
0
100
AcDbCircle
 10
5.599999999999851
 20
4.549999999999925
 30
0.0
 40
0.1099999999999568
  0
CIRCLE
  5
DFC
330
93C
100
AcDbEntity
  8
0
100
AcDbCircle
 10
5.949999999999874
 20
-6.300000000000096
 30
0.0
 40
0.1100000000000136
  0
CIRCLE
  5
DFD
330
93C
100
AcDbEntity
  8
0
100
AcDbCircle
 10
5.949999999999874
 20
-5.950000000000073
 30
0.0
 40
0.1100000000000136
  0
CIRCLE
  5
DFE
330
93C
100
AcDbEntity
  8
0
100
AcDbCircle
 10
5.949999999999874
 20
-5.59999999999998
 30
0.0
 40
0.1100000000000136
  0
CIRCLE
  5
DFF
330
93C
100
AcDbEntity
  8
0
100
AcDbCircle
 10
5.949999999999874
 20
-5.250000000000096
 30
0.0
 40
0.1100000000000136
  0
CIRCLE
  5
E00
330
93C
100
AcDbEntity
  8
0
100
AcDbCircle
 10
5.949999999999874
 20
-4.899999999999991
 30
0.0
 40
0.1100000000000136
  0
CIRCLE
  5
E01
330
93C
100
AcDbEntity
  8
0
100
AcDbCircle
 10
5.949999999999874
 20
-4.550000000000096
 30
0.0
 40
0.1100000000000136
  0
CIRCLE
  5
E02
330
93C
100
AcDbEntity
  8
0
100
AcDbCircle
 10
5.949999999999817
 20
-4.200000000000187
 30
0.0
 40
0.1099999999999568
  0
CIRCLE
  5
E03
330
93C
100
AcDbEntity
  8
0
100
AcDbCircle
 10
5.949999999999817
 20
-3.849999999999976
 30
0.0
 40
0.1099999999999568
  0
CIRCLE
  5
E04
330
93C
100
AcDbEntity
  8
0
100
AcDbCircle
 10
4.90000000000009
 20
0.3500000000000085
 30
0.0
 40
0.1099999999998999
  0
CIRCLE
  5
E05
330
93C
100
AcDbEntity
  8
0
100
AcDbCircle
 10
4.90000000000009
 20
1.400000000000034
 30
0.0
 40
0.1099999999999568
  0
CIRCLE
  5
E06
330
93C
100
AcDbEntity
  8
0
100
AcDbCircle
 10
4.90000000000009
 20
1.749999999999914
 30
0.0
 40
0.1099999999999568
  0
CIRCLE
  5
E07
330
93C
100
AcDbEntity
  8
0
100
AcDbCircle
 10
4.90000000000009
 20
2.100000000000008
 30
0.0
 40
0.1099999999999568
  0
CIRCLE
  5
E08
330
93C
100
AcDbEntity
  8
0
100
AcDbCircle
 10
4.90000000000009
 20
2.449999999999889
 30
0.0
 40
0.1099999999999568
  0
CIRCLE
  5
E09
330
93C
100
AcDbEntity
  8
0
100
AcDbCircle
 10
4.90000000000009
 20
3.499999999999912
 30
0.0
 40
0.1099999999999568
  0
CIRCLE
  5
E0A
330
93C
100
AcDbEntity
  8
0
100
AcDbCircle
 10
4.90000000000009
 20
4.199999999999888
 30
0.0
 40
0.1099999999999568
  0
CIRCLE
  5
E0B
330
93C
100
AcDbEntity
  8
0
100
AcDbCircle
 10
4.90000000000009
 20
4.900000000000003
 30
0.0
 40
0.1099999999999568
  0
CIRCLE
  5
E0C
330
93C
100
AcDbEntity
  8
0
100
AcDbCircle
 10
4.90000000000009
 20
6.650000000000002
 30
0.0
 40
0.1100000000000136
  0
CIRCLE
  5
E0D
330
93C
100
AcDbEntity
  8
0
100
AcDbCircle
 10
5.250000000000056
 20
-6.649999999999977
 30
0.0
 40
0.1099999999999568
  0
CIRCLE
  5
E0E
330
93C
100
AcDbEntity
  8
0
100
AcDbCircle
 10
5.250000000000056
 20
-6.300000000000096
 30
0.0
 40
0.1099999999999568
  0
CIRCLE
  5
E0F
330
93C
100
AcDbEntity
  8
0
100
AcDbCircle
 10
5.250000000000056
 20
-5.950000000000073
 30
0.0
 40
0.1099999999999568
  0
CIRCLE
  5
E10
330
93C
100
AcDbEntity
  8
0
100
AcDbCircle
 10
4.90000000000009
 20
6.299999999999797
 30
0.0
 40
0.1100000000000136
  0
CIRCLE
  5
E11
330
93C
100
AcDbEntity
  8
0
100
AcDbCircle
 10
4.90000000000009
 20
5.949999999999889
 30
0.0
 40
0.1099999999999568
  0
CIRCLE
  5
E12
330
93C
100
AcDbEntity
  8
0
100
AcDbCircle
 10
4.90000000000009
 20
5.600000000000008
 30
0.0
 40
0.1099999999999568
  0
CIRCLE
  5
E13
330
93C
100
AcDbEntity
  8
0
100
AcDbCircle
 10
4.90000000000009
 20
5.249999999999912
 30
0.0
 40
0.1099999999999568
  0
CIRCLE
  5
E14
330
93C
100
AcDbEntity
  8
0
100
AcDbCircle
 10
4.900000000000146
 20
-0.0000000000000995
 30
0.0
 40
0.1099999999999568
  0
CIRCLE
  5
E15
330
93C
100
AcDbEntity
  8
0
100
AcDbCircle
 10
4.900000000000146
 20
-0.3499999999999659
 30
0.0
 40
0.1099999999999568
  0
CIRCLE
  5
E16
330
93C
100
AcDbEntity
  8
0
100
AcDbCircle
 10
4.900000000000146
 20
-0.7000000000000739
 30
0.0
 40
0.1099999999999568
  0
CIRCLE
  5
E17
330
93C
100
AcDbEntity
  8
0
100
AcDbCircle
 10
4.900000000000146
 20
-1.050000000000109
 30
0.0
 40
0.1099999999999568
  0
CIRCLE
  5
E18
330
93C
100
AcDbEntity
  8
0
100
AcDbCircle
 10
4.900000000000146
 20
-1.399999999999991
 30
0.0
 40
0.1099999999999568
  0
CIRCLE
  5
E19
330
93C
100
AcDbEntity
  8
0
100
AcDbCircle
 10
4.900000000000146
 20
-1.750000000000099
 30
0.0
 40
0.1099999999999568
  0
CIRCLE
  5
E1A
330
93C
100
AcDbEntity
  8
0
100
AcDbCircle
 10
4.900000000000146
 20
-2.09999999999998
 30
0.0
 40
0.1099999999999568
  0
CIRCLE
  5
E1B
330
93C
100
AcDbEntity
  8
0
100
AcDbCircle
 10
4.900000000000146
 20
-2.450000000000187
 30
0.0
 40
0.1099999999999568
  0
CIRCLE
  5
E1C
330
93C
100
AcDbEntity
  8
0
100
AcDbCircle
 10
4.900000000000146
 20
-2.800000000000095
 30
0.0
 40
0.1099999999999568
  0
CIRCLE
  5
E1D
330
93C
100
AcDbEntity
  8
0
100
AcDbCircle
 10
4.900000000000146
 20
-3.500000000000098
 30
0.0
 40
0.1099999999999568
  0
CIRCLE
  5
E1E
330
93C
100
AcDbEntity
  8
0
100
AcDbCircle
 10
4.900000000000146
 20
-4.200000000000187
 30
0.0
 40
0.1099999999999568
  0
CIRCLE
  5
E1F
330
93C
100
AcDbEntity
  8
0
100
AcDbCircle
 10
4.900000000000201
 20
-4.550000000000096
 30
0.0
 40
0.1100000000000136
  0
CIRCLE
  5
E20
330
93C
100
AcDbEntity
  8
0
100
AcDbCircle
 10
4.900000000000201
 20
-4.899999999999991
 30
0.0
 40
0.1099999999999568
  0
CIRCLE
  5
E21
330
93C
100
AcDbEntity
  8
0
100
AcDbCircle
 10
4.900000000000201
 20
-5.250000000000096
 30
0.0
 40
0.1099999999999568
  0
CIRCLE
  5
E22
330
93C
100
AcDbEntity
  8
0
100
AcDbCircle
 10
4.900000000000201
 20
-5.59999999999998
 30
0.0
 40
0.1099999999999568
  0
CIRCLE
  5
E23
330
93C
100
AcDbEntity
  8
0
100
AcDbCircle
 10
4.900000000000201
 20
-5.950000000000073
 30
0.0
 40
0.1099999999999568
  0
CIRCLE
  5
E24
330
93C
100
AcDbEntity
  8
0
100
AcDbCircle
 10
5.250000000000056
 20
-5.59999999999998
 30
0.0
 40
0.1099999999999568
  0
CIRCLE
  5
E25
330
93C
100
AcDbEntity
  8
0
100
AcDbCircle
 10
5.250000000000056
 20
-5.250000000000096
 30
0.0
 40
0.1099999999999568
  0
CIRCLE
  5
E26
330
93C
100
AcDbEntity
  8
0
100
AcDbCircle
 10
5.250000000000056
 20
-4.899999999999991
 30
0.0
 40
0.1099999999999568
  0
CIRCLE
  5
E27
330
93C
100
AcDbEntity
  8
0
100
AcDbCircle
 10
5.250000000000056
 20
-4.550000000000096
 30
0.0
 40
0.1100000000000136
  0
CIRCLE
  5
E28
330
93C
100
AcDbEntity
  8
0
100
AcDbCircle
 10
5.25
 20
-4.200000000000187
 30
0.0
 40
0.1099999999999568
  0
CIRCLE
  5
E29
330
93C
100
AcDbEntity
  8
0
100
AcDbCircle
 10
5.25
 20
-3.849999999999976
 30
0.0
 40
0.1099999999999568
  0
CIRCLE
  5
E2A
330
93C
100
AcDbEntity
  8
0
100
AcDbCircle
 10
5.25
 20
-3.500000000000098
 30
0.0
 40
0.1099999999999568
  0
CIRCLE
  5
E2B
330
93C
100
AcDbEntity
  8
0
100
AcDbCircle
 10
5.25
 20
-3.149999999999991
 30
0.0
 40
0.1099999999999568
  0
CIRCLE
  5
E2C
330
93C
100
AcDbEntity
  8
0
100
AcDbCircle
 10
5.25
 20
-2.800000000000095
 30
0.0
 40
0.1099999999999568
  0
CIRCLE
  5
E2D
330
93C
100
AcDbEntity
  8
0
100
AcDbCircle
 10
5.25
 20
-2.450000000000187
 30
0.0
 40
0.1099999999999568
  0
CIRCLE
  5
E2E
330
93C
100
AcDbEntity
  8
0
100
AcDbCircle
 10
5.25
 20
-2.09999999999998
 30
0.0
 40
0.1099999999999568
  0
CIRCLE
  5
E2F
330
93C
100
AcDbEntity
  8
0
100
AcDbCircle
 10
5.25
 20
-1.750000000000099
 30
0.0
 40
0.1099999999999568
  0
CIRCLE
  5
E30
330
93C
100
AcDbEntity
  8
0
100
AcDbCircle
 10
5.25
 20
-1.399999999999991
 30
0.0
 40
0.1099999999999568
  0
CIRCLE
  5
E31
330
93C
100
AcDbEntity
  8
0
100
AcDbCircle
 10
5.25
 20
-1.050000000000109
 30
0.0
 40
0.1099999999999568
  0
CIRCLE
  5
E32
330
93C
100
AcDbEntity
  8
0
100
AcDbCircle
 10
5.25
 20
-0.7000000000000739
 30
0.0
 40
0.1099999999999568
  0
CIRCLE
  5
E33
330
93C
100
AcDbEntity
  8
0
100
AcDbCircle
 10
5.25
 20
-0.3499999999999659
 30
0.0
 40
0.1099999999999568
  0
CIRCLE
  5
E34
330
93C
100
AcDbEntity
  8
0
100
AcDbCircle
 10
5.25
 20
-0.0000000000000995
 30
0.0
 40
0.1099999999999568
  0
CIRCLE
  5
E35
330
93C
100
AcDbEntity
  8
0
100
AcDbCircle
 10
5.249999999999943
 20
0.3500000000000085
 30
0.0
 40
0.1099999999998999
  0
CIRCLE
  5
E36
330
93C
100
AcDbEntity
  8
0
100
AcDbCircle
 10
5.249999999999943
 20
0.6999999999998892
 30
0.0
 40
0.1099999999998999
  0
CIRCLE
  5
E37
330
93C
100
AcDbEntity
  8
0
100
AcDbCircle
 10
5.249999999999943
 20
1.049999999999809
 30
0.0
 40
0.1099999999998999
  0
CIRCLE
  5
E38
330
93C
100
AcDbEntity
  8
0
100
AcDbCircle
 10
5.249999999999943
 20
1.400000000000034
 30
0.0
 40
0.1099999999999568
  0
CIRCLE
  5
E39
330
93C
100
AcDbEntity
  8
0
100
AcDbCircle
 10
5.249999999999943
 20
1.749999999999914
 30
0.0
 40
0.1099999999999568
  0
CIRCLE
  5
E3A
330
93C
100
AcDbEntity
  8
0
100
AcDbCircle
 10
5.249999999999943
 20
2.100000000000008
 30
0.0
 40
0.1099999999999568
  0
CIRCLE
  5
E3B
330
93C
100
AcDbEntity
  8
0
100
AcDbCircle
 10
5.249999999999943
 20
2.799999999999798
 30
0.0
 40
0.1099999999999568
  0
CIRCLE
  5
E3C
330
93C
100
AcDbEntity
  8
0
100
AcDbCircle
 10
5.249999999999943
 20
3.850000000000008
 30
0.0
 40
0.1099999999999568
  0
CIRCLE
  5
E3D
330
93C
100
AcDbEntity
  8
0
100
AcDbCircle
 10
5.249999999999943
 20
4.549999999999925
 30
0.0
 40
0.1099999999999568
  0
CIRCLE
  5
E3E
330
93C
100
AcDbEntity
  8
0
100
AcDbCircle
 10
5.249999999999943
 20
4.900000000000003
 30
0.0
 40
0.1099999999999568
  0
CIRCLE
  5
E3F
330
93C
100
AcDbEntity
  8
0
100
AcDbCircle
 10
5.249999999999943
 20
5.249999999999912
 30
0.0
 40
0.1099999999999568
  0
CIRCLE
  5
E40
330
93C
100
AcDbEntity
  8
0
100
AcDbCircle
 10
5.249999999999943
 20
5.600000000000008
 30
0.0
 40
0.1099999999999568
  0
CIRCLE
  5
E41
330
93C
100
AcDbEntity
  8
0
100
AcDbCircle
 10
5.249999999999943
 20
5.949999999999889
 30
0.0
 40
0.1099999999999568
  0
CIRCLE
  5
E42
330
93C
100
AcDbEntity
  8
0
100
AcDbCircle
 10
5.249999999999943
 20
6.299999999999797
 30
0.0
 40
0.1100000000000136
  0
CIRCLE
  5
E43
330
93C
100
AcDbEntity
  8
0
100
AcDbCircle
 10
5.249999999999943
 20
6.650000000000002
 30
0.0
 40
0.1100000000000136
  0
CIRCLE
  5
E44
330
93C
100
AcDbEntity
  8
0
100
AcDbCircle
 10
6.999999999999886
 20
6.299999999999824
 30
0.0
 40
0.1099999999999568
  0
CIRCLE
  5
E45
330
93C
100
AcDbEntity
  8
0
100
AcDbCircle
 10
6.999999999999886
 20
6.650000000000034
 30
0.0
 40
0.1099999999999568
  0
ENDBLK
  5
93E
330
93C
100
AcDbEntity
  8
0
100
AcDbBlockEnd
  0
BLOCK
  5
1AD5
330
1AD4
100
AcDbEntity
  8
0
100
AcDbBlockBegin
  2
*D5
 70
     1
 10
0.0
 20
0.0
 30
0.0
  3
*D5
  1

  0
LINE
  5
1AD7
330
1AD4
100
AcDbEntity
  8
0
 62
     0
370
    -2
100
AcDbLine
 10
419.6282325448803
 20
108.3242719089582
 30
0.0
 11
419.6282325448803
 21
111.4116882649614
 31
0.0
  0
LINE
  5
1AD8
330
1AD4
100
AcDbEntity
  8
0
 62
     0
370
    -2
100
AcDbLine
 10
419.6523622014195
 20
108.3326991133648
 30
0.0
 11
419.6523622014195
 21
111.4116882649614
 31
0.0
  0
LINE
  5
1AD9
330
1AD4
100
AcDbEntity
  8
0
 62
     0
370
    -2
100
AcDbLine
 10
417.6282325448802
 20
110.9116882649614
 30
0.0
 11
415.6282325448803
 21
110.9116882649614
 31
0.0
  0
LINE
  5
1ADA
330
1AD4
100
AcDbEntity
  8
0
 62
     0
370
    -2
100
AcDbLine
 10
421.6523622014195
 20
110.9116882649614
 30
0.0
 11
431.9104233842883
 21
110.9116882649614
 31
0.0
  0
LINE
  5
1ADB
330
1AD4
100
AcDbEntity
  8
0
 62
     0
370
    -2
100
AcDbLine
 10
419.6282325448803
 20
110.9116882649614
 30
0.0
 11
419.6523622014195
 21
110.9116882649614
 31
0.0
  0
SOLID
  5
1ADC
330
1AD4
100
AcDbEntity
  8
0
 62
     0
100
AcDbTrace
 10
417.6282325448802
 20
111.2450215982947
 30
0.0
 11
417.6282325448802
 21
110.5783549316281
 31
0.0
 12
419.6282325448803
 22
110.9116882649614
 32
0.0
 13
419.6282325448803
 23
110.9116882649614
 33
0.0
  0
SOLID
  5
1ADD
330
1AD4
100
AcDbEntity
  8
0
 62
     0
100
AcDbTrace
 10
421.6523622014195
 20
111.2450215982947
 30
0.0
 11
421.6523622014195
 21
110.5783549316281
 31
0.0
 12
419.6523622014195
 22
110.9116882649614
 32
0.0
 13
419.6523622014195
 23
110.9116882649614
 33
0.0
  0
MTEXT
  5
1ADE
330
1AD4
100
AcDbEntity
  8
0
 62
     0
100
AcDbMText
 10
427.7813927928536
 20
113.5777684825005
 30
0.0
 40
2.0
 41
0.0
 71
     5
 72
     1
  1
0,02
 73
     1
 44
1.0
1001
ACAD
1000
MTEXTBEGIN
1070
    73
1070
     1
1070
    44
1040
1.0
1070
    74
1070
     0
1000
MTEXTEND
  0
POINT
  5
1ADF
330
1AD4
100
AcDbEntity
  8
Defpoints
 62
     0
100
AcDbPoint
 10
419.6282325448803
 20
107.8242719089582
 30
0.0
  0
POINT
  5
1AE0
330
1AD4
100
AcDbEntity
  8
Defpoints
 62
     0
100
AcDbPoint
 10
419.6523622014195
 20
107.8326991133648
 30
0.0
  0
POINT
  5
1AE1
330
1AD4
100
AcDbEntity
  8
Defpoints
 62
     0
100
AcDbPoint
 10
419.6523622014195
 20
110.9116882649614
 30
0.0
  0
ENDBLK
  5
1AD6
330
1AD4
100
AcDbEntity
  8
0
100
AcDbBlockEnd
  0
BLOCK
  5
1AE4
330
1AE3
100
AcDbEntity
  8
0
100
AcDbBlockBegin
  2
*D6
 70
     1
 10
0.0
 20
0.0
 30
0.0
  3
*D6
  1

  0
LINE
  5
1AE6
330
1AE3
100
AcDbEntity
  8
0
 62
     0
370
    -2
100
AcDbLine
 10
420.1523622014197
 20
107.8326991133649
 30
0.0
 11
428.0443953717628
 21
107.8326991133649
 31
0.0
  0
LINE
  5
1AE7
330
1AE3
100
AcDbEntity
  8
0
 62
     0
370
    -2
100
AcDbLine
 10
420.1282325448805
 20
107.8242719089583
 30
0.0
 11
428.0443953717628
 21
107.8242719089583
 31
0.0
  0
LINE
  5
1AE8
330
1AE3
100
AcDbEntity
  8
0
 62
     0
370
    -2
100
AcDbLine
 10
427.5443953717628
 20
109.8326991133649
 30
0.0
 11
427.5443953717628
 21
111.8326991133649
 31
0.0
  0
LINE
  5
1AE9
330
1AE3
100
AcDbEntity
  8
0
 62
     0
370
    -2
100
AcDbLine
 10
427.5443953717628
 20
105.8242719089583
 30
0.0
 11
427.5443953717628
 21
103.8242719089583
 31
0.0
  0
LINE
  5
1AEA
330
1AE3
100
AcDbEntity
  8
0
 62
     0
370
    -2
100
AcDbLine
 10
427.5443953717628
 20
103.8242719089583
 30
0.0
 11
421.343304957079
 21
103.8242719089583
 31
0.0
  0
LINE
  5
1AEB
330
1AE3
100
AcDbEntity
  8
0
 62
     0
370
    -2
100
AcDbLine
 10
427.5443953717628
 20
107.8326991133649
 30
0.0
 11
427.5443953717628
 21
107.8242719089583
 31
0.0
  0
SOLID
  5
1AEC
330
1AE3
100
AcDbEntity
  8
0
 62
     0
100
AcDbTrace
 10
427.2110620384294
 20
109.8326991133649
 30
0.0
 11
427.8777287050962
 21
109.8326991133649
 31
0.0
 12
427.5443953717628
 22
107.8326991133649
 32
0.0
 13
427.5443953717628
 23
107.8326991133649
 33
0.0
  0
SOLID
  5
1AED
330
1AE3
100
AcDbEntity
  8
0
 62
     0
100
AcDbTrace
 10
427.2110620384294
 20
105.8242719089583
 30
0.0
 11
427.8777287050962
 21
105.8242719089583
 31
0.0
 12
427.5443953717628
 22
107.8242719089583
 32
0.0
 13
427.5443953717628
 23
107.8242719089583
 33
0.0
  0
MTEXT
  5
1AEE
330
1AE3
100
AcDbEntity
  8
0
 62
     0
100
AcDbMText
 10
423.6818501644207
 20
106.4903521264972
 30
0.0
 40
2.0
 41
0.0
 71
     5
 72
     1
  1
0,01
 73
     1
 44
1.0
1001
ACAD
1000
MTEXTBEGIN
1070
    73
1070
     1
1070
    44
1040
1.0
1070
    74
1070
     0
1000
MTEXTEND
  0
POINT
  5
1AEF
330
1AE3
100
AcDbEntity
  8
Defpoints
 62
     0
100
AcDbPoint
 10
419.6523622014195
 20
107.8326991133649
 30
0.0
  0
POINT
  5
1AF0
330
1AE3
100
AcDbEntity
  8
Defpoints
 62
     0
100
AcDbPoint
 10
419.6282325448803
 20
107.8242719089583
 30
0.0
  0
POINT
  5
1AF1
330
1AE3
100
AcDbEntity
  8
Defpoints
 62
     0
100
AcDbPoint
 10
427.5443953717628
 20
107.8242719089583
 30
0.0
  0
ENDBLK
  5
1AE5
330
1AE3
100
AcDbEntity
  8
0
100
AcDbBlockEnd
  0
BLOCK
  5
1B9B
330
1B9A
100
AcDbEntity
  8
0
100
AcDbBlockBegin
  2
*U7
 70
     1
 10
0.0
 20
0.0
 30
0.0
  3
*U7
  1

  0
CIRCLE
  5
1BA1
330
1B9A
100
AcDbEntity
  8
0
100
AcDbCircle
 10
-7.125
 20
-6.774999999999861
 30
0.0
 40
0.1100000000000136
  0
CIRCLE
  5
1BA2
330
1B9A
100
AcDbEntity
  8
0
100
AcDbCircle
 10
0.5749999999999318
 20
-6.424999999999911
 30
0.0
 40
0.1100000000000136
  0
CIRCLE
  5
1BA3
330
1B9A
100
AcDbEntity
  8
0
100
AcDbCircle
 10
0.5749999999999318
 20
-6.074999999999889
 30
0.0
 40
0.1100000000000136
  0
CIRCLE
  5
1BA4
330
1B9A
100
AcDbEntity
  8
0
100
AcDbCircle
 10
0.5749999999999318
 20
-5.72499999999978
 30
0.0
 40
0.1100000000000136
  0
CIRCLE
  5
1BA5
330
1B9A
100
AcDbEntity
  8
0
100
AcDbCircle
 10
0.5749999999999318
 20
-5.374999999999927
 30
0.0
 40
0.1100000000000136
  0
CIRCLE
  5
1BA6
330
1B9A
100
AcDbEntity
  8
0
100
AcDbCircle
 10
0.5749999999999318
 20
-5.024999999999835
 30
0.0
 40
0.1100000000000136
  0
CIRCLE
  5
1BA7
330
1B9A
100
AcDbEntity
  8
0
100
AcDbCircle
 10
0.574999999999875
 20
-4.674999999999911
 30
0.0
 40
0.1100000000000136
  0
CIRCLE
  5
1BA8
330
1B9A
100
AcDbEntity
  8
0
100
AcDbCircle
 10
0.574999999999875
 20
-4.325000000000001
 30
0.0
 40
0.1100000000000136
  0
CIRCLE
  5
1BA9
330
1B9A
100
AcDbEntity
  8
0
100
AcDbCircle
 10
0.574999999999875
 20
-2.574999999999988
 30
0.0
 40
0.1100000000000136
  0
CIRCLE
  5
1BAA
330
1B9A
100
AcDbEntity
  8
0
100
AcDbCircle
 10
0.574999999999875
 20
-2.224999999999779
 30
0.0
 40
0.1100000000000136
  0
CIRCLE
  5
1BAB
330
1B9A
100
AcDbEntity
  8
0
100
AcDbCircle
 10
0.574999999999875
 20
-1.874999999999914
 30
0.0
 40
0.1100000000000136
  0
CIRCLE
  5
1BAC
330
1B9A
100
AcDbEntity
  8
0
100
AcDbCircle
 10
0.574999999999875
 20
-1.524999999999776
 30
0.0
 40
0.1100000000000136
  0
CIRCLE
  5
1BAD
330
1B9A
100
AcDbEntity
  8
0
100
AcDbCircle
 10
0.574999999999875
 20
-0.8249999999998749
 30
0.0
 40
0.1100000000000136
  0
CIRCLE
  5
1BAE
330
1B9A
100
AcDbEntity
  8
0
100
AcDbCircle
 10
0.574999999999875
 20
-0.1249999999999716
 30
0.0
 40
0.1100000000000136
  0
CIRCLE
  5
1BAF
330
1B9A
100
AcDbEntity
  8
0
100
AcDbCircle
 10
0.574999999999875
 20
0.2250000000001364
 30
0.0
 40
0.1100000000000705
  0
CIRCLE
  5
1BB0
330
1B9A
100
AcDbEntity
  8
0
100
AcDbCircle
 10
0.574999999999875
 20
0.5750000000000313
 30
0.0
 40
0.1100000000000705
  0
CIRCLE
  5
1BB1
330
1B9A
100
AcDbEntity
  8
0
100
AcDbCircle
 10
0.574999999999875
 20
0.9249999999999404
 30
0.0
 40
0.1100000000000705
  0
CIRCLE
  5
1BB2
330
1B9A
100
AcDbEntity
  8
0
100
AcDbCircle
 10
0.5749999999995339
 20
5.125000000000028
 30
0.0
 40
0.1100000000000136
  0
CIRCLE
  5
1BB3
330
1B9A
100
AcDbEntity
  8
0
100
AcDbCircle
 10
0.5749999999995339
 20
5.475000000000137
 30
0.0
 40
0.1100000000000136
  0
CIRCLE
  5
1BB4
330
1B9A
100
AcDbEntity
  8
0
100
AcDbCircle
 10
0.5749999999995339
 20
5.825000000000031
 30
0.0
 40
0.1100000000000136
  0
CIRCLE
  5
1BB5
330
1B9A
100
AcDbEntity
  8
0
100
AcDbCircle
 10
0.5749999999995339
 20
6.17499999999994
 30
0.0
 40
0.1099999999999568
  0
CIRCLE
  5
1BB6
330
1B9A
100
AcDbEntity
  8
0
100
AcDbCircle
 10
0.9250000000002955
 20
-6.074999999999889
 30
0.0
 40
0.1099999999999568
  0
CIRCLE
  5
1BB7
330
1B9A
100
AcDbEntity
  8
0
100
AcDbCircle
 10
0.9250000000002955
 20
-6.424999999999911
 30
0.0
 40
0.1099999999999568
  0
CIRCLE
  5
1BB8
330
1B9A
100
AcDbEntity
  8
0
100
AcDbCircle
 10
0.9250000000002955
 20
-6.774999999999777
 30
0.0
 40
0.1099999999999568
  0
CIRCLE
  5
1BB9
330
1B9A
100
AcDbEntity
  8
0
100
AcDbCircle
 10
0.5749999999995339
 20
6.525000000000132
 30
0.0
 40
0.1099999999999568
  0
CIRCLE
  5
1BBA
330
1B9A
100
AcDbEntity
  8
0
100
AcDbCircle
 10
0.5749999999995339
 20
4.775000000000131
 30
0.0
 40
0.1100000000000136
  0
CIRCLE
  5
1BBB
330
1B9A
100
AcDbEntity
  8
0
100
AcDbCircle
 10
0.5749999999995339
 20
4.425000000000125
 30
0.0
 40
0.1100000000000136
  0
CIRCLE
  5
1BBC
330
1B9A
100
AcDbEntity
  8
0
100
AcDbCircle
 10
0.5749999999995339
 20
4.075000000000031
 30
0.0
 40
0.1100000000000136
  0
CIRCLE
  5
1BBD
330
1B9A
100
AcDbEntity
  8
0
100
AcDbCircle
 10
0.5749999999995339
 20
3.725000000000136
 30
0.0
 40
0.1100000000000136
  0
CIRCLE
  5
1BBE
330
1B9A
100
AcDbEntity
  8
0
100
AcDbCircle
 10
0.5749999999995339
 20
3.025000000000217
 30
0.0
 40
0.1100000000000136
  0
CIRCLE
  5
1BBF
330
1B9A
100
AcDbEntity
  8
0
100
AcDbCircle
 10
0.5749999999995339
 20
2.325000000000029
 30
0.0
 40
0.1100000000000136
  0
CIRCLE
  5
1BC0
330
1B9A
100
AcDbEntity
  8
0
100
AcDbCircle
 10
0.5749999999995339
 20
1.975000000000136
 30
0.0
 40
0.1100000000000136
  0
CIRCLE
  5
1BC1
330
1B9A
100
AcDbEntity
  8
0
100
AcDbCircle
 10
0.5749999999995339
 20
1.625000000000026
 30
0.0
 40
0.1100000000000136
  0
CIRCLE
  5
1BC2
330
1B9A
100
AcDbEntity
  8
0
100
AcDbCircle
 10
0.2249999999998522
 20
-0.4749999999997814
 30
0.0
 40
0.1100000000000136
  0
CIRCLE
  5
1BC3
330
1B9A
100
AcDbEntity
  8
0
100
AcDbCircle
 10
0.2249999999998522
 20
-1.174999999999926
 30
0.0
 40
0.1100000000000136
  0
CIRCLE
  5
1BC4
330
1B9A
100
AcDbEntity
  8
0
100
AcDbCircle
 10
0.2249999999998522
 20
-1.524999999999776
 30
0.0
 40
0.1100000000000136
  0
CIRCLE
  5
1BC5
330
1B9A
100
AcDbEntity
  8
0
100
AcDbCircle
 10
0.2249999999998522
 20
-1.874999999999914
 30
0.0
 40
0.1100000000000136
  0
CIRCLE
  5
1BC6
330
1B9A
100
AcDbEntity
  8
0
100
AcDbCircle
 10
0.2249999999998522
 20
-2.224999999999779
 30
0.0
 40
0.1100000000000136
  0
CIRCLE
  5
1BC7
330
1B9A
100
AcDbEntity
  8
0
100
AcDbCircle
 10
0.2249999999998522
 20
-2.924999999999911
 30
0.0
 40
0.1100000000000136
  0
CIRCLE
  5
1BC8
330
1B9A
100
AcDbEntity
  8
0
100
AcDbCircle
 10
0.2249999999998522
 20
-4.325000000000001
 30
0.0
 40
0.1100000000000136
  0
CIRCLE
  5
1BC9
330
1B9A
100
AcDbEntity
  8
0
100
AcDbCircle
 10
0.2249999999998522
 20
-5.024999999999835
 30
0.0
 40
0.1100000000000136
  0
CIRCLE
  5
1BCA
330
1B9A
100
AcDbEntity
  8
0
100
AcDbCircle
 10
0.2249999999998522
 20
-6.774999999999777
 30
0.0
 40
0.1100000000000136
  0
CIRCLE
  5
1BCB
330
1B9A
100
AcDbEntity
  8
0
100
AcDbCircle
 10
-0.1250000000000568
 20
6.525000000000132
 30
0.0
 40
0.1099999999999568
  0
CIRCLE
  5
1BCC
330
1B9A
100
AcDbEntity
  8
0
100
AcDbCircle
 10
-0.1250000000000568
 20
6.17499999999994
 30
0.0
 40
0.1099999999999568
  0
CIRCLE
  5
1BCD
330
1B9A
100
AcDbEntity
  8
0
100
AcDbCircle
 10
-0.1250000000000568
 20
5.825000000000031
 30
0.0
 40
0.1100000000000136
  0
CIRCLE
  5
1BCE
330
1B9A
100
AcDbEntity
  8
0
100
AcDbCircle
 10
0.2249999999998522
 20
-6.424999999999911
 30
0.0
 40
0.1100000000000136
  0
CIRCLE
  5
1BCF
330
1B9A
100
AcDbEntity
  8
0
100
AcDbCircle
 10
0.2249999999998522
 20
-6.074999999999889
 30
0.0
 40
0.1100000000000136
  0
CIRCLE
  5
1BD0
330
1B9A
100
AcDbEntity
  8
0
100
AcDbCircle
 10
0.2249999999998522
 20
-5.72499999999978
 30
0.0
 40
0.1100000000000136
  0
CIRCLE
  5
1BD1
330
1B9A
100
AcDbEntity
  8
0
100
AcDbCircle
 10
0.2249999999998522
 20
-5.374999999999927
 30
0.0
 40
0.1100000000000136
  0
CIRCLE
  5
1BD2
330
1B9A
100
AcDbEntity
  8
0
100
AcDbCircle
 10
0.2249999999998522
 20
4.075000000000031
 30
0.0
 40
0.1100000000000136
  0
CIRCLE
  5
1BD3
330
1B9A
100
AcDbEntity
  8
0
100
AcDbCircle
 10
0.2249999999998522
 20
4.775000000000131
 30
0.0
 40
0.1100000000000136
  0
CIRCLE
  5
1BD4
330
1B9A
100
AcDbEntity
  8
0
100
AcDbCircle
 10
0.2249999999998522
 20
5.125000000000028
 30
0.0
 40
0.1100000000000136
  0
CIRCLE
  5
1BD5
330
1B9A
100
AcDbEntity
  8
0
100
AcDbCircle
 10
0.2249999999998522
 20
5.475000000000137
 30
0.0
 40
0.1100000000000136
  0
CIRCLE
  5
1BD6
330
1B9A
100
AcDbEntity
  8
0
100
AcDbCircle
 10
0.5749999999999318
 20
-6.774999999999777
 30
0.0
 40
0.1100000000000136
  0
CIRCLE
  5
1BD7
330
1B9A
100
AcDbEntity
  8
0
100
AcDbCircle
 10
0.2249999999998522
 20
6.525000000000132
 30
0.0
 40
0.1100000000000705
  0
CIRCLE
  5
1BD8
330
1B9A
100
AcDbEntity
  8
0
100
AcDbCircle
 10
0.2249999999998522
 20
6.17499999999994
 30
0.0
 40
0.1100000000000705
  0
CIRCLE
  5
1BD9
330
1B9A
100
AcDbEntity
  8
0
100
AcDbCircle
 10
0.2249999999998522
 20
5.825000000000031
 30
0.0
 40
0.1100000000000136
  0
CIRCLE
  5
1BDA
330
1B9A
100
AcDbEntity
  8
0
100
AcDbCircle
 10
0.2249999999998522
 20
3.725000000000136
 30
0.0
 40
0.1100000000000136
  0
CIRCLE
  5
1BDB
330
1B9A
100
AcDbEntity
  8
0
100
AcDbCircle
 10
0.2249999999998522
 20
3.375000000000028
 30
0.0
 40
0.1100000000000136
  0
CIRCLE
  5
1BDC
330
1B9A
100
AcDbEntity
  8
0
100
AcDbCircle
 10
0.2249999999998522
 20
3.025000000000217
 30
0.0
 40
0.1100000000000136
  0
CIRCLE
  5
1BDD
330
1B9A
100
AcDbEntity
  8
0
100
AcDbCircle
 10
0.2249999999998522
 20
2.674999999999938
 30
0.0
 40
0.1100000000000136
  0
CIRCLE
  5
1BDE
330
1B9A
100
AcDbEntity
  8
0
100
AcDbCircle
 10
0.2249999999998522
 20
2.325000000000029
 30
0.0
 40
0.1100000000000136
  0
CIRCLE
  5
1BDF
330
1B9A
100
AcDbEntity
  8
0
100
AcDbCircle
 10
0.2249999999998522
 20
1.625000000000026
 30
0.0
 40
0.1100000000000136
  0
CIRCLE
  5
1BE0
330
1B9A
100
AcDbEntity
  8
0
100
AcDbCircle
 10
0.2249999999998522
 20
0.9249999999999404
 30
0.0
 40
0.1099999999999568
  0
CIRCLE
  5
1BE1
330
1B9A
100
AcDbEntity
  8
0
100
AcDbCircle
 10
0.2249999999998522
 20
0.2250000000001364
 30
0.0
 40
0.1099999999999568
  0
CIRCLE
  5
1BE2
330
1B9A
100
AcDbEntity
  8
0
100
AcDbCircle
 10
1.27500000000009
 20
-6.074999999999889
 30
0.0
 40
0.1099999999999568
  0
CIRCLE
  5
1BE3
330
1B9A
100
AcDbEntity
  8
0
100
AcDbCircle
 10
1.27500000000009
 20
-5.72499999999978
 30
0.0
 40
0.1099999999999568
  0
CIRCLE
  5
1BE4
330
1B9A
100
AcDbEntity
  8
0
100
AcDbCircle
 10
1.27500000000009
 20
-5.374999999999927
 30
0.0
 40
0.1099999999999568
  0
CIRCLE
  5
1BE5
330
1B9A
100
AcDbEntity
  8
0
100
AcDbCircle
 10
1.27500000000009
 20
-5.024999999999835
 30
0.0
 40
0.1099999999999568
  0
CIRCLE
  5
1BE6
330
1B9A
100
AcDbEntity
  8
0
100
AcDbCircle
 10
1.27500000000009
 20
-4.674999999999911
 30
0.0
 40
0.1099999999999568
  0
CIRCLE
  5
1BE7
330
1B9A
100
AcDbEntity
  8
0
100
AcDbCircle
 10
1.27500000000009
 20
-4.325000000000001
 30
0.0
 40
0.1099999999999568
  0
CIRCLE
  5
1BE8
330
1B9A
100
AcDbEntity
  8
0
100
AcDbCircle
 10
1.27500000000009
 20
-3.974999999999781
 30
0.0
 40
0.1099999999999568
  0
CIRCLE
  5
1BE9
330
1B9A
100
AcDbEntity
  8
0
100
AcDbCircle
 10
1.27500000000009
 20
-3.624999999999912
 30
0.0
 40
0.1099999999999568
  0
CIRCLE
  5
1BEA
330
1B9A
100
AcDbEntity
  8
0
100
AcDbCircle
 10
1.27500000000009
 20
-3.274999999999806
 30
0.0
 40
0.1099999999999568
  0
CIRCLE
  5
1BEB
330
1B9A
100
AcDbEntity
  8
0
100
AcDbCircle
 10
1.27500000000009
 20
-2.924999999999911
 30
0.0
 40
0.1099999999999568
  0
CIRCLE
  5
1BEC
330
1B9A
100
AcDbEntity
  8
0
100
AcDbCircle
 10
1.27500000000009
 20
-2.574999999999988
 30
0.0
 40
0.1099999999999568
  0
CIRCLE
  5
1BED
330
1B9A
100
AcDbEntity
  8
0
100
AcDbCircle
 10
1.27500000000009
 20
-2.224999999999779
 30
0.0
 40
0.1099999999999568
  0
CIRCLE
  5
1BEE
330
1B9A
100
AcDbEntity
  8
0
100
AcDbCircle
 10
1.27500000000009
 20
-1.874999999999914
 30
0.0
 40
0.1099999999999568
  0
CIRCLE
  5
1BEF
330
1B9A
100
AcDbEntity
  8
0
100
AcDbCircle
 10
1.27500000000009
 20
-1.524999999999776
 30
0.0
 40
0.1099999999999568
  0
CIRCLE
  5
1BF0
330
1B9A
100
AcDbEntity
  8
0
100
AcDbCircle
 10
1.27500000000009
 20
-0.8249999999998749
 30
0.0
 40
0.1099999999999568
  0
CIRCLE
  5
1BF1
330
1B9A
100
AcDbEntity
  8
0
100
AcDbCircle
 10
1.27500000000009
 20
-0.1249999999999716
 30
0.0
 40
0.1099999999999568
  0
CIRCLE
  5
1BF2
330
1B9A
100
AcDbEntity
  8
0
100
AcDbCircle
 10
1.27500000000009
 20
3.725000000000136
 30
0.0
 40
0.1099999999999568
  0
CIRCLE
  5
1BF3
330
1B9A
100
AcDbEntity
  8
0
100
AcDbCircle
 10
1.27500000000009
 20
4.075000000000031
 30
0.0
 40
0.1099999999999568
  0
CIRCLE
  5
1BF4
330
1B9A
100
AcDbEntity
  8
0
100
AcDbCircle
 10
1.27500000000009
 20
4.775000000000131
 30
0.0
 40
0.1099999999999568
  0
CIRCLE
  5
1BF5
330
1B9A
100
AcDbEntity
  8
0
100
AcDbCircle
 10
1.27500000000009
 20
5.125000000000028
 30
0.0
 40
0.1099999999999568
  0
CIRCLE
  5
1BF6
330
1B9A
100
AcDbEntity
  8
0
100
AcDbCircle
 10
1.625
 20
-6.774999999999777
 30
0.0
 40
0.1099999999999568
  0
CIRCLE
  5
1BF7
330
1B9A
100
AcDbEntity
  8
0
100
AcDbCircle
 10
1.27500000000009
 20
6.525000000000132
 30
0.0
 40
0.1099999999998999
  0
CIRCLE
  5
1BF8
330
1B9A
100
AcDbEntity
  8
0
100
AcDbCircle
 10
1.27500000000009
 20
5.825000000000031
 30
0.0
 40
0.1099999999999568
  0
CIRCLE
  5
1BF9
330
1B9A
100
AcDbEntity
  8
0
100
AcDbCircle
 10
1.27500000000009
 20
5.475000000000137
 30
0.0
 40
0.1099999999999568
  0
CIRCLE
  5
1BFA
330
1B9A
100
AcDbEntity
  8
0
100
AcDbCircle
 10
1.27500000000009
 20
3.375000000000028
 30
0.0
 40
0.1099999999999568
  0
CIRCLE
  5
1BFB
330
1B9A
100
AcDbEntity
  8
0
100
AcDbCircle
 10
1.27500000000009
 20
3.025000000000217
 30
0.0
 40
0.1099999999999568
  0
CIRCLE
  5
1BFC
330
1B9A
100
AcDbEntity
  8
0
100
AcDbCircle
 10
1.27500000000009
 20
2.674999999999938
 30
0.0
 40
0.1099999999999568
  0
CIRCLE
  5
1BFD
330
1B9A
100
AcDbEntity
  8
0
100
AcDbCircle
 10
1.27500000000009
 20
2.325000000000029
 30
0.0
 40
0.1099999999999568
  0
CIRCLE
  5
1BFE
330
1B9A
100
AcDbEntity
  8
0
100
AcDbCircle
 10
1.27500000000009
 20
1.975000000000136
 30
0.0
 40
0.1099999999999568
  0
CIRCLE
  5
1BFF
330
1B9A
100
AcDbEntity
  8
0
100
AcDbCircle
 10
1.27500000000009
 20
1.625000000000026
 30
0.0
 40
0.1099999999999568
  0
CIRCLE
  5
1C00
330
1B9A
100
AcDbEntity
  8
0
100
AcDbCircle
 10
1.27500000000009
 20
1.275000000000217
 30
0.0
 40
0.1099999999999568
  0
CIRCLE
  5
1C01
330
1B9A
100
AcDbEntity
  8
0
100
AcDbCircle
 10
1.27500000000009
 20
0.5750000000000313
 30
0.0
 40
0.1100000000000136
  0
CIRCLE
  5
1C02
330
1B9A
100
AcDbEntity
  8
0
100
AcDbCircle
 10
0.9250000000002955
 20
-5.72499999999978
 30
0.0
 40
0.1099999999999568
  0
CIRCLE
  5
1C03
330
1B9A
100
AcDbEntity
  8
0
100
AcDbCircle
 10
0.9250000000002955
 20
-5.374999999999927
 30
0.0
 40
0.1099999999999568
  0
CIRCLE
  5
1C04
330
1B9A
100
AcDbEntity
  8
0
100
AcDbCircle
 10
0.9250000000002955
 20
-5.024999999999835
 30
0.0
 40
0.1099999999999568
  0
CIRCLE
  5
1C05
330
1B9A
100
AcDbEntity
  8
0
100
AcDbCircle
 10
0.9250000000002955
 20
-4.674999999999911
 30
0.0
 40
0.1099999999999568
  0
CIRCLE
  5
1C06
330
1B9A
100
AcDbEntity
  8
0
100
AcDbCircle
 10
0.9250000000002955
 20
-4.325000000000001
 30
0.0
 40
0.1099999999999568
  0
CIRCLE
  5
1C07
330
1B9A
100
AcDbEntity
  8
0
100
AcDbCircle
 10
0.9250000000002955
 20
-3.974999999999781
 30
0.0
 40
0.1099999999999568
  0
CIRCLE
  5
1C08
330
1B9A
100
AcDbEntity
  8
0
100
AcDbCircle
 10
0.9250000000002955
 20
-3.624999999999912
 30
0.0
 40
0.1099999999999568
  0
CIRCLE
  5
1C09
330
1B9A
100
AcDbEntity
  8
0
100
AcDbCircle
 10
0.9250000000002955
 20
-2.924999999999911
 30
0.0
 40
0.1099999999999568
  0
CIRCLE
  5
1C0A
330
1B9A
100
AcDbEntity
  8
0
100
AcDbCircle
 10
0.9250000000002955
 20
-2.224999999999779
 30
0.0
 40
0.1099999999999568
  0
CIRCLE
  5
1C0B
330
1B9A
100
AcDbEntity
  8
0
100
AcDbCircle
 10
0.9250000000002955
 20
-1.874999999999914
 30
0.0
 40
0.1099999999999568
  0
CIRCLE
  5
1C0C
330
1B9A
100
AcDbEntity
  8
0
100
AcDbCircle
 10
0.9250000000002955
 20
-1.524999999999776
 30
0.0
 40
0.1099999999999568
  0
CIRCLE
  5
1C0D
330
1B9A
100
AcDbEntity
  8
0
100
AcDbCircle
 10
0.9250000000002955
 20
-1.174999999999926
 30
0.0
 40
0.1099999999999568
  0
CIRCLE
  5
1C0E
330
1B9A
100
AcDbEntity
  8
0
100
AcDbCircle
 10
0.9250000000002955
 20
-0.8249999999998749
 30
0.0
 40
0.1099999999999568
  0
CIRCLE
  5
1C0F
330
1B9A
100
AcDbEntity
  8
0
100
AcDbCircle
 10
0.9250000000002955
 20
-0.4749999999997814
 30
0.0
 40
0.1099999999999568
  0
CIRCLE
  5
1C10
330
1B9A
100
AcDbEntity
  8
0
100
AcDbCircle
 10
0.9250000000002389
 20
0.2250000000001364
 30
0.0
 40
0.1099999999998999
  0
CIRCLE
  5
1C11
330
1B9A
100
AcDbEntity
  8
0
100
AcDbCircle
 10
0.9250000000002389
 20
0.9249999999999404
 30
0.0
 40
0.1099999999998999
  0
CIRCLE
  5
1C12
330
1B9A
100
AcDbEntity
  8
0
100
AcDbCircle
 10
0.9250000000002389
 20
4.775000000000131
 30
0.0
 40
0.1099999999999568
  0
CIRCLE
  5
1C13
330
1B9A
100
AcDbEntity
  8
0
100
AcDbCircle
 10
0.9250000000002389
 20
5.125000000000028
 30
0.0
 40
0.1099999999999568
  0
CIRCLE
  5
1C14
330
1B9A
100
AcDbEntity
  8
0
100
AcDbCircle
 10
0.9250000000002389
 20
5.475000000000137
 30
0.0
 40
0.1099999999999568
  0
CIRCLE
  5
1C15
330
1B9A
100
AcDbEntity
  8
0
100
AcDbCircle
 10
0.9250000000002389
 20
5.825000000000031
 30
0.0
 40
0.1099999999999568
  0
CIRCLE
  5
1C16
330
1B9A
100
AcDbEntity
  8
0
100
AcDbCircle
 10
0.9250000000002389
 20
6.17499999999994
 30
0.0
 40
0.1100000000000136
  0
CIRCLE
  5
1C17
330
1B9A
100
AcDbEntity
  8
0
100
AcDbCircle
 10
0.9250000000002389
 20
6.525000000000132
 30
0.0
 40
0.1100000000000136
  0
CIRCLE
  5
1C18
330
1B9A
100
AcDbEntity
  8
0
100
AcDbCircle
 10
1.27500000000009
 20
-6.774999999999777
 30
0.0
 40
0.1099999999999568
  0
CIRCLE
  5
1C19
330
1B9A
100
AcDbEntity
  8
0
100
AcDbCircle
 10
1.27500000000009
 20
-6.424999999999911
 30
0.0
 40
0.1099999999999568
  0
CIRCLE
  5
1C1A
330
1B9A
100
AcDbEntity
  8
0
100
AcDbCircle
 10
0.9250000000002389
 20
4.425000000000125
 30
0.0
 40
0.1099999999999568
  0
CIRCLE
  5
1C1B
330
1B9A
100
AcDbEntity
  8
0
100
AcDbCircle
 10
0.9250000000002389
 20
3.725000000000136
 30
0.0
 40
0.1099999999999568
  0
CIRCLE
  5
1C1C
330
1B9A
100
AcDbEntity
  8
0
100
AcDbCircle
 10
0.9250000000002389
 20
3.375000000000028
 30
0.0
 40
0.1099999999999568
  0
CIRCLE
  5
1C1D
330
1B9A
100
AcDbEntity
  8
0
100
AcDbCircle
 10
0.9250000000002389
 20
3.025000000000217
 30
0.0
 40
0.1099999999999568
  0
CIRCLE
  5
1C1E
330
1B9A
100
AcDbEntity
  8
0
100
AcDbCircle
 10
0.9250000000002389
 20
2.674999999999938
 30
0.0
 40
0.1099999999999568
  0
CIRCLE
  5
1C1F
330
1B9A
100
AcDbEntity
  8
0
100
AcDbCircle
 10
0.9250000000002389
 20
2.325000000000029
 30
0.0
 40
0.1099999999999568
  0
CIRCLE
  5
1C20
330
1B9A
100
AcDbEntity
  8
0
100
AcDbCircle
 10
0.9250000000002389
 20
1.625000000000026
 30
0.0
 40
0.1099999999999568
  0
CIRCLE
  5
1C21
330
1B9A
100
AcDbEntity
  8
0
100
AcDbCircle
 10
0.9250000000002389
 20
1.275000000000217
 30
0.0
 40
0.1099999999999568
  0
CIRCLE
  5
1C22
330
1B9A
100
AcDbEntity
  8
0
100
AcDbCircle
 10
-1.175000000000125
 20
-1.174999999999938
 30
0.0
 40
0.1100000000000136
  0
CIRCLE
  5
1C23
330
1B9A
100
AcDbEntity
  8
0
100
AcDbCircle
 10
-1.175000000000125
 20
-0.4749999999997814
 30
0.0
 40
0.1100000000000136
  0
CIRCLE
  5
1C24
330
1B9A
100
AcDbEntity
  8
0
100
AcDbCircle
 10
-1.175000000000465
 20
0.2250000000001364
 30
0.0
 40
0.1099999999999568
  0
CIRCLE
  5
1C25
330
1B9A
100
AcDbEntity
  8
0
100
AcDbCircle
 10
-1.175000000000465
 20
0.5750000000000313
 30
0.0
 40
0.1099999999999568
  0
CIRCLE
  5
1C26
330
1B9A
100
AcDbEntity
  8
0
100
AcDbCircle
 10
-1.175000000000465
 20
0.9249999999999404
 30
0.0
 40
0.1099999999999568
  0
CIRCLE
  5
1C27
330
1B9A
100
AcDbEntity
  8
0
100
AcDbCircle
 10
-1.175000000000465
 20
1.625000000000026
 30
0.0
 40
0.1100000000000136
  0
CIRCLE
  5
1C28
330
1B9A
100
AcDbEntity
  8
0
100
AcDbCircle
 10
-1.175000000000465
 20
2.325000000000029
 30
0.0
 40
0.1100000000000136
  0
CIRCLE
  5
1C29
330
1B9A
100
AcDbEntity
  8
0
100
AcDbCircle
 10
-1.175000000000465
 20
2.674999999999938
 30
0.0
 40
0.1100000000000136
  0
CIRCLE
  5
1C2A
330
1B9A
100
AcDbEntity
  8
0
100
AcDbCircle
 10
-1.175000000000465
 20
3.025000000000133
 30
0.0
 40
0.1100000000000136
  0
CIRCLE
  5
1C2B
330
1B9A
100
AcDbEntity
  8
0
100
AcDbCircle
 10
-1.175000000000465
 20
3.375000000000028
 30
0.0
 40
0.1100000000000136
  0
CIRCLE
  5
1C2C
330
1B9A
100
AcDbEntity
  8
0
100
AcDbCircle
 10
-1.175000000000465
 20
3.725000000000136
 30
0.0
 40
0.1100000000000136
  0
CIRCLE
  5
1C2D
330
1B9A
100
AcDbEntity
  8
0
100
AcDbCircle
 10
-1.175000000000465
 20
4.425000000000125
 30
0.0
 40
0.1100000000000136
  0
CIRCLE
  5
1C2E
330
1B9A
100
AcDbEntity
  8
0
100
AcDbCircle
 10
-1.175000000000465
 20
4.775000000000131
 30
0.0
 40
0.1100000000000136
  0
CIRCLE
  5
1C2F
330
1B9A
100
AcDbEntity
  8
0
100
AcDbCircle
 10
-1.175000000000465
 20
5.475000000000137
 30
0.0
 40
0.1100000000000136
  0
CIRCLE
  5
1C30
330
1B9A
100
AcDbEntity
  8
0
100
AcDbCircle
 10
-1.175000000000465
 20
5.825000000000031
 30
0.0
 40
0.1100000000000136
  0
CIRCLE
  5
1C31
330
1B9A
100
AcDbEntity
  8
0
100
AcDbCircle
 10
-1.175000000000465
 20
6.17499999999994
 30
0.0
 40
0.1100000000000705
  0
CIRCLE
  5
1C32
330
1B9A
100
AcDbEntity
  8
0
100
AcDbCircle
 10
-0.8249999999999886
 20
0.5750000000000313
 30
0.0
 40
0.1099999999999568
  0
CIRCLE
  5
1C33
330
1B9A
100
AcDbEntity
  8
0
100
AcDbCircle
 10
-0.8249999999999886
 20
0.2250000000001364
 30
0.0
 40
0.1099999999999568
  0
CIRCLE
  5
1C34
330
1B9A
100
AcDbEntity
  8
0
100
AcDbCircle
 10
-0.824999999999761
 20
-0.1249999999999716
 30
0.0
 40
0.1100000000000136
  0
CIRCLE
  5
1C35
330
1B9A
100
AcDbEntity
  8
0
100
AcDbCircle
 10
-0.824999999999761
 20
-0.4749999999997814
 30
0.0
 40
0.1100000000000136
  0
CIRCLE
  5
1C36
330
1B9A
100
AcDbEntity
  8
0
100
AcDbCircle
 10
-0.824999999999761
 20
-0.8249999999999602
 30
0.0
 40
0.1100000000000136
  0
CIRCLE
  5
1C37
330
1B9A
100
AcDbEntity
  8
0
100
AcDbCircle
 10
-0.824999999999761
 20
-1.524999999999834
 30
0.0
 40
0.1100000000000136
  0
CIRCLE
  5
1C38
330
1B9A
100
AcDbEntity
  8
0
100
AcDbCircle
 10
-0.824999999999761
 20
-1.874999999999928
 30
0.0
 40
0.1100000000000136
  0
CIRCLE
  5
1C39
330
1B9A
100
AcDbEntity
  8
0
100
AcDbCircle
 10
-0.824999999999761
 20
-3.274999999999833
 30
0.0
 40
0.1100000000000136
  0
CIRCLE
  5
1C3A
330
1B9A
100
AcDbEntity
  8
0
100
AcDbCircle
 10
-0.824999999999761
 20
-6.074999999999902
 30
0.0
 40
0.1100000000000136
  0
CIRCLE
  5
1C3B
330
1B9A
100
AcDbEntity
  8
0
100
AcDbCircle
 10
-0.824999999999761
 20
-6.424999999999926
 30
0.0
 40
0.1100000000000136
  0
CIRCLE
  5
1C3C
330
1B9A
100
AcDbEntity
  8
0
100
AcDbCircle
 10
-0.824999999999761
 20
-6.774999999999806
 30
0.0
 40
0.1100000000000136
  0
CIRCLE
  5
1C3D
330
1B9A
100
AcDbEntity
  8
0
100
AcDbCircle
 10
-1.175000000000465
 20
6.525000000000132
 30
0.0
 40
0.1100000000000705
  0
CIRCLE
  5
1C3E
330
1B9A
100
AcDbEntity
  8
0
100
AcDbCircle
 10
-0.824999999999761
 20
-5.724999999999837
 30
0.0
 40
0.1100000000000136
  0
CIRCLE
  5
1C3F
330
1B9A
100
AcDbEntity
  8
0
100
AcDbCircle
 10
-0.824999999999761
 20
-5.374999999999927
 30
0.0
 40
0.1100000000000136
  0
CIRCLE
  5
1C40
330
1B9A
100
AcDbEntity
  8
0
100
AcDbCircle
 10
-0.824999999999761
 20
-5.024999999999835
 30
0.0
 40
0.1100000000000136
  0
CIRCLE
  5
1C41
330
1B9A
100
AcDbEntity
  8
0
100
AcDbCircle
 10
-0.824999999999761
 20
-3.624999999999943
 30
0.0
 40
0.1100000000000136
  0
CIRCLE
  5
1C42
330
1B9A
100
AcDbEntity
  8
0
100
AcDbCircle
 10
-1.524999999999975
 20
-6.074999999999902
 30
0.0
 40
0.1100000000000136
  0
CIRCLE
  5
1C43
330
1B9A
100
AcDbEntity
  8
0
100
AcDbCircle
 10
-1.524999999999975
 20
-5.724999999999837
 30
0.0
 40
0.1100000000000136
  0
CIRCLE
  5
1C44
330
1B9A
100
AcDbEntity
  8
0
100
AcDbCircle
 10
-1.524999999999975
 20
-5.374999999999927
 30
0.0
 40
0.1100000000000136
  0
CIRCLE
  5
1C45
330
1B9A
100
AcDbEntity
  8
0
100
AcDbCircle
 10
-1.524999999999975
 20
-5.024999999999835
 30
0.0
 40
0.1100000000000136
  0
CIRCLE
  5
1C46
330
1B9A
100
AcDbEntity
  8
0
100
AcDbCircle
 10
-1.525000000000146
 20
-3.624999999999943
 30
0.0
 40
0.1100000000000136
  0
CIRCLE
  5
1C47
330
1B9A
100
AcDbEntity
  8
0
100
AcDbCircle
 10
-1.525000000000146
 20
-3.274999999999833
 30
0.0
 40
0.1100000000000136
  0
CIRCLE
  5
1C48
330
1B9A
100
AcDbEntity
  8
0
100
AcDbCircle
 10
-1.525000000000146
 20
-1.874999999999928
 30
0.0
 40
0.1100000000000136
  0
CIRCLE
  5
1C49
330
1B9A
100
AcDbEntity
  8
0
100
AcDbCircle
 10
-1.525000000000146
 20
-1.524999999999834
 30
0.0
 40
0.1100000000000136
  0
CIRCLE
  5
1C4A
330
1B9A
100
AcDbEntity
  8
0
100
AcDbCircle
 10
-1.525000000000146
 20
-0.8249999999999602
 30
0.0
 40
0.1100000000000136
  0
CIRCLE
  5
1C4B
330
1B9A
100
AcDbEntity
  8
0
100
AcDbCircle
 10
-1.525000000000146
 20
-0.4749999999997814
 30
0.0
 40
0.1100000000000136
  0
CIRCLE
  5
1C4C
330
1B9A
100
AcDbEntity
  8
0
100
AcDbCircle
 10
-1.525000000000146
 20
-0.1249999999999716
 30
0.0
 40
0.1100000000000136
  0
CIRCLE
  5
1C4D
330
1B9A
100
AcDbEntity
  8
0
100
AcDbCircle
 10
-1.525000000000146
 20
0.5750000000000313
 30
0.0
 40
0.1100000000000705
  0
CIRCLE
  5
1C4E
330
1B9A
100
AcDbEntity
  8
0
100
AcDbCircle
 10
-1.525000000000146
 20
1.275000000000133
 30
0.0
 40
0.1100000000000136
  0
CIRCLE
  5
1C4F
330
1B9A
100
AcDbEntity
  8
0
100
AcDbCircle
 10
-1.525000000000146
 20
1.975000000000136
 30
0.0
 40
0.1100000000000136
  0
CIRCLE
  5
1C50
330
1B9A
100
AcDbEntity
  8
0
100
AcDbCircle
 10
-1.525000000000146
 20
2.674999999999938
 30
0.0
 40
0.1100000000000136
  0
CIRCLE
  5
1C51
330
1B9A
100
AcDbEntity
  8
0
100
AcDbCircle
 10
-1.525000000000146
 20
3.375000000000028
 30
0.0
 40
0.1100000000000136
  0
CIRCLE
  5
1C52
330
1B9A
100
AcDbEntity
  8
0
100
AcDbCircle
 10
-1.175000000000125
 20
-1.874999999999928
 30
0.0
 40
0.1100000000000136
  0
CIRCLE
  5
1C53
330
1B9A
100
AcDbEntity
  8
0
100
AcDbCircle
 10
-1.175000000000125
 20
-3.274999999999833
 30
0.0
 40
0.1100000000000136
  0
CIRCLE
  5
1C54
330
1B9A
100
AcDbEntity
  8
0
100
AcDbCircle
 10
-1.175000000000125
 20
-3.624999999999943
 30
0.0
 40
0.1100000000000136
  0
CIRCLE
  5
1C55
330
1B9A
100
AcDbEntity
  8
0
100
AcDbCircle
 10
-1.175000000000067
 20
-5.024999999999835
 30
0.0
 40
0.1100000000000136
  0
CIRCLE
  5
1C56
330
1B9A
100
AcDbEntity
  8
0
100
AcDbCircle
 10
-1.175000000000067
 20
-5.374999999999927
 30
0.0
 40
0.1100000000000136
  0
CIRCLE
  5
1C57
330
1B9A
100
AcDbEntity
  8
0
100
AcDbCircle
 10
-1.175000000000067
 20
-5.724999999999837
 30
0.0
 40
0.1100000000000136
  0
CIRCLE
  5
1C58
330
1B9A
100
AcDbEntity
  8
0
100
AcDbCircle
 10
-1.175000000000067
 20
-6.074999999999902
 30
0.0
 40
0.1100000000000136
  0
CIRCLE
  5
1C59
330
1B9A
100
AcDbEntity
  8
0
100
AcDbCircle
 10
-1.175000000000067
 20
-6.424999999999926
 30
0.0
 40
0.1100000000000136
  0
CIRCLE
  5
1C5A
330
1B9A
100
AcDbEntity
  8
0
100
AcDbCircle
 10
-1.525000000000146
 20
4.075000000000031
 30
0.0
 40
0.1100000000000136
  0
CIRCLE
  5
1C5B
330
1B9A
100
AcDbEntity
  8
0
100
AcDbCircle
 10
-1.525000000000146
 20
4.775000000000131
 30
0.0
 40
0.1100000000000136
  0
CIRCLE
  5
1C5C
330
1B9A
100
AcDbEntity
  8
0
100
AcDbCircle
 10
-1.525000000000146
 20
5.125000000000028
 30
0.0
 40
0.1100000000000136
  0
CIRCLE
  5
1C5D
330
1B9A
100
AcDbEntity
  8
0
100
AcDbCircle
 10
-1.525000000000146
 20
5.475000000000137
 30
0.0
 40
0.1100000000000136
  0
CIRCLE
  5
1C5E
330
1B9A
100
AcDbEntity
  8
0
100
AcDbCircle
 10
-1.175000000000067
 20
-6.774999999999806
 30
0.0
 40
0.1100000000000136
  0
CIRCLE
  5
1C5F
330
1B9A
100
AcDbEntity
  8
0
100
AcDbCircle
 10
-1.525000000000146
 20
6.525000000000132
 30
0.0
 40
0.1099999999999568
  0
CIRCLE
  5
1C60
330
1B9A
100
AcDbEntity
  8
0
100
AcDbCircle
 10
-1.525000000000146
 20
6.17499999999994
 30
0.0
 40
0.1099999999999568
  0
CIRCLE
  5
1C61
330
1B9A
100
AcDbEntity
  8
0
100
AcDbCircle
 10
-1.525000000000146
 20
5.825000000000031
 30
0.0
 40
0.1100000000000136
  0
CIRCLE
  5
1C62
330
1B9A
100
AcDbEntity
  8
0
100
AcDbCircle
 10
-0.1250000000000568
 20
-6.074999999999902
 30
0.0
 40
0.1100000000000136
  0
CIRCLE
  5
1C63
330
1B9A
100
AcDbEntity
  8
0
100
AcDbCircle
 10
-0.1250000000000568
 20
-6.424999999999926
 30
0.0
 40
0.1100000000000136
  0
CIRCLE
  5
1C64
330
1B9A
100
AcDbEntity
  8
0
100
AcDbCircle
 10
-0.1250000000000568
 20
-6.774999999999806
 30
0.0
 40
0.1100000000000136
  0
CIRCLE
  5
1C65
330
1B9A
100
AcDbEntity
  8
0
100
AcDbCircle
 10
-0.475000000000023
 20
6.525000000000132
 30
0.0
 40
0.1099999999999568
  0
CIRCLE
  5
1C66
330
1B9A
100
AcDbEntity
  8
0
100
AcDbCircle
 10
-0.1250000000000568
 20
-5.724999999999837
 30
0.0
 40
0.1100000000000136
  0
CIRCLE
  5
1C67
330
1B9A
100
AcDbEntity
  8
0
100
AcDbCircle
 10
-0.1250000000000568
 20
-5.374999999999927
 30
0.0
 40
0.1100000000000136
  0
CIRCLE
  5
1C68
330
1B9A
100
AcDbEntity
  8
0
100
AcDbCircle
 10
-0.1250000000000568
 20
-5.024999999999835
 30
0.0
 40
0.1100000000000136
  0
CIRCLE
  5
1C69
330
1B9A
100
AcDbEntity
  8
0
100
AcDbCircle
 10
-0.1250000000000568
 20
-4.325000000000001
 30
0.0
 40
0.1100000000000136
  0
CIRCLE
  5
1C6A
330
1B9A
100
AcDbEntity
  8
0
100
AcDbCircle
 10
-0.475000000000023
 20
6.17499999999994
 30
0.0
 40
0.1099999999999568
  0
CIRCLE
  5
1C6B
330
1B9A
100
AcDbEntity
  8
0
100
AcDbCircle
 10
-0.475000000000023
 20
5.825000000000031
 30
0.0
 40
0.1100000000000136
  0
CIRCLE
  5
1C6C
330
1B9A
100
AcDbEntity
  8
0
100
AcDbCircle
 10
-0.475000000000023
 20
5.475000000000137
 30
0.0
 40
0.1100000000000136
  0
CIRCLE
  5
1C6D
330
1B9A
100
AcDbEntity
  8
0
100
AcDbCircle
 10
-0.475000000000023
 20
5.125000000000028
 30
0.0
 40
0.1100000000000136
  0
CIRCLE
  5
1C6E
330
1B9A
100
AcDbEntity
  8
0
100
AcDbCircle
 10
-0.475000000000023
 20
4.425000000000125
 30
0.0
 40
0.1100000000000136
  0
CIRCLE
  5
1C6F
330
1B9A
100
AcDbEntity
  8
0
100
AcDbCircle
 10
-0.475000000000023
 20
4.075000000000031
 30
0.0
 40
0.1100000000000136
  0
CIRCLE
  5
1C70
330
1B9A
100
AcDbEntity
  8
0
100
AcDbCircle
 10
-0.475000000000023
 20
3.725000000000136
 30
0.0
 40
0.1100000000000136
  0
CIRCLE
  5
1C71
330
1B9A
100
AcDbEntity
  8
0
100
AcDbCircle
 10
-0.475000000000023
 20
2.325000000000029
 30
0.0
 40
0.1100000000000136
  0
CIRCLE
  5
1C72
330
1B9A
100
AcDbEntity
  8
0
100
AcDbCircle
 10
-0.1250000000000568
 20
-2.924999999999911
 30
0.0
 40
0.1100000000000136
  0
CIRCLE
  5
1C73
330
1B9A
100
AcDbEntity
  8
0
100
AcDbCircle
 10
-0.1250000000000568
 20
-2.575000000000045
 30
0.0
 40
0.1100000000000136
  0
CIRCLE
  5
1C74
330
1B9A
100
AcDbEntity
  8
0
100
AcDbCircle
 10
-0.1250000000000568
 20
-2.224999999999779
 30
0.0
 40
0.1100000000000136
  0
CIRCLE
  5
1C75
330
1B9A
100
AcDbEntity
  8
0
100
AcDbCircle
 10
-0.1250000000000568
 20
-1.874999999999928
 30
0.0
 40
0.1100000000000136
  0
CIRCLE
  5
1C76
330
1B9A
100
AcDbEntity
  8
0
100
AcDbCircle
 10
-0.1250000000000568
 20
-1.524999999999834
 30
0.0
 40
0.1100000000000136
  0
CIRCLE
  5
1C77
330
1B9A
100
AcDbEntity
  8
0
100
AcDbCircle
 10
-0.1250000000000568
 20
-0.8249999999999602
 30
0.0
 40
0.1100000000000136
  0
CIRCLE
  5
1C78
330
1B9A
100
AcDbEntity
  8
0
100
AcDbCircle
 10
-0.1250000000000568
 20
-0.1249999999999716
 30
0.0
 40
0.1100000000000136
  0
CIRCLE
  5
1C79
330
1B9A
100
AcDbEntity
  8
0
100
AcDbCircle
 10
-0.1250000000000568
 20
0.5750000000000313
 30
0.0
 40
0.1100000000000705
  0
CIRCLE
  5
1C7A
330
1B9A
100
AcDbEntity
  8
0
100
AcDbCircle
 10
-0.1250000000000568
 20
1.275000000000133
 30
0.0
 40
0.1100000000000136
  0
CIRCLE
  5
1C7B
330
1B9A
100
AcDbEntity
  8
0
100
AcDbCircle
 10
-0.1250000000000568
 20
1.625000000000026
 30
0.0
 40
0.1100000000000136
  0
CIRCLE
  5
1C7C
330
1B9A
100
AcDbEntity
  8
0
100
AcDbCircle
 10
-0.1250000000000568
 20
1.975000000000136
 30
0.0
 40
0.1100000000000136
  0
CIRCLE
  5
1C7D
330
1B9A
100
AcDbEntity
  8
0
100
AcDbCircle
 10
-0.1250000000000568
 20
2.325000000000029
 30
0.0
 40
0.1100000000000136
  0
CIRCLE
  5
1C7E
330
1B9A
100
AcDbEntity
  8
0
100
AcDbCircle
 10
-0.1250000000000568
 20
3.725000000000136
 30
0.0
 40
0.1100000000000136
  0
CIRCLE
  5
1C7F
330
1B9A
100
AcDbEntity
  8
0
100
AcDbCircle
 10
-0.1250000000000568
 20
4.775000000000131
 30
0.0
 40
0.1100000000000136
  0
CIRCLE
  5
1C80
330
1B9A
100
AcDbEntity
  8
0
100
AcDbCircle
 10
-0.1250000000000568
 20
5.125000000000028
 30
0.0
 40
0.1100000000000136
  0
CIRCLE
  5
1C81
330
1B9A
100
AcDbEntity
  8
0
100
AcDbCircle
 10
-0.1250000000000568
 20
5.475000000000137
 30
0.0
 40
0.1100000000000136
  0
CIRCLE
  5
1C82
330
1B9A
100
AcDbEntity
  8
0
100
AcDbCircle
 10
-0.475000000000023
 20
-5.724999999999837
 30
0.0
 40
0.1100000000000136
  0
CIRCLE
  5
1C83
330
1B9A
100
AcDbEntity
  8
0
100
AcDbCircle
 10
-0.475000000000023
 20
-6.074999999999902
 30
0.0
 40
0.1100000000000136
  0
CIRCLE
  5
1C84
330
1B9A
100
AcDbEntity
  8
0
100
AcDbCircle
 10
-0.475000000000023
 20
-6.424999999999926
 30
0.0
 40
0.1100000000000136
  0
CIRCLE
  5
1C85
330
1B9A
100
AcDbEntity
  8
0
100
AcDbCircle
 10
-0.475000000000023
 20
-6.774999999999806
 30
0.0
 40
0.1100000000000136
  0
CIRCLE
  5
1C86
330
1B9A
100
AcDbEntity
  8
0
100
AcDbCircle
 10
-0.8249999999999886
 20
6.525000000000132
 30
0.0
 40
0.1100000000000705
  0
CIRCLE
  5
1C87
330
1B9A
100
AcDbEntity
  8
0
100
AcDbCircle
 10
-0.8249999999999886
 20
6.17499999999994
 30
0.0
 40
0.1100000000000705
  0
CIRCLE
  5
1C88
330
1B9A
100
AcDbEntity
  8
0
100
AcDbCircle
 10
-0.8249999999999886
 20
5.825000000000031
 30
0.0
 40
0.1100000000000136
  0
CIRCLE
  5
1C89
330
1B9A
100
AcDbEntity
  8
0
100
AcDbCircle
 10
-0.8249999999999886
 20
5.475000000000137
 30
0.0
 40
0.1100000000000136
  0
CIRCLE
  5
1C8A
330
1B9A
100
AcDbEntity
  8
0
100
AcDbCircle
 10
-0.8249999999999886
 20
5.125000000000028
 30
0.0
 40
0.1100000000000136
  0
CIRCLE
  5
1C8B
330
1B9A
100
AcDbEntity
  8
0
100
AcDbCircle
 10
-0.8249999999999886
 20
4.775000000000131
 30
0.0
 40
0.1100000000000136
  0
CIRCLE
  5
1C8C
330
1B9A
100
AcDbEntity
  8
0
100
AcDbCircle
 10
-0.8249999999999886
 20
4.425000000000125
 30
0.0
 40
0.1100000000000136
  0
CIRCLE
  5
1C8D
330
1B9A
100
AcDbEntity
  8
0
100
AcDbCircle
 10
-0.8249999999999886
 20
4.075000000000031
 30
0.0
 40
0.1100000000000136
  0
CIRCLE
  5
1C8E
330
1B9A
100
AcDbEntity
  8
0
100
AcDbCircle
 10
-0.8249999999999886
 20
3.725000000000136
 30
0.0
 40
0.1100000000000136
  0
CIRCLE
  5
1C8F
330
1B9A
100
AcDbEntity
  8
0
100
AcDbCircle
 10
-0.8249999999999886
 20
2.325000000000029
 30
0.0
 40
0.1100000000000136
  0
CIRCLE
  5
1C90
330
1B9A
100
AcDbEntity
  8
0
100
AcDbCircle
 10
-0.8249999999999886
 20
1.975000000000136
 30
0.0
 40
0.1100000000000136
  0
CIRCLE
  5
1C91
330
1B9A
100
AcDbEntity
  8
0
100
AcDbCircle
 10
-0.8249999999999886
 20
1.275000000000133
 30
0.0
 40
0.1100000000000136
  0
CIRCLE
  5
1C92
330
1B9A
100
AcDbEntity
  8
0
100
AcDbCircle
 10
-0.475000000000023
 20
-5.374999999999927
 30
0.0
 40
0.1100000000000136
  0
CIRCLE
  5
1C93
330
1B9A
100
AcDbEntity
  8
0
100
AcDbCircle
 10
-0.475000000000023
 20
-5.024999999999835
 30
0.0
 40
0.1100000000000136
  0
CIRCLE
  5
1C94
330
1B9A
100
AcDbEntity
  8
0
100
AcDbCircle
 10
-0.475000000000023
 20
-4.674999999999911
 30
0.0
 40
0.1100000000000136
  0
CIRCLE
  5
1C95
330
1B9A
100
AcDbEntity
  8
0
100
AcDbCircle
 10
-0.475000000000023
 20
-4.325000000000001
 30
0.0
 40
0.1100000000000136
  0
CIRCLE
  5
1C96
330
1B9A
100
AcDbEntity
  8
0
100
AcDbCircle
 10
-0.475000000000023
 20
-3.974999999999808
 30
0.0
 40
0.1100000000000136
  0
CIRCLE
  5
1C97
330
1B9A
100
AcDbEntity
  8
0
100
AcDbCircle
 10
-0.475000000000023
 20
-3.624999999999943
 30
0.0
 40
0.1100000000000136
  0
CIRCLE
  5
1C98
330
1B9A
100
AcDbEntity
  8
0
100
AcDbCircle
 10
-0.475000000000023
 20
-3.274999999999833
 30
0.0
 40
0.1100000000000136
  0
CIRCLE
  5
1C99
330
1B9A
100
AcDbEntity
  8
0
100
AcDbCircle
 10
-0.475000000000023
 20
-2.924999999999911
 30
0.0
 40
0.1100000000000136
  0
CIRCLE
  5
1C9A
330
1B9A
100
AcDbEntity
  8
0
100
AcDbCircle
 10
-0.475000000000023
 20
-2.575000000000045
 30
0.0
 40
0.1100000000000136
  0
CIRCLE
  5
1C9B
330
1B9A
100
AcDbEntity
  8
0
100
AcDbCircle
 10
-0.475000000000023
 20
-2.224999999999779
 30
0.0
 40
0.1100000000000136
  0
CIRCLE
  5
1C9C
330
1B9A
100
AcDbEntity
  8
0
100
AcDbCircle
 10
-0.475000000000023
 20
-1.874999999999928
 30
0.0
 40
0.1100000000000136
  0
CIRCLE
  5
1C9D
330
1B9A
100
AcDbEntity
  8
0
100
AcDbCircle
 10
-0.475000000000023
 20
-1.174999999999938
 30
0.0
 40
0.1100000000000136
  0
CIRCLE
  5
1C9E
330
1B9A
100
AcDbEntity
  8
0
100
AcDbCircle
 10
-0.475000000000023
 20
-0.4749999999997814
 30
0.0
 40
0.1100000000000136
  0
CIRCLE
  5
1C9F
330
1B9A
100
AcDbEntity
  8
0
100
AcDbCircle
 10
-0.475000000000023
 20
0.2250000000001364
 30
0.0
 40
0.1100000000000705
  0
CIRCLE
  5
1CA0
330
1B9A
100
AcDbEntity
  8
0
100
AcDbCircle
 10
-0.475000000000023
 20
0.9249999999999404
 30
0.0
 40
0.1100000000000705
  0
CIRCLE
  5
1CA1
330
1B9A
100
AcDbEntity
  8
0
100
AcDbCircle
 10
-0.475000000000023
 20
1.625000000000026
 30
0.0
 40
0.1100000000000136
  0
CIRCLE
  5
1CA2
330
1B9A
100
AcDbEntity
  8
0
100
AcDbCircle
 10
3.375
 20
5.125000000000127
 30
0.0
 40
0.1100000000000136
  0
CIRCLE
  5
1CA3
330
1B9A
100
AcDbEntity
  8
0
100
AcDbCircle
 10
3.375
 20
5.475000000000221
 30
0.0
 40
0.1100000000000136
  0
CIRCLE
  5
1CA4
330
1B9A
100
AcDbEntity
  8
0
100
AcDbCircle
 10
3.375
 20
5.825000000000031
 30
0.0
 40
0.1100000000000136
  0
CIRCLE
  5
1CA5
330
1B9A
100
AcDbEntity
  8
0
100
AcDbCircle
 10
3.375
 20
6.175000000000037
 30
0.0
 40
0.1100000000000705
  0
CIRCLE
  5
1CA6
330
1B9A
100
AcDbEntity
  8
0
100
AcDbCircle
 10
3.724999999999908
 20
-6.074999999999874
 30
0.0
 40
0.1100000000000136
  0
CIRCLE
  5
1CA7
330
1B9A
100
AcDbEntity
  8
0
100
AcDbCircle
 10
3.724999999999908
 20
-6.424999999999911
 30
0.0
 40
0.1100000000000136
  0
CIRCLE
  5
1CA8
330
1B9A
100
AcDbEntity
  8
0
100
AcDbCircle
 10
3.724999999999908
 20
-6.774999999999777
 30
0.0
 40
0.1100000000000136
  0
CIRCLE
  5
1CA9
330
1B9A
100
AcDbEntity
  8
0
100
AcDbCircle
 10
3.375
 20
6.525000000000217
 30
0.0
 40
0.1100000000000705
  0
CIRCLE
  5
1CAA
330
1B9A
100
AcDbEntity
  8
0
100
AcDbCircle
 10
3.375
 20
4.775000000000217
 30
0.0
 40
0.1100000000000136
  0
CIRCLE
  5
1CAB
330
1B9A
100
AcDbEntity
  8
0
100
AcDbCircle
 10
3.375
 20
4.425000000000125
 30
0.0
 40
0.1100000000000136
  0
CIRCLE
  5
1CAC
330
1B9A
100
AcDbEntity
  8
0
100
AcDbCircle
 10
3.375
 20
3.725000000000221
 30
0.0
 40
0.1100000000000136
  0
CIRCLE
  5
1CAD
330
1B9A
100
AcDbEntity
  8
0
100
AcDbCircle
 10
3.375
 20
2.325000000000029
 30
0.0
 40
0.1100000000000136
  0
CIRCLE
  5
1CAE
330
1B9A
100
AcDbEntity
  8
0
100
AcDbCircle
 10
3.375
 20
1.975000000000219
 30
0.0
 40
0.1100000000000136
  0
CIRCLE
  5
1CAF
330
1B9A
100
AcDbEntity
  8
0
100
AcDbCircle
 10
3.375
 20
1.275000000000217
 30
0.0
 40
0.1100000000000136
  0
CIRCLE
  5
1CB0
330
1B9A
100
AcDbEntity
  8
0
100
AcDbCircle
 10
3.375
 20
0.5750000000000313
 30
0.0
 40
0.1099999999999568
  0
CIRCLE
  5
1CB1
330
1B9A
100
AcDbEntity
  8
0
100
AcDbCircle
 10
3.375
 20
-0.1249999999999716
 30
0.0
 40
0.1100000000000136
  0
CIRCLE
  5
1CB2
330
1B9A
100
AcDbEntity
  8
0
100
AcDbCircle
 10
3.724999999999908
 20
-5.72499999999978
 30
0.0
 40
0.1100000000000136
  0
CIRCLE
  5
1CB3
330
1B9A
100
AcDbEntity
  8
0
100
AcDbCircle
 10
3.724999999999908
 20
-5.374999999999886
 30
0.0
 40
0.1100000000000136
  0
CIRCLE
  5
1CB4
330
1B9A
100
AcDbEntity
  8
0
100
AcDbCircle
 10
3.724999999999908
 20
-5.024999999999778
 30
0.0
 40
0.1100000000000136
  0
CIRCLE
  5
1CB5
330
1B9A
100
AcDbEntity
  8
0
100
AcDbCircle
 10
3.724999999999908
 20
-4.674999999999881
 30
0.0
 40
0.1100000000000136
  0
CIRCLE
  5
1CB6
330
1B9A
100
AcDbEntity
  8
0
100
AcDbCircle
 10
3.724999999999908
 20
-3.974999999999751
 30
0.0
 40
0.1100000000000136
  0
CIRCLE
  5
1CB7
330
1B9A
100
AcDbEntity
  8
0
100
AcDbCircle
 10
3.724999999999908
 20
-3.274999999999778
 30
0.0
 40
0.1100000000000136
  0
CIRCLE
  5
1CB8
330
1B9A
100
AcDbEntity
  8
0
100
AcDbCircle
 10
3.724999999999908
 20
-2.57499999999996
 30
0.0
 40
0.1100000000000136
  0
CIRCLE
  5
1CB9
330
1B9A
100
AcDbEntity
  8
0
100
AcDbCircle
 10
3.724999999999908
 20
-1.874999999999884
 30
0.0
 40
0.1100000000000136
  0
CIRCLE
  5
1CBA
330
1B9A
100
AcDbEntity
  8
0
100
AcDbCircle
 10
3.724999999999908
 20
-1.174999999999883
 30
0.0
 40
0.1100000000000136
  0
CIRCLE
  5
1CBB
330
1B9A
100
AcDbEntity
  8
0
100
AcDbCircle
 10
3.724999999999908
 20
-0.4749999999997814
 30
0.0
 40
0.1100000000000136
  0
CIRCLE
  5
1CBC
330
1B9A
100
AcDbEntity
  8
0
100
AcDbCircle
 10
3.724999999999908
 20
0.2250000000002217
 30
0.0
 40
0.1100000000000705
  0
CIRCLE
  5
1CBD
330
1B9A
100
AcDbEntity
  8
0
100
AcDbCircle
 10
3.724999999999908
 20
0.5750000000000313
 30
0.0
 40
0.1100000000000705
  0
CIRCLE
  5
1CBE
330
1B9A
100
AcDbEntity
  8
0
100
AcDbCircle
 10
3.724999999999908
 20
0.9250000000000396
 30
0.0
 40
0.1100000000000705
  0
CIRCLE
  5
1CBF
330
1B9A
100
AcDbEntity
  8
0
100
AcDbCircle
 10
3.724999999999908
 20
1.625000000000127
 30
0.0
 40
0.1100000000000136
  0
CIRCLE
  5
1CC0
330
1B9A
100
AcDbEntity
  8
0
100
AcDbCircle
 10
3.724999999999908
 20
2.325000000000029
 30
0.0
 40
0.1100000000000136
  0
CIRCLE
  5
1CC1
330
1B9A
100
AcDbEntity
  8
0
100
AcDbCircle
 10
3.724999999999908
 20
3.725000000000221
 30
0.0
 40
0.1100000000000136
  0
CIRCLE
  5
1CC2
330
1B9A
100
AcDbEntity
  8
0
100
AcDbCircle
 10
3.025000000000203
 20
-1.174999999999883
 30
0.0
 40
0.1100000000000136
  0
CIRCLE
  5
1CC3
330
1B9A
100
AcDbEntity
  8
0
100
AcDbCircle
 10
3.025000000000203
 20
-0.4749999999997814
 30
0.0
 40
0.1100000000000136
  0
CIRCLE
  5
1CC4
330
1B9A
100
AcDbEntity
  8
0
100
AcDbCircle
 10
3.025000000000203
 20
0.2250000000002217
 30
0.0
 40
0.1100000000000136
  0
CIRCLE
  5
1CC5
330
1B9A
100
AcDbEntity
  8
0
100
AcDbCircle
 10
3.02500000000009
 20
0.9250000000000396
 30
0.0
 40
0.1099999999999568
  0
CIRCLE
  5
1CC6
330
1B9A
100
AcDbEntity
  8
0
100
AcDbCircle
 10
3.02500000000009
 20
1.625000000000127
 30
0.0
 40
0.1100000000000136
  0
CIRCLE
  5
1CC7
330
1B9A
100
AcDbEntity
  8
0
100
AcDbCircle
 10
3.02500000000009
 20
1.975000000000219
 30
0.0
 40
0.1100000000000136
  0
CIRCLE
  5
1CC8
330
1B9A
100
AcDbEntity
  8
0
100
AcDbCircle
 10
3.02500000000009
 20
2.325000000000029
 30
0.0
 40
0.1100000000000136
  0
CIRCLE
  5
1CC9
330
1B9A
100
AcDbEntity
  8
0
100
AcDbCircle
 10
3.02500000000009
 20
2.675000000000038
 30
0.0
 40
0.1100000000000136
  0
CIRCLE
  5
1CCA
330
1B9A
100
AcDbEntity
  8
0
100
AcDbCircle
 10
3.02500000000009
 20
3.025000000000217
 30
0.0
 40
0.1100000000000136
  0
CIRCLE
  5
1CCB
330
1B9A
100
AcDbEntity
  8
0
100
AcDbCircle
 10
3.02500000000009
 20
3.375000000000127
 30
0.0
 40
0.1100000000000136
  0
CIRCLE
  5
1CCC
330
1B9A
100
AcDbEntity
  8
0
100
AcDbCircle
 10
3.02500000000009
 20
3.725000000000221
 30
0.0
 40
0.1100000000000136
  0
CIRCLE
  5
1CCD
330
1B9A
100
AcDbEntity
  8
0
100
AcDbCircle
 10
3.02500000000009
 20
4.425000000000125
 30
0.0
 40
0.1100000000000136
  0
CIRCLE
  5
1CCE
330
1B9A
100
AcDbEntity
  8
0
100
AcDbCircle
 10
3.02500000000009
 20
4.775000000000217
 30
0.0
 40
0.1100000000000136
  0
CIRCLE
  5
1CCF
330
1B9A
100
AcDbEntity
  8
0
100
AcDbCircle
 10
3.02500000000009
 20
5.125000000000127
 30
0.0
 40
0.1100000000000136
  0
CIRCLE
  5
1CD0
330
1B9A
100
AcDbEntity
  8
0
100
AcDbCircle
 10
3.02500000000009
 20
5.475000000000221
 30
0.0
 40
0.1100000000000136
  0
CIRCLE
  5
1CD1
330
1B9A
100
AcDbEntity
  8
0
100
AcDbCircle
 10
3.02500000000009
 20
5.825000000000031
 30
0.0
 40
0.1100000000000136
  0
CIRCLE
  5
1CD2
330
1B9A
100
AcDbEntity
  8
0
100
AcDbCircle
 10
3.375
 20
-0.8249999999998749
 30
0.0
 40
0.1100000000000136
  0
CIRCLE
  5
1CD3
330
1B9A
100
AcDbEntity
  8
0
100
AcDbCircle
 10
3.375
 20
-1.174999999999883
 30
0.0
 40
0.1100000000000136
  0
CIRCLE
  5
1CD4
330
1B9A
100
AcDbEntity
  8
0
100
AcDbCircle
 10
3.375
 20
-1.524999999999776
 30
0.0
 40
0.1100000000000136
  0
CIRCLE
  5
1CD5
330
1B9A
100
AcDbEntity
  8
0
100
AcDbCircle
 10
3.375
 20
-2.224999999999779
 30
0.0
 40
0.1100000000000136
  0
CIRCLE
  5
1CD6
330
1B9A
100
AcDbEntity
  8
0
100
AcDbCircle
 10
3.375
 20
-2.924999999999868
 30
0.0
 40
0.1100000000000136
  0
CIRCLE
  5
1CD7
330
1B9A
100
AcDbEntity
  8
0
100
AcDbCircle
 10
3.375
 20
-3.624999999999871
 30
0.0
 40
0.1100000000000136
  0
CIRCLE
  5
1CD8
330
1B9A
100
AcDbEntity
  8
0
100
AcDbCircle
 10
3.375
 20
-4.324999999999986
 30
0.0
 40
0.1100000000000136
  0
CIRCLE
  5
1CD9
330
1B9A
100
AcDbEntity
  8
0
100
AcDbCircle
 10
3.375
 20
-4.674999999999881
 30
0.0
 40
0.1100000000000136
  0
CIRCLE
  5
1CDA
330
1B9A
100
AcDbEntity
  8
0
100
AcDbCircle
 10
3.02500000000009
 20
6.175000000000037
 30
0.0
 40
0.1100000000000136
  0
CIRCLE
  5
1CDB
330
1B9A
100
AcDbEntity
  8
0
100
AcDbCircle
 10
3.02500000000009
 20
6.525000000000217
 30
0.0
 40
0.1100000000000705
  0
CIRCLE
  5
1CDC
330
1B9A
100
AcDbEntity
  8
0
100
AcDbCircle
 10
3.375
 20
-6.774999999999777
 30
0.0
 40
0.1100000000000136
  0
CIRCLE
  5
1CDD
330
1B9A
100
AcDbEntity
  8
0
100
AcDbCircle
 10
3.375
 20
-6.424999999999911
 30
0.0
 40
0.1100000000000136
  0
CIRCLE
  5
1CDE
330
1B9A
100
AcDbEntity
  8
0
100
AcDbCircle
 10
3.375
 20
-6.074999999999874
 30
0.0
 40
0.1100000000000136
  0
CIRCLE
  5
1CDF
330
1B9A
100
AcDbEntity
  8
0
100
AcDbCircle
 10
3.375
 20
-5.72499999999978
 30
0.0
 40
0.1100000000000136
  0
CIRCLE
  5
1CE0
330
1B9A
100
AcDbEntity
  8
0
100
AcDbCircle
 10
3.375
 20
-5.374999999999886
 30
0.0
 40
0.1100000000000136
  0
CIRCLE
  5
1CE1
330
1B9A
100
AcDbEntity
  8
0
100
AcDbCircle
 10
3.375
 20
-5.024999999999778
 30
0.0
 40
0.1100000000000136
  0
CIRCLE
  5
1CE2
330
1B9A
100
AcDbEntity
  8
0
100
AcDbCircle
 10
4.425000000000293
 20
0.2250000000002217
 30
0.0
 40
0.1100000000000136
  0
CIRCLE
  5
1CE3
330
1B9A
100
AcDbEntity
  8
0
100
AcDbCircle
 10
4.425000000000293
 20
-0.4749999999997814
 30
0.0
 40
0.1099999999999568
  0
CIRCLE
  5
1CE4
330
1B9A
100
AcDbEntity
  8
0
100
AcDbCircle
 10
4.425000000000293
 20
-1.174999999999883
 30
0.0
 40
0.1099999999999568
  0
CIRCLE
  5
1CE5
330
1B9A
100
AcDbEntity
  8
0
100
AcDbCircle
 10
4.425000000000293
 20
-1.874999999999871
 30
0.0
 40
0.1099999999999568
  0
CIRCLE
  5
1CE6
330
1B9A
100
AcDbEntity
  8
0
100
AcDbCircle
 10
4.425000000000293
 20
-2.57499999999996
 30
0.0
 40
0.1099999999999568
  0
CIRCLE
  5
1CE7
330
1B9A
100
AcDbEntity
  8
0
100
AcDbCircle
 10
4.425000000000293
 20
-3.274999999999747
 30
0.0
 40
0.1099999999999568
  0
CIRCLE
  5
1CE8
330
1B9A
100
AcDbEntity
  8
0
100
AcDbCircle
 10
4.425000000000293
 20
-3.974999999999751
 30
0.0
 40
0.1099999999999568
  0
CIRCLE
  5
1CE9
330
1B9A
100
AcDbEntity
  8
0
100
AcDbCircle
 10
4.425000000000293
 20
-4.674999999999869
 30
0.0
 40
0.1099999999998999
  0
CIRCLE
  5
1CEA
330
1B9A
100
AcDbEntity
  8
0
100
AcDbCircle
 10
4.074999999999703
 20
6.175000000000037
 30
0.0
 40
0.1100000000000705
  0
CIRCLE
  5
1CEB
330
1B9A
100
AcDbEntity
  8
0
100
AcDbCircle
 10
4.074999999999703
 20
6.525000000000217
 30
0.0
 40
0.1100000000000705
  0
CIRCLE
  5
1CEC
330
1B9A
100
AcDbEntity
  8
0
100
AcDbCircle
 10
4.425000000000293
 20
-6.774999999999747
 30
0.0
 40
0.1099999999999568
  0
CIRCLE
  5
1CED
330
1B9A
100
AcDbEntity
  8
0
100
AcDbCircle
 10
4.425000000000293
 20
-6.424999999999869
 30
0.0
 40
0.1099999999999568
  0
CIRCLE
  5
1CEE
330
1B9A
100
AcDbEntity
  8
0
100
AcDbCircle
 10
4.425000000000293
 20
-6.074999999999874
 30
0.0
 40
0.1099999999999568
  0
CIRCLE
  5
1CEF
330
1B9A
100
AcDbEntity
  8
0
100
AcDbCircle
 10
4.425000000000293
 20
-5.724999999999753
 30
0.0
 40
0.1099999999999568
  0
CIRCLE
  5
1CF0
330
1B9A
100
AcDbEntity
  8
0
100
AcDbCircle
 10
4.425000000000293
 20
-5.374999999999872
 30
0.0
 40
0.1099999999999568
  0
CIRCLE
  5
1CF1
330
1B9A
100
AcDbEntity
  8
0
100
AcDbCircle
 10
4.425000000000293
 20
-5.024999999999778
 30
0.0
 40
0.1099999999999568
  0
CIRCLE
  5
1CF2
330
1B9A
100
AcDbEntity
  8
0
100
AcDbCircle
 10
4.425000000000238
 20
4.425000000000125
 30
0.0
 40
0.1099999999999568
  0
CIRCLE
  5
1CF3
330
1B9A
100
AcDbEntity
  8
0
100
AcDbCircle
 10
4.425000000000238
 20
4.775000000000217
 30
0.0
 40
0.1099999999999568
  0
CIRCLE
  5
1CF4
330
1B9A
100
AcDbEntity
  8
0
100
AcDbCircle
 10
4.425000000000238
 20
5.125000000000127
 30
0.0
 40
0.1099999999999568
  0
CIRCLE
  5
1CF5
330
1B9A
100
AcDbEntity
  8
0
100
AcDbCircle
 10
4.425000000000238
 20
5.475000000000221
 30
0.0
 40
0.1099999999999568
  0
CIRCLE
  5
1CF6
330
1B9A
100
AcDbEntity
  8
0
100
AcDbCircle
 10
4.425000000000238
 20
5.825000000000128
 30
0.0
 40
0.1099999999999568
  0
CIRCLE
  5
1CF7
330
1B9A
100
AcDbEntity
  8
0
100
AcDbCircle
 10
4.425000000000238
 20
6.525000000000217
 30
0.0
 40
0.1099999999999568
  0
CIRCLE
  5
1CF8
330
1B9A
100
AcDbEntity
  8
0
100
AcDbCircle
 10
4.775000000000202
 20
-6.774999999999747
 30
0.0
 40
0.1099999999999568
  0
CIRCLE
  5
1CF9
330
1B9A
100
AcDbEntity
  8
0
100
AcDbCircle
 10
4.775000000000202
 20
-6.424999999999869
 30
0.0
 40
0.1099999999999568
  0
CIRCLE
  5
1CFA
330
1B9A
100
AcDbEntity
  8
0
100
AcDbCircle
 10
4.425000000000238
 20
3.725000000000221
 30
0.0
 40
0.1099999999999568
  0
CIRCLE
  5
1CFB
330
1B9A
100
AcDbEntity
  8
0
100
AcDbCircle
 10
4.425000000000238
 20
3.375000000000127
 30
0.0
 40
0.1099999999999568
  0
CIRCLE
  5
1CFC
330
1B9A
100
AcDbEntity
  8
0
100
AcDbCircle
 10
4.425000000000238
 20
3.025000000000217
 30
0.0
 40
0.1099999999999568
  0
CIRCLE
  5
1CFD
330
1B9A
100
AcDbEntity
  8
0
100
AcDbCircle
 10
4.425000000000238
 20
2.675000000000038
 30
0.0
 40
0.1099999999999568
  0
CIRCLE
  5
1CFE
330
1B9A
100
AcDbEntity
  8
0
100
AcDbCircle
 10
4.425000000000238
 20
2.325000000000128
 30
0.0
 40
0.1099999999999568
  0
CIRCLE
  5
1CFF
330
1B9A
100
AcDbEntity
  8
0
100
AcDbCircle
 10
4.425000000000238
 20
1.625000000000127
 30
0.0
 40
0.1099999999999568
  0
CIRCLE
  5
1D00
330
1B9A
100
AcDbEntity
  8
0
100
AcDbCircle
 10
4.425000000000293
 20
0.9250000000000396
 30
0.0
 40
0.1100000000000136
  0
CIRCLE
  5
1D01
330
1B9A
100
AcDbEntity
  8
0
100
AcDbCircle
 10
4.425000000000293
 20
0.5750000000001309
 30
0.0
 40
0.1100000000000136
  0
CIRCLE
  5
1D02
330
1B9A
100
AcDbEntity
  8
0
100
AcDbCircle
 10
3.724999999999908
 20
4.075000000000031
 30
0.0
 40
0.1100000000000136
  0
CIRCLE
  5
1D03
330
1B9A
100
AcDbEntity
  8
0
100
AcDbCircle
 10
3.724999999999908
 20
4.425000000000125
 30
0.0
 40
0.1100000000000136
  0
CIRCLE
  5
1D04
330
1B9A
100
AcDbEntity
  8
0
100
AcDbCircle
 10
3.724999999999908
 20
4.775000000000217
 30
0.0
 40
0.1100000000000136
  0
CIRCLE
  5
1D05
330
1B9A
100
AcDbEntity
  8
0
100
AcDbCircle
 10
3.724999999999908
 20
5.125000000000127
 30
0.0
 40
0.1100000000000136
  0
CIRCLE
  5
1D06
330
1B9A
100
AcDbEntity
  8
0
100
AcDbCircle
 10
3.724999999999908
 20
5.475000000000221
 30
0.0
 40
0.1100000000000136
  0
CIRCLE
  5
1D07
330
1B9A
100
AcDbEntity
  8
0
100
AcDbCircle
 10
3.724999999999908
 20
5.825000000000031
 30
0.0
 40
0.1100000000000136
  0
CIRCLE
  5
1D08
330
1B9A
100
AcDbEntity
  8
0
100
AcDbCircle
 10
3.724999999999852
 20
6.175000000000037
 30
0.0
 40
0.1099999999999568
  0
CIRCLE
  5
1D09
330
1B9A
100
AcDbEntity
  8
0
100
AcDbCircle
 10
3.724999999999852
 20
6.525000000000217
 30
0.0
 40
0.1099999999999568
  0
CIRCLE
  5
1D0A
330
1B9A
100
AcDbEntity
  8
0
100
AcDbCircle
 10
4.074999999999874
 20
-6.774999999999777
 30
0.0
 40
0.1100000000000136
  0
CIRCLE
  5
1D0B
330
1B9A
100
AcDbEntity
  8
0
100
AcDbCircle
 10
4.074999999999874
 20
-6.424999999999911
 30
0.0
 40
0.1100000000000136
  0
CIRCLE
  5
1D0C
330
1B9A
100
AcDbEntity
  8
0
100
AcDbCircle
 10
4.074999999999874
 20
-6.074999999999874
 30
0.0
 40
0.1100000000000136
  0
CIRCLE
  5
1D0D
330
1B9A
100
AcDbEntity
  8
0
100
AcDbCircle
 10
4.074999999999874
 20
-5.72499999999978
 30
0.0
 40
0.1100000000000136
  0
CIRCLE
  5
1D0E
330
1B9A
100
AcDbEntity
  8
0
100
AcDbCircle
 10
4.074999999999874
 20
-5.374999999999886
 30
0.0
 40
0.1100000000000136
  0
CIRCLE
  5
1D0F
330
1B9A
100
AcDbEntity
  8
0
100
AcDbCircle
 10
4.074999999999874
 20
-5.024999999999778
 30
0.0
 40
0.1100000000000136
  0
CIRCLE
  5
1D10
330
1B9A
100
AcDbEntity
  8
0
100
AcDbCircle
 10
4.074999999999874
 20
-4.674999999999881
 30
0.0
 40
0.1100000000000705
  0
CIRCLE
  5
1D11
330
1B9A
100
AcDbEntity
  8
0
100
AcDbCircle
 10
4.074999999999874
 20
-4.324999999999986
 30
0.0
 40
0.1100000000000136
  0
CIRCLE
  5
1D12
330
1B9A
100
AcDbEntity
  8
0
100
AcDbCircle
 10
4.074999999999874
 20
-3.624999999999871
 30
0.0
 40
0.1100000000000136
  0
CIRCLE
  5
1D13
330
1B9A
100
AcDbEntity
  8
0
100
AcDbCircle
 10
4.074999999999874
 20
-2.924999999999868
 30
0.0
 40
0.1100000000000136
  0
CIRCLE
  5
1D14
330
1B9A
100
AcDbEntity
  8
0
100
AcDbCircle
 10
4.074999999999874
 20
-2.224999999999779
 30
0.0
 40
0.1100000000000136
  0
CIRCLE
  5
1D15
330
1B9A
100
AcDbEntity
  8
0
100
AcDbCircle
 10
4.074999999999874
 20
-0.8249999999998749
 30
0.0
 40
0.1100000000000136
  0
CIRCLE
  5
1D16
330
1B9A
100
AcDbEntity
  8
0
100
AcDbCircle
 10
4.074999999999874
 20
-0.1249999999999716
 30
0.0
 40
0.1100000000000136
  0
CIRCLE
  5
1D17
330
1B9A
100
AcDbEntity
  8
0
100
AcDbCircle
 10
4.074999999999703
 20
0.5750000000000313
 30
0.0
 40
0.1099999999999568
  0
CIRCLE
  5
1D18
330
1B9A
100
AcDbEntity
  8
0
100
AcDbCircle
 10
4.074999999999703
 20
1.275000000000217
 30
0.0
 40
0.1100000000000136
  0
CIRCLE
  5
1D19
330
1B9A
100
AcDbEntity
  8
0
100
AcDbCircle
 10
4.074999999999703
 20
1.975000000000219
 30
0.0
 40
0.1100000000000136
  0
CIRCLE
  5
1D1A
330
1B9A
100
AcDbEntity
  8
0
100
AcDbCircle
 10
4.074999999999703
 20
2.325000000000029
 30
0.0
 40
0.1100000000000136
  0
CIRCLE
  5
1D1B
330
1B9A
100
AcDbEntity
  8
0
100
AcDbCircle
 10
4.074999999999703
 20
3.725000000000221
 30
0.0
 40
0.1100000000000136
  0
CIRCLE
  5
1D1C
330
1B9A
100
AcDbEntity
  8
0
100
AcDbCircle
 10
4.074999999999703
 20
4.075000000000031
 30
0.0
 40
0.1100000000000136
  0
CIRCLE
  5
1D1D
330
1B9A
100
AcDbEntity
  8
0
100
AcDbCircle
 10
4.074999999999703
 20
4.425000000000125
 30
0.0
 40
0.1100000000000136
  0
CIRCLE
  5
1D1E
330
1B9A
100
AcDbEntity
  8
0
100
AcDbCircle
 10
4.074999999999703
 20
4.775000000000217
 30
0.0
 40
0.1100000000000136
  0
CIRCLE
  5
1D1F
330
1B9A
100
AcDbEntity
  8
0
100
AcDbCircle
 10
4.074999999999703
 20
5.125000000000127
 30
0.0
 40
0.1100000000000136
  0
CIRCLE
  5
1D20
330
1B9A
100
AcDbEntity
  8
0
100
AcDbCircle
 10
4.074999999999703
 20
5.475000000000221
 30
0.0
 40
0.1100000000000136
  0
CIRCLE
  5
1D21
330
1B9A
100
AcDbEntity
  8
0
100
AcDbCircle
 10
4.074999999999703
 20
5.825000000000031
 30
0.0
 40
0.1100000000000136
  0
CIRCLE
  5
1D22
330
1B9A
100
AcDbEntity
  8
0
100
AcDbCircle
 10
1.974999999999852
 20
-3.624999999999912
 30
0.0
 40
0.1099999999999568
  0
CIRCLE
  5
1D23
330
1B9A
100
AcDbEntity
  8
0
100
AcDbCircle
 10
1.974999999999852
 20
-3.274999999999806
 30
0.0
 40
0.1099999999999568
  0
CIRCLE
  5
1D24
330
1B9A
100
AcDbEntity
  8
0
100
AcDbCircle
 10
1.974999999999852
 20
-2.924999999999911
 30
0.0
 40
0.1099999999999568
  0
CIRCLE
  5
1D25
330
1B9A
100
AcDbEntity
  8
0
100
AcDbCircle
 10
1.974999999999852
 20
-1.524999999999776
 30
0.0
 40
0.1099999999999568
  0
CIRCLE
  5
1D26
330
1B9A
100
AcDbEntity
  8
0
100
AcDbCircle
 10
1.974999999999852
 20
-0.8249999999998749
 30
0.0
 40
0.1099999999999568
  0
CIRCLE
  5
1D27
330
1B9A
100
AcDbEntity
  8
0
100
AcDbCircle
 10
1.974999999999852
 20
-0.1249999999999716
 30
0.0
 40
0.1099999999999568
  0
CIRCLE
  5
1D28
330
1B9A
100
AcDbEntity
  8
0
100
AcDbCircle
 10
1.974999999999852
 20
0.5750000000000313
 30
0.0
 40
0.1099999999998999
  0
CIRCLE
  5
1D29
330
1B9A
100
AcDbEntity
  8
0
100
AcDbCircle
 10
1.974999999999852
 20
0.9249999999999404
 30
0.0
 40
0.1099999999998999
  0
CIRCLE
  5
1D2A
330
1B9A
100
AcDbEntity
  8
0
100
AcDbCircle
 10
1.974999999999852
 20
1.275000000000217
 30
0.0
 40
0.1099999999999568
  0
CIRCLE
  5
1D2B
330
1B9A
100
AcDbEntity
  8
0
100
AcDbCircle
 10
1.974999999999852
 20
1.625000000000026
 30
0.0
 40
0.1099999999999568
  0
CIRCLE
  5
1D2C
330
1B9A
100
AcDbEntity
  8
0
100
AcDbCircle
 10
1.974999999999852
 20
1.975000000000136
 30
0.0
 40
0.1099999999999568
  0
CIRCLE
  5
1D2D
330
1B9A
100
AcDbEntity
  8
0
100
AcDbCircle
 10
1.974999999999852
 20
2.325000000000029
 30
0.0
 40
0.1099999999999568
  0
CIRCLE
  5
1D2E
330
1B9A
100
AcDbEntity
  8
0
100
AcDbCircle
 10
1.974999999999852
 20
2.674999999999938
 30
0.0
 40
0.1099999999999568
  0
CIRCLE
  5
1D2F
330
1B9A
100
AcDbEntity
  8
0
100
AcDbCircle
 10
1.974999999999852
 20
3.025000000000217
 30
0.0
 40
0.1099999999999568
  0
CIRCLE
  5
1D30
330
1B9A
100
AcDbEntity
  8
0
100
AcDbCircle
 10
1.974999999999852
 20
3.375000000000028
 30
0.0
 40
0.1099999999999568
  0
CIRCLE
  5
1D31
330
1B9A
100
AcDbEntity
  8
0
100
AcDbCircle
 10
1.974999999999852
 20
3.725000000000136
 30
0.0
 40
0.1099999999999568
  0
CIRCLE
  5
1D32
330
1B9A
100
AcDbEntity
  8
0
100
AcDbCircle
 10
2.324999999999874
 20
-2.924999999999911
 30
0.0
 40
0.1100000000000136
  0
CIRCLE
  5
1D33
330
1B9A
100
AcDbEntity
  8
0
100
AcDbCircle
 10
2.324999999999874
 20
-3.274999999999778
 30
0.0
 40
0.1100000000000136
  0
CIRCLE
  5
1D34
330
1B9A
100
AcDbEntity
  8
0
100
AcDbCircle
 10
2.324999999999874
 20
-3.624999999999912
 30
0.0
 40
0.1100000000000136
  0
CIRCLE
  5
1D35
330
1B9A
100
AcDbEntity
  8
0
100
AcDbCircle
 10
2.324999999999931
 20
-5.024999999999778
 30
0.0
 40
0.1100000000000136
  0
CIRCLE
  5
1D36
330
1B9A
100
AcDbEntity
  8
0
100
AcDbCircle
 10
2.324999999999931
 20
-5.374999999999927
 30
0.0
 40
0.1100000000000136
  0
CIRCLE
  5
1D37
330
1B9A
100
AcDbEntity
  8
0
100
AcDbCircle
 10
2.324999999999931
 20
-5.72499999999978
 30
0.0
 40
0.1100000000000136
  0
CIRCLE
  5
1D38
330
1B9A
100
AcDbEntity
  8
0
100
AcDbCircle
 10
2.324999999999931
 20
-6.074999999999874
 30
0.0
 40
0.1100000000000136
  0
CIRCLE
  5
1D39
330
1B9A
100
AcDbEntity
  8
0
100
AcDbCircle
 10
2.324999999999931
 20
-6.424999999999911
 30
0.0
 40
0.1100000000000136
  0
CIRCLE
  5
1D3A
330
1B9A
100
AcDbEntity
  8
0
100
AcDbCircle
 10
1.974999999999852
 20
4.075000000000031
 30
0.0
 40
0.1099999999999568
  0
CIRCLE
  5
1D3B
330
1B9A
100
AcDbEntity
  8
0
100
AcDbCircle
 10
1.974999999999852
 20
4.775000000000131
 30
0.0
 40
0.1099999999999568
  0
CIRCLE
  5
1D3C
330
1B9A
100
AcDbEntity
  8
0
100
AcDbCircle
 10
1.974999999999852
 20
5.125000000000028
 30
0.0
 40
0.1099999999999568
  0
CIRCLE
  5
1D3D
330
1B9A
100
AcDbEntity
  8
0
100
AcDbCircle
 10
1.974999999999852
 20
5.475000000000137
 30
0.0
 40
0.1099999999999568
  0
CIRCLE
  5
1D3E
330
1B9A
100
AcDbEntity
  8
0
100
AcDbCircle
 10
2.324999999999931
 20
-6.774999999999777
 30
0.0
 40
0.1100000000000136
  0
CIRCLE
  5
1D3F
330
1B9A
100
AcDbEntity
  8
0
100
AcDbCircle
 10
1.974999999999852
 20
6.525000000000132
 30
0.0
 40
0.1100000000000136
  0
CIRCLE
  5
1D40
330
1B9A
100
AcDbEntity
  8
0
100
AcDbCircle
 10
1.974999999999852
 20
6.17499999999994
 30
0.0
 40
0.1100000000000136
  0
CIRCLE
  5
1D41
330
1B9A
100
AcDbEntity
  8
0
100
AcDbCircle
 10
1.974999999999852
 20
5.825000000000031
 30
0.0
 40
0.1099999999999568
  0
CIRCLE
  5
1D42
330
1B9A
100
AcDbEntity
  8
0
100
AcDbCircle
 10
1.625
 20
-6.424999999999911
 30
0.0
 40
0.1099999999999568
  0
CIRCLE
  5
1D43
330
1B9A
100
AcDbEntity
  8
0
100
AcDbCircle
 10
1.625
 20
-6.074999999999889
 30
0.0
 40
0.1099999999999568
  0
CIRCLE
  5
1D44
330
1B9A
100
AcDbEntity
  8
0
100
AcDbCircle
 10
1.625
 20
-5.72499999999978
 30
0.0
 40
0.1099999999999568
  0
CIRCLE
  5
1D45
330
1B9A
100
AcDbEntity
  8
0
100
AcDbCircle
 10
1.625
 20
-5.374999999999927
 30
0.0
 40
0.1099999999999568
  0
CIRCLE
  5
1D46
330
1B9A
100
AcDbEntity
  8
0
100
AcDbCircle
 10
1.625
 20
-5.024999999999835
 30
0.0
 40
0.1099999999999568
  0
CIRCLE
  5
1D47
330
1B9A
100
AcDbEntity
  8
0
100
AcDbCircle
 10
1.624999999999943
 20
-3.624999999999912
 30
0.0
 40
0.1099999999999568
  0
CIRCLE
  5
1D48
330
1B9A
100
AcDbEntity
  8
0
100
AcDbCircle
 10
1.624999999999943
 20
-3.274999999999806
 30
0.0
 40
0.1099999999999568
  0
CIRCLE
  5
1D49
330
1B9A
100
AcDbEntity
  8
0
100
AcDbCircle
 10
1.624999999999943
 20
-2.924999999999911
 30
0.0
 40
0.1099999999999568
  0
CIRCLE
  5
1D4A
330
1B9A
100
AcDbEntity
  8
0
100
AcDbCircle
 10
1.624999999999943
 20
-1.524999999999776
 30
0.0
 40
0.1099999999999568
  0
CIRCLE
  5
1D4B
330
1B9A
100
AcDbEntity
  8
0
100
AcDbCircle
 10
1.624999999999943
 20
-1.174999999999926
 30
0.0
 40
0.1099999999999568
  0
CIRCLE
  5
1D4C
330
1B9A
100
AcDbEntity
  8
0
100
AcDbCircle
 10
1.624999999999943
 20
-0.4749999999997814
 30
0.0
 40
0.1099999999999568
  0
CIRCLE
  5
1D4D
330
1B9A
100
AcDbEntity
  8
0
100
AcDbCircle
 10
1.624999999999943
 20
0.2250000000001364
 30
0.0
 40
0.1100000000000136
  0
CIRCLE
  5
1D4E
330
1B9A
100
AcDbEntity
  8
0
100
AcDbCircle
 10
1.624999999999943
 20
0.9249999999999404
 30
0.0
 40
0.1100000000000136
  0
CIRCLE
  5
1D4F
330
1B9A
100
AcDbEntity
  8
0
100
AcDbCircle
 10
1.624999999999943
 20
1.625000000000026
 30
0.0
 40
0.1099999999999568
  0
CIRCLE
  5
1D50
330
1B9A
100
AcDbEntity
  8
0
100
AcDbCircle
 10
1.624999999999943
 20
1.975000000000136
 30
0.0
 40
0.1099999999999568
  0
CIRCLE
  5
1D51
330
1B9A
100
AcDbEntity
  8
0
100
AcDbCircle
 10
1.624999999999943
 20
2.325000000000029
 30
0.0
 40
0.1099999999999568
  0
CIRCLE
  5
1D52
330
1B9A
100
AcDbEntity
  8
0
100
AcDbCircle
 10
1.624999999999829
 20
6.17499999999994
 30
0.0
 40
0.1099999999998999
  0
CIRCLE
  5
1D53
330
1B9A
100
AcDbEntity
  8
0
100
AcDbCircle
 10
1.624999999999829
 20
6.525000000000132
 30
0.0
 40
0.1099999999998999
  0
CIRCLE
  5
1D54
330
1B9A
100
AcDbEntity
  8
0
100
AcDbCircle
 10
1.974999999999852
 20
-6.774999999999777
 30
0.0
 40
0.1100000000000136
  0
CIRCLE
  5
1D55
330
1B9A
100
AcDbEntity
  8
0
100
AcDbCircle
 10
1.974999999999852
 20
-6.424999999999911
 30
0.0
 40
0.1100000000000136
  0
CIRCLE
  5
1D56
330
1B9A
100
AcDbEntity
  8
0
100
AcDbCircle
 10
1.974999999999852
 20
-6.074999999999889
 30
0.0
 40
0.1100000000000136
  0
CIRCLE
  5
1D57
330
1B9A
100
AcDbEntity
  8
0
100
AcDbCircle
 10
1.974999999999852
 20
-5.72499999999978
 30
0.0
 40
0.1100000000000136
  0
CIRCLE
  5
1D58
330
1B9A
100
AcDbEntity
  8
0
100
AcDbCircle
 10
1.974999999999852
 20
-5.374999999999927
 30
0.0
 40
0.1100000000000136
  0
CIRCLE
  5
1D59
330
1B9A
100
AcDbEntity
  8
0
100
AcDbCircle
 10
1.974999999999852
 20
-5.024999999999835
 30
0.0
 40
0.1100000000000136
  0
CIRCLE
  5
1D5A
330
1B9A
100
AcDbEntity
  8
0
100
AcDbCircle
 10
1.624999999999943
 20
5.825000000000031
 30
0.0
 40
0.1099999999999568
  0
CIRCLE
  5
1D5B
330
1B9A
100
AcDbEntity
  8
0
100
AcDbCircle
 10
1.624999999999943
 20
5.475000000000137
 30
0.0
 40
0.1099999999999568
  0
CIRCLE
  5
1D5C
330
1B9A
100
AcDbEntity
  8
0
100
AcDbCircle
 10
1.624999999999943
 20
5.125000000000028
 30
0.0
 40
0.1099999999999568
  0
CIRCLE
  5
1D5D
330
1B9A
100
AcDbEntity
  8
0
100
AcDbCircle
 10
1.624999999999943
 20
4.425000000000125
 30
0.0
 40
0.1099999999999568
  0
CIRCLE
  5
1D5E
330
1B9A
100
AcDbEntity
  8
0
100
AcDbCircle
 10
1.624999999999943
 20
3.725000000000136
 30
0.0
 40
0.1099999999999568
  0
CIRCLE
  5
1D5F
330
1B9A
100
AcDbEntity
  8
0
100
AcDbCircle
 10
1.624999999999943
 20
3.375000000000028
 30
0.0
 40
0.1099999999999568
  0
CIRCLE
  5
1D60
330
1B9A
100
AcDbEntity
  8
0
100
AcDbCircle
 10
1.624999999999943
 20
3.025000000000217
 30
0.0
 40
0.1099999999999568
  0
CIRCLE
  5
1D61
330
1B9A
100
AcDbEntity
  8
0
100
AcDbCircle
 10
1.624999999999943
 20
2.674999999999938
 30
0.0
 40
0.1099999999999568
  0
CIRCLE
  5
1D62
330
1B9A
100
AcDbEntity
  8
0
100
AcDbCircle
 10
2.675000000000295
 20
-2.224999999999779
 30
0.0
 40
0.1100000000000136
  0
CIRCLE
  5
1D63
330
1B9A
100
AcDbEntity
  8
0
100
AcDbCircle
 10
2.675000000000295
 20
-1.874999999999884
 30
0.0
 40
0.1100000000000136
  0
CIRCLE
  5
1D64
330
1B9A
100
AcDbEntity
  8
0
100
AcDbCircle
 10
2.675000000000295
 20
-1.524999999999776
 30
0.0
 40
0.1100000000000136
  0
CIRCLE
  5
1D65
330
1B9A
100
AcDbEntity
  8
0
100
AcDbCircle
 10
2.675000000000295
 20
-0.8249999999998749
 30
0.0
 40
0.1100000000000136
  0
CIRCLE
  5
1D66
330
1B9A
100
AcDbEntity
  8
0
100
AcDbCircle
 10
2.675000000000295
 20
-0.1249999999999716
 30
0.0
 40
0.1100000000000136
  0
CIRCLE
  5
1D67
330
1B9A
100
AcDbEntity
  8
0
100
AcDbCircle
 10
2.675000000000295
 20
0.5750000000000313
 30
0.0
 40
0.1100000000000705
  0
CIRCLE
  5
1D68
330
1B9A
100
AcDbEntity
  8
0
100
AcDbCircle
 10
2.675000000000238
 20
1.275000000000217
 30
0.0
 40
0.1100000000000136
  0
CIRCLE
  5
1D69
330
1B9A
100
AcDbEntity
  8
0
100
AcDbCircle
 10
2.675000000000238
 20
1.625000000000127
 30
0.0
 40
0.1100000000000136
  0
CIRCLE
  5
1D6A
330
1B9A
100
AcDbEntity
  8
0
100
AcDbCircle
 10
2.675000000000238
 20
1.975000000000219
 30
0.0
 40
0.1100000000000136
  0
CIRCLE
  5
1D6B
330
1B9A
100
AcDbEntity
  8
0
100
AcDbCircle
 10
2.675000000000238
 20
2.325000000000029
 30
0.0
 40
0.1100000000000136
  0
CIRCLE
  5
1D6C
330
1B9A
100
AcDbEntity
  8
0
100
AcDbCircle
 10
2.675000000000238
 20
2.675000000000038
 30
0.0
 40
0.1100000000000136
  0
CIRCLE
  5
1D6D
330
1B9A
100
AcDbEntity
  8
0
100
AcDbCircle
 10
2.675000000000238
 20
3.375000000000127
 30
0.0
 40
0.1100000000000136
  0
CIRCLE
  5
1D6E
330
1B9A
100
AcDbEntity
  8
0
100
AcDbCircle
 10
2.675000000000238
 20
3.725000000000221
 30
0.0
 40
0.1100000000000136
  0
CIRCLE
  5
1D6F
330
1B9A
100
AcDbEntity
  8
0
100
AcDbCircle
 10
2.675000000000238
 20
4.075000000000031
 30
0.0
 40
0.1100000000000136
  0
CIRCLE
  5
1D70
330
1B9A
100
AcDbEntity
  8
0
100
AcDbCircle
 10
2.675000000000238
 20
4.425000000000125
 30
0.0
 40
0.1100000000000136
  0
CIRCLE
  5
1D71
330
1B9A
100
AcDbEntity
  8
0
100
AcDbCircle
 10
2.675000000000238
 20
4.775000000000217
 30
0.0
 40
0.1100000000000136
  0
CIRCLE
  5
1D72
330
1B9A
100
AcDbEntity
  8
0
100
AcDbCircle
 10
3.025000000000203
 20
-1.874999999999884
 30
0.0
 40
0.1100000000000136
  0
CIRCLE
  5
1D73
330
1B9A
100
AcDbEntity
  8
0
100
AcDbCircle
 10
3.025000000000203
 20
-2.57499999999996
 30
0.0
 40
0.1100000000000136
  0
CIRCLE
  5
1D74
330
1B9A
100
AcDbEntity
  8
0
100
AcDbCircle
 10
3.025000000000203
 20
-3.274999999999778
 30
0.0
 40
0.1100000000000136
  0
CIRCLE
  5
1D75
330
1B9A
100
AcDbEntity
  8
0
100
AcDbCircle
 10
3.025000000000203
 20
-3.974999999999751
 30
0.0
 40
0.1100000000000136
  0
CIRCLE
  5
1D76
330
1B9A
100
AcDbEntity
  8
0
100
AcDbCircle
 10
3.025000000000203
 20
-4.674999999999881
 30
0.0
 40
0.1100000000000136
  0
CIRCLE
  5
1D77
330
1B9A
100
AcDbEntity
  8
0
100
AcDbCircle
 10
3.025000000000203
 20
-5.024999999999778
 30
0.0
 40
0.1100000000000136
  0
CIRCLE
  5
1D78
330
1B9A
100
AcDbEntity
  8
0
100
AcDbCircle
 10
3.025000000000203
 20
-5.374999999999886
 30
0.0
 40
0.1100000000000136
  0
CIRCLE
  5
1D79
330
1B9A
100
AcDbEntity
  8
0
100
AcDbCircle
 10
3.025000000000203
 20
-5.72499999999978
 30
0.0
 40
0.1100000000000136
  0
CIRCLE
  5
1D7A
330
1B9A
100
AcDbEntity
  8
0
100
AcDbCircle
 10
2.675000000000238
 20
5.125000000000127
 30
0.0
 40
0.1100000000000136
  0
CIRCLE
  5
1D7B
330
1B9A
100
AcDbEntity
  8
0
100
AcDbCircle
 10
2.675000000000238
 20
5.475000000000221
 30
0.0
 40
0.1100000000000136
  0
CIRCLE
  5
1D7C
330
1B9A
100
AcDbEntity
  8
0
100
AcDbCircle
 10
2.675000000000238
 20
5.825000000000031
 30
0.0
 40
0.1100000000000136
  0
CIRCLE
  5
1D7D
330
1B9A
100
AcDbEntity
  8
0
100
AcDbCircle
 10
2.675000000000238
 20
6.175000000000037
 30
0.0
 40
0.1100000000000136
  0
CIRCLE
  5
1D7E
330
1B9A
100
AcDbEntity
  8
0
100
AcDbCircle
 10
3.025000000000203
 20
-6.074999999999874
 30
0.0
 40
0.1100000000000136
  0
CIRCLE
  5
1D7F
330
1B9A
100
AcDbEntity
  8
0
100
AcDbCircle
 10
3.025000000000203
 20
-6.424999999999911
 30
0.0
 40
0.1100000000000136
  0
CIRCLE
  5
1D80
330
1B9A
100
AcDbEntity
  8
0
100
AcDbCircle
 10
3.025000000000203
 20
-6.774999999999777
 30
0.0
 40
0.1100000000000136
  0
CIRCLE
  5
1D81
330
1B9A
100
AcDbEntity
  8
0
100
AcDbCircle
 10
2.675000000000238
 20
6.525000000000217
 30
0.0
 40
0.1099999999999568
  0
CIRCLE
  5
1D82
330
1B9A
100
AcDbEntity
  8
0
100
AcDbCircle
 10
2.324999999999874
 20
-1.524999999999776
 30
0.0
 40
0.1100000000000136
  0
CIRCLE
  5
1D83
330
1B9A
100
AcDbEntity
  8
0
100
AcDbCircle
 10
2.324999999999874
 20
-1.174999999999909
 30
0.0
 40
0.1100000000000136
  0
CIRCLE
  5
1D84
330
1B9A
100
AcDbEntity
  8
0
100
AcDbCircle
 10
2.324999999999874
 20
-0.4749999999997814
 30
0.0
 40
0.1100000000000136
  0
CIRCLE
  5
1D85
330
1B9A
100
AcDbEntity
  8
0
100
AcDbCircle
 10
2.324999999999874
 20
0.2250000000001364
 30
0.0
 40
0.1100000000000705
  0
CIRCLE
  5
1D86
330
1B9A
100
AcDbEntity
  8
0
100
AcDbCircle
 10
2.324999999999874
 20
0.9250000000000396
 30
0.0
 40
0.1100000000000705
  0
CIRCLE
  5
1D87
330
1B9A
100
AcDbEntity
  8
0
100
AcDbCircle
 10
2.324999999999703
 20
1.625000000000127
 30
0.0
 40
0.1100000000000136
  0
CIRCLE
  5
1D88
330
1B9A
100
AcDbEntity
  8
0
100
AcDbCircle
 10
2.324999999999703
 20
1.975000000000136
 30
0.0
 40
0.1100000000000136
  0
CIRCLE
  5
1D89
330
1B9A
100
AcDbEntity
  8
0
100
AcDbCircle
 10
2.324999999999703
 20
2.325000000000029
 30
0.0
 40
0.1100000000000136
  0
CIRCLE
  5
1D8A
330
1B9A
100
AcDbEntity
  8
0
100
AcDbCircle
 10
2.324999999999703
 20
2.674999999999938
 30
0.0
 40
0.1100000000000136
  0
CIRCLE
  5
1D8B
330
1B9A
100
AcDbEntity
  8
0
100
AcDbCircle
 10
2.324999999999703
 20
3.025000000000217
 30
0.0
 40
0.1100000000000136
  0
CIRCLE
  5
1D8C
330
1B9A
100
AcDbEntity
  8
0
100
AcDbCircle
 10
2.324999999999703
 20
3.375000000000127
 30
0.0
 40
0.1100000000000136
  0
CIRCLE
  5
1D8D
330
1B9A
100
AcDbEntity
  8
0
100
AcDbCircle
 10
2.324999999999703
 20
3.725000000000221
 30
0.0
 40
0.1100000000000136
  0
CIRCLE
  5
1D8E
330
1B9A
100
AcDbEntity
  8
0
100
AcDbCircle
 10
2.324999999999703
 20
4.425000000000125
 30
0.0
 40
0.1100000000000136
  0
CIRCLE
  5
1D8F
330
1B9A
100
AcDbEntity
  8
0
100
AcDbCircle
 10
2.324999999999703
 20
4.775000000000217
 30
0.0
 40
0.1100000000000136
  0
CIRCLE
  5
1D90
330
1B9A
100
AcDbEntity
  8
0
100
AcDbCircle
 10
2.324999999999703
 20
5.125000000000028
 30
0.0
 40
0.1100000000000136
  0
CIRCLE
  5
1D91
330
1B9A
100
AcDbEntity
  8
0
100
AcDbCircle
 10
2.324999999999703
 20
5.475000000000137
 30
0.0
 40
0.1100000000000136
  0
CIRCLE
  5
1D92
330
1B9A
100
AcDbEntity
  8
0
100
AcDbCircle
 10
2.675000000000295
 20
-2.57499999999996
 30
0.0
 40
0.1100000000000136
  0
CIRCLE
  5
1D93
330
1B9A
100
AcDbEntity
  8
0
100
AcDbCircle
 10
2.675000000000295
 20
-2.924999999999868
 30
0.0
 40
0.1100000000000136
  0
CIRCLE
  5
1D94
330
1B9A
100
AcDbEntity
  8
0
100
AcDbCircle
 10
2.675000000000295
 20
-3.274999999999778
 30
0.0
 40
0.1100000000000136
  0
CIRCLE
  5
1D95
330
1B9A
100
AcDbEntity
  8
0
100
AcDbCircle
 10
2.675000000000295
 20
-3.624999999999871
 30
0.0
 40
0.1100000000000136
  0
CIRCLE
  5
1D96
330
1B9A
100
AcDbEntity
  8
0
100
AcDbCircle
 10
2.675000000000295
 20
-3.974999999999751
 30
0.0
 40
0.1100000000000136
  0
CIRCLE
  5
1D97
330
1B9A
100
AcDbEntity
  8
0
100
AcDbCircle
 10
2.675000000000295
 20
-4.324999999999986
 30
0.0
 40
0.1100000000000136
  0
CIRCLE
  5
1D98
330
1B9A
100
AcDbEntity
  8
0
100
AcDbCircle
 10
2.675000000000295
 20
-4.674999999999881
 30
0.0
 40
0.1100000000000136
  0
CIRCLE
  5
1D99
330
1B9A
100
AcDbEntity
  8
0
100
AcDbCircle
 10
2.675000000000295
 20
-5.024999999999778
 30
0.0
 40
0.1100000000000136
  0
CIRCLE
  5
1D9A
330
1B9A
100
AcDbEntity
  8
0
100
AcDbCircle
 10
2.675000000000295
 20
-6.774999999999777
 30
0.0
 40
0.1100000000000136
  0
CIRCLE
  5
1D9B
330
1B9A
100
AcDbEntity
  8
0
100
AcDbCircle
 10
2.324999999999703
 20
6.525000000000132
 30
0.0
 40
0.1099999999999568
  0
CIRCLE
  5
1D9C
330
1B9A
100
AcDbEntity
  8
0
100
AcDbCircle
 10
2.324999999999703
 20
6.17499999999994
 30
0.0
 40
0.1099999999999568
  0
CIRCLE
  5
1D9D
330
1B9A
100
AcDbEntity
  8
0
100
AcDbCircle
 10
2.324999999999703
 20
5.825000000000031
 30
0.0
 40
0.1100000000000136
  0
CIRCLE
  5
1D9E
330
1B9A
100
AcDbEntity
  8
0
100
AcDbCircle
 10
2.675000000000295
 20
-6.424999999999911
 30
0.0
 40
0.1100000000000136
  0
CIRCLE
  5
1D9F
330
1B9A
100
AcDbEntity
  8
0
100
AcDbCircle
 10
2.675000000000295
 20
-6.074999999999874
 30
0.0
 40
0.1100000000000136
  0
CIRCLE
  5
1DA0
330
1B9A
100
AcDbEntity
  8
0
100
AcDbCircle
 10
2.675000000000295
 20
-5.72499999999978
 30
0.0
 40
0.1100000000000136
  0
CIRCLE
  5
1DA1
330
1B9A
100
AcDbEntity
  8
0
100
AcDbCircle
 10
2.675000000000295
 20
-5.374999999999886
 30
0.0
 40
0.1100000000000136
  0
CIRCLE
  5
1DA2
330
1B9A
100
AcDbEntity
  8
0
100
AcDbCircle
 10
-5.724999999999909
 20
6.17499999999994
 30
0.0
 40
0.1099999999998999
  0
CIRCLE
  5
1DA3
330
1B9A
100
AcDbEntity
  8
0
100
AcDbCircle
 10
-5.724999999999795
 20
5.824999999999945
 30
0.0
 40
0.1099999999999568
  0
CIRCLE
  5
1DA4
330
1B9A
100
AcDbEntity
  8
0
100
AcDbCircle
 10
-5.724999999999795
 20
5.475000000000137
 30
0.0
 40
0.1099999999999568
  0
CIRCLE
  5
1DA5
330
1B9A
100
AcDbEntity
  8
0
100
AcDbCircle
 10
-5.724999999999795
 20
5.125000000000028
 30
0.0
 40
0.1099999999999568
  0
CIRCLE
  5
1DA6
330
1B9A
100
AcDbEntity
  8
0
100
AcDbCircle
 10
-5.724999999999795
 20
4.775000000000131
 30
0.0
 40
0.1099999999999568
  0
CIRCLE
  5
1DA7
330
1B9A
100
AcDbEntity
  8
0
100
AcDbCircle
 10
-5.724999999999795
 20
4.425000000000038
 30
0.0
 40
0.1099999999999568
  0
CIRCLE
  5
1DA8
330
1B9A
100
AcDbEntity
  8
0
100
AcDbCircle
 10
-5.724999999999795
 20
4.074999999999944
 30
0.0
 40
0.1099999999999568
  0
CIRCLE
  5
1DA9
330
1B9A
100
AcDbEntity
  8
0
100
AcDbCircle
 10
-5.724999999999795
 20
3.725000000000136
 30
0.0
 40
0.1099999999999568
  0
CIRCLE
  5
1DAA
330
1B9A
100
AcDbEntity
  8
0
100
AcDbCircle
 10
-5.724999999999795
 20
3.375000000000028
 30
0.0
 40
0.1099999999999568
  0
CIRCLE
  5
1DAB
330
1B9A
100
AcDbEntity
  8
0
100
AcDbCircle
 10
-5.724999999999795
 20
3.025000000000133
 30
0.0
 40
0.1099999999999568
  0
CIRCLE
  5
1DAC
330
1B9A
100
AcDbEntity
  8
0
100
AcDbCircle
 10
-5.724999999999795
 20
2.674999999999826
 30
0.0
 40
0.1099999999999568
  0
CIRCLE
  5
1DAD
330
1B9A
100
AcDbEntity
  8
0
100
AcDbCircle
 10
-5.724999999999795
 20
2.325000000000029
 30
0.0
 40
0.1099999999999568
  0
CIRCLE
  5
1DAE
330
1B9A
100
AcDbEntity
  8
0
100
AcDbCircle
 10
-5.724999999999795
 20
1.975000000000136
 30
0.0
 40
0.1099999999999568
  0
CIRCLE
  5
1DAF
330
1B9A
100
AcDbEntity
  8
0
100
AcDbCircle
 10
-5.724999999999795
 20
1.625000000000026
 30
0.0
 40
0.1099999999999568
  0
CIRCLE
  5
1DB0
330
1B9A
100
AcDbEntity
  8
0
100
AcDbCircle
 10
-5.724999999999795
 20
1.275000000000133
 30
0.0
 40
0.1099999999999568
  0
CIRCLE
  5
1DB1
330
1B9A
100
AcDbEntity
  8
0
100
AcDbCircle
 10
-5.724999999999795
 20
0.9249999999999404
 30
0.0
 40
0.1100000000000136
  0
CIRCLE
  5
1DB2
330
1B9A
100
AcDbEntity
  8
0
100
AcDbCircle
 10
-5.724999999999795
 20
0.5749999999999461
 30
0.0
 40
0.1100000000000136
  0
CIRCLE
  5
1DB3
330
1B9A
100
AcDbEntity
  8
0
100
AcDbCircle
 10
-5.724999999999795
 20
0.2250000000001364
 30
0.0
 40
0.1100000000000136
  0
CIRCLE
  5
1DB4
330
1B9A
100
AcDbEntity
  8
0
100
AcDbCircle
 10
-5.724999999999795
 20
-0.1249999999999716
 30
0.0
 40
0.1100000000000136
  0
CIRCLE
  5
1DB5
330
1B9A
100
AcDbEntity
  8
0
100
AcDbCircle
 10
-5.724999999999795
 20
-0.4749999999998665
 30
0.0
 40
0.1100000000000136
  0
CIRCLE
  5
1DB6
330
1B9A
100
AcDbEntity
  8
0
100
AcDbCircle
 10
-5.724999999999795
 20
-0.8249999999999602
 30
0.0
 40
0.1100000000000136
  0
CIRCLE
  5
1DB7
330
1B9A
100
AcDbEntity
  8
0
100
AcDbCircle
 10
-5.724999999999795
 20
-1.174999999999982
 30
0.0
 40
0.1100000000000136
  0
CIRCLE
  5
1DB8
330
1B9A
100
AcDbEntity
  8
0
100
AcDbCircle
 10
-5.724999999999795
 20
-1.524999999999861
 30
0.0
 40
0.1100000000000136
  0
CIRCLE
  5
1DB9
330
1B9A
100
AcDbEntity
  8
0
100
AcDbCircle
 10
-5.724999999999795
 20
-1.874999999999985
 30
0.0
 40
0.1100000000000136
  0
CIRCLE
  5
1DBA
330
1B9A
100
AcDbEntity
  8
0
100
AcDbCircle
 10
-5.724999999999795
 20
-2.224999999999865
 30
0.0
 40
0.1100000000000136
  0
CIRCLE
  5
1DBB
330
1B9A
100
AcDbEntity
  8
0
100
AcDbCircle
 10
-5.724999999999795
 20
-2.575000000000057
 30
0.0
 40
0.1100000000000136
  0
CIRCLE
  5
1DBC
330
1B9A
100
AcDbEntity
  8
0
100
AcDbCircle
 10
-5.724999999999795
 20
-2.924999999999968
 30
0.0
 40
0.1100000000000136
  0
CIRCLE
  5
1DBD
330
1B9A
100
AcDbEntity
  8
0
100
AcDbCircle
 10
-5.724999999999795
 20
-3.274999999999863
 30
0.0
 40
0.1100000000000136
  0
CIRCLE
  5
1DBE
330
1B9A
100
AcDbEntity
  8
0
100
AcDbCircle
 10
-5.724999999999795
 20
-3.624999999999984
 30
0.0
 40
0.1100000000000136
  0
CIRCLE
  5
1DBF
330
1B9A
100
AcDbEntity
  8
0
100
AcDbCircle
 10
-5.724999999999795
 20
-3.974999999999852
 30
0.0
 40
0.1100000000000136
  0
CIRCLE
  5
1DC0
330
1B9A
100
AcDbEntity
  8
0
100
AcDbCircle
 10
-5.724999999999795
 20
-4.325000000000057
 30
0.0
 40
0.1100000000000136
  0
CIRCLE
  5
1DC1
330
1B9A
100
AcDbEntity
  8
0
100
AcDbCircle
 10
-5.724999999999795
 20
-4.674999999999981
 30
0.0
 40
0.1099999999999568
  0
CIRCLE
  5
1DC2
330
1B9A
100
AcDbEntity
  8
0
100
AcDbCircle
 10
-6.074999999999761
 20
-2.224999999999865
 30
0.0
 40
0.1099999999999568
  0
CIRCLE
  5
1DC3
330
1B9A
100
AcDbEntity
  8
0
100
AcDbCircle
 10
-6.074999999999761
 20
-1.874999999999985
 30
0.0
 40
0.1099999999999568
  0
CIRCLE
  5
1DC4
330
1B9A
100
AcDbEntity
  8
0
100
AcDbCircle
 10
-6.074999999999761
 20
-1.52499999999989
 30
0.0
 40
0.1099999999999568
  0
CIRCLE
  5
1DC5
330
1B9A
100
AcDbEntity
  8
0
100
AcDbCircle
 10
-6.074999999999761
 20
-1.175000000000039
 30
0.0
 40
0.1099999999999568
  0
CIRCLE
  5
1DC6
330
1B9A
100
AcDbEntity
  8
0
100
AcDbCircle
 10
-6.074999999999761
 20
-0.8249999999999602
 30
0.0
 40
0.1099999999999568
  0
CIRCLE
  5
1DC7
330
1B9A
100
AcDbEntity
  8
0
100
AcDbCircle
 10
-6.074999999999761
 20
-0.4749999999998665
 30
0.0
 40
0.1099999999999568
  0
CIRCLE
  5
1DC8
330
1B9A
100
AcDbEntity
  8
0
100
AcDbCircle
 10
-6.074999999999761
 20
-0.1249999999999716
 30
0.0
 40
0.1099999999999568
  0
CIRCLE
  5
1DC9
330
1B9A
100
AcDbEntity
  8
0
100
AcDbCircle
 10
-6.074999999999986
 20
0.2250000000001364
 30
0.0
 40
0.1099999999998999
  0
CIRCLE
  5
1DCA
330
1B9A
100
AcDbEntity
  8
0
100
AcDbCircle
 10
-6.074999999999986
 20
0.5749999999999461
 30
0.0
 40
0.1099999999998999
  0
CIRCLE
  5
1DCB
330
1B9A
100
AcDbEntity
  8
0
100
AcDbCircle
 10
-6.074999999999986
 20
0.9249999999999404
 30
0.0
 40
0.1099999999998999
  0
CIRCLE
  5
1DCC
330
1B9A
100
AcDbEntity
  8
0
100
AcDbCircle
 10
-6.074999999999986
 20
1.275000000000133
 30
0.0
 40
0.1099999999999568
  0
CIRCLE
  5
1DCD
330
1B9A
100
AcDbEntity
  8
0
100
AcDbCircle
 10
-6.074999999999986
 20
1.625000000000026
 30
0.0
 40
0.1099999999999568
  0
CIRCLE
  5
1DCE
330
1B9A
100
AcDbEntity
  8
0
100
AcDbCircle
 10
-6.074999999999986
 20
1.975000000000136
 30
0.0
 40
0.1099999999999568
  0
CIRCLE
  5
1DCF
330
1B9A
100
AcDbEntity
  8
0
100
AcDbCircle
 10
-6.074999999999986
 20
2.324999999999943
 30
0.0
 40
0.1099999999999568
  0
CIRCLE
  5
1DD0
330
1B9A
100
AcDbEntity
  8
0
100
AcDbCircle
 10
-6.074999999999986
 20
2.674999999999826
 30
0.0
 40
0.1099999999999568
  0
CIRCLE
  5
1DD1
330
1B9A
100
AcDbEntity
  8
0
100
AcDbCircle
 10
-6.074999999999986
 20
3.025000000000133
 30
0.0
 40
0.1099999999999568
  0
CIRCLE
  5
1DD2
330
1B9A
100
AcDbEntity
  8
0
100
AcDbCircle
 10
-6.074999999999986
 20
6.174999999999824
 30
0.0
 40
0.1100000000000136
  0
CIRCLE
  5
1DD3
330
1B9A
100
AcDbEntity
  8
0
100
AcDbCircle
 10
-6.074999999999986
 20
6.525000000000034
 30
0.0
 40
0.1100000000000136
  0
CIRCLE
  5
1DD4
330
1B9A
100
AcDbEntity
  8
0
100
AcDbCircle
 10
-5.724999999999681
 20
-6.774999999999861
 30
0.0
 40
0.1100000000000136
  0
CIRCLE
  5
1DD5
330
1B9A
100
AcDbEntity
  8
0
100
AcDbCircle
 10
-5.724999999999681
 20
-6.424999999999982
 30
0.0
 40
0.1100000000000136
  0
CIRCLE
  5
1DD6
330
1B9A
100
AcDbEntity
  8
0
100
AcDbCircle
 10
-5.724999999999681
 20
-6.074999999999959
 30
0.0
 40
0.1100000000000136
  0
CIRCLE
  5
1DD7
330
1B9A
100
AcDbEntity
  8
0
100
AcDbCircle
 10
-5.724999999999681
 20
-5.724999999999866
 30
0.0
 40
0.1100000000000136
  0
CIRCLE
  5
1DD8
330
1B9A
100
AcDbEntity
  8
0
100
AcDbCircle
 10
-5.724999999999681
 20
-5.374999999999985
 30
0.0
 40
0.1100000000000136
  0
CIRCLE
  5
1DD9
330
1B9A
100
AcDbEntity
  8
0
100
AcDbCircle
 10
-5.724999999999681
 20
-5.024999999999891
 30
0.0
 40
0.1100000000000136
  0
CIRCLE
  5
1DDA
330
1B9A
100
AcDbEntity
  8
0
100
AcDbCircle
 10
-6.074999999999986
 20
5.824999999999945
 30
0.0
 40
0.1099999999999568
  0
CIRCLE
  5
1DDB
330
1B9A
100
AcDbEntity
  8
0
100
AcDbCircle
 10
-6.074999999999986
 20
5.475000000000137
 30
0.0
 40
0.1099999999999568
  0
CIRCLE
  5
1DDC
330
1B9A
100
AcDbEntity
  8
0
100
AcDbCircle
 10
-6.074999999999986
 20
5.125000000000028
 30
0.0
 40
0.1099999999999568
  0
CIRCLE
  5
1DDD
330
1B9A
100
AcDbEntity
  8
0
100
AcDbCircle
 10
-6.074999999999986
 20
4.775000000000034
 30
0.0
 40
0.1099999999999568
  0
CIRCLE
  5
1DDE
330
1B9A
100
AcDbEntity
  8
0
100
AcDbCircle
 10
-6.074999999999986
 20
4.425000000000038
 30
0.0
 40
0.1099999999999568
  0
CIRCLE
  5
1DDF
330
1B9A
100
AcDbEntity
  8
0
100
AcDbCircle
 10
-6.074999999999986
 20
4.074999999999944
 30
0.0
 40
0.1099999999999568
  0
CIRCLE
  5
1DE0
330
1B9A
100
AcDbEntity
  8
0
100
AcDbCircle
 10
-6.074999999999986
 20
3.725000000000036
 30
0.0
 40
0.1099999999999568
  0
CIRCLE
  5
1DE1
330
1B9A
100
AcDbEntity
  8
0
100
AcDbCircle
 10
-6.074999999999986
 20
3.374999999999943
 30
0.0
 40
0.1099999999999568
  0
CIRCLE
  5
1DE2
330
1B9A
100
AcDbEntity
  8
0
100
AcDbCircle
 10
-5.02500000000009
 20
-1.524999999999861
 30
0.0
 40
0.1100000000000136
  0
CIRCLE
  5
1DE3
330
1B9A
100
AcDbEntity
  8
0
100
AcDbCircle
 10
-5.02500000000009
 20
-2.924999999999926
 30
0.0
 40
0.1100000000000136
  0
CIRCLE
  5
1DE4
330
1B9A
100
AcDbEntity
  8
0
100
AcDbCircle
 10
-5.02500000000009
 20
-3.624999999999971
 30
0.0
 40
0.1100000000000136
  0
CIRCLE
  5
1DE5
330
1B9A
100
AcDbEntity
  8
0
100
AcDbCircle
 10
-5.02500000000009
 20
-4.325000000000057
 30
0.0
 40
0.1100000000000136
  0
CIRCLE
  5
1DE6
330
1B9A
100
AcDbEntity
  8
0
100
AcDbCircle
 10
-5.024999999999976
 20
-4.674999999999981
 30
0.0
 40
0.1100000000000705
  0
CIRCLE
  5
1DE7
330
1B9A
100
AcDbEntity
  8
0
100
AcDbCircle
 10
-5.024999999999976
 20
-5.024999999999863
 30
0.0
 40
0.1100000000000136
  0
CIRCLE
  5
1DE8
330
1B9A
100
AcDbEntity
  8
0
100
AcDbCircle
 10
-5.024999999999976
 20
-5.374999999999985
 30
0.0
 40
0.1100000000000136
  0
CIRCLE
  5
1DE9
330
1B9A
100
AcDbEntity
  8
0
100
AcDbCircle
 10
-5.024999999999976
 20
-5.724999999999866
 30
0.0
 40
0.1100000000000136
  0
CIRCLE
  5
1DEA
330
1B9A
100
AcDbEntity
  8
0
100
AcDbCircle
 10
-5.375
 20
5.125000000000028
 30
0.0
 40
0.1100000000000136
  0
CIRCLE
  5
1DEB
330
1B9A
100
AcDbEntity
  8
0
100
AcDbCircle
 10
-5.375
 20
5.475000000000137
 30
0.0
 40
0.1100000000000136
  0
CIRCLE
  5
1DEC
330
1B9A
100
AcDbEntity
  8
0
100
AcDbCircle
 10
-5.375
 20
5.825000000000031
 30
0.0
 40
0.1100000000000136
  0
CIRCLE
  5
1DED
330
1B9A
100
AcDbEntity
  8
0
100
AcDbCircle
 10
-5.375000000000056
 20
6.17499999999994
 30
0.0
 40
0.1099999999999568
  0
CIRCLE
  5
1DEE
330
1B9A
100
AcDbEntity
  8
0
100
AcDbCircle
 10
-5.024999999999976
 20
-6.074999999999945
 30
0.0
 40
0.1100000000000136
  0
CIRCLE
  5
1DEF
330
1B9A
100
AcDbEntity
  8
0
100
AcDbCircle
 10
-5.024999999999976
 20
-6.424999999999967
 30
0.0
 40
0.1100000000000136
  0
CIRCLE
  5
1DF0
330
1B9A
100
AcDbEntity
  8
0
100
AcDbCircle
 10
-5.024999999999976
 20
-6.774999999999835
 30
0.0
 40
0.1100000000000136
  0
CIRCLE
  5
1DF1
330
1B9A
100
AcDbEntity
  8
0
100
AcDbCircle
 10
-5.375000000000056
 20
6.525000000000132
 30
0.0
 40
0.1099999999999568
  0
CIRCLE
  5
1DF2
330
1B9A
100
AcDbEntity
  8
0
100
AcDbCircle
 10
-5.02500000000009
 20
-1.174999999999982
 30
0.0
 40
0.1100000000000136
  0
CIRCLE
  5
1DF3
330
1B9A
100
AcDbEntity
  8
0
100
AcDbCircle
 10
-5.02500000000009
 20
-0.8249999999999602
 30
0.0
 40
0.1100000000000136
  0
CIRCLE
  5
1DF4
330
1B9A
100
AcDbEntity
  8
0
100
AcDbCircle
 10
-5.02500000000009
 20
-0.4749999999998665
 30
0.0
 40
0.1100000000000136
  0
CIRCLE
  5
1DF5
330
1B9A
100
AcDbEntity
  8
0
100
AcDbCircle
 10
-5.02500000000009
 20
-0.1249999999999716
 30
0.0
 40
0.1100000000000136
  0
CIRCLE
  5
1DF6
330
1B9A
100
AcDbEntity
  8
0
100
AcDbCircle
 10
-5.02500000000009
 20
0.2250000000001364
 30
0.0
 40
0.1099999999999568
  0
CIRCLE
  5
1DF7
330
1B9A
100
AcDbEntity
  8
0
100
AcDbCircle
 10
-5.02500000000009
 20
0.5749999999999461
 30
0.0
 40
0.1099999999999568
  0
CIRCLE
  5
1DF8
330
1B9A
100
AcDbEntity
  8
0
100
AcDbCircle
 10
-5.02500000000009
 20
0.9249999999999404
 30
0.0
 40
0.1099999999999568
  0
CIRCLE
  5
1DF9
330
1B9A
100
AcDbEntity
  8
0
100
AcDbCircle
 10
-5.02500000000009
 20
1.625000000000026
 30
0.0
 40
0.1100000000000136
  0
CIRCLE
  5
1DFA
330
1B9A
100
AcDbEntity
  8
0
100
AcDbCircle
 10
-5.02500000000009
 20
2.325000000000029
 30
0.0
 40
0.1100000000000136
  0
CIRCLE
  5
1DFB
330
1B9A
100
AcDbEntity
  8
0
100
AcDbCircle
 10
-5.02500000000009
 20
3.025000000000133
 30
0.0
 40
0.1100000000000136
  0
CIRCLE
  5
1DFC
330
1B9A
100
AcDbEntity
  8
0
100
AcDbCircle
 10
-5.02500000000009
 20
3.725000000000136
 30
0.0
 40
0.1100000000000136
  0
CIRCLE
  5
1DFD
330
1B9A
100
AcDbEntity
  8
0
100
AcDbCircle
 10
-5.02500000000009
 20
4.075000000000031
 30
0.0
 40
0.1100000000000136
  0
CIRCLE
  5
1DFE
330
1B9A
100
AcDbEntity
  8
0
100
AcDbCircle
 10
-5.02500000000009
 20
4.425000000000038
 30
0.0
 40
0.1100000000000136
  0
CIRCLE
  5
1DFF
330
1B9A
100
AcDbEntity
  8
0
100
AcDbCircle
 10
-5.02500000000009
 20
4.775000000000131
 30
0.0
 40
0.1100000000000136
  0
CIRCLE
  5
1E00
330
1B9A
100
AcDbEntity
  8
0
100
AcDbCircle
 10
-5.02500000000009
 20
5.475000000000137
 30
0.0
 40
0.1100000000000136
  0
CIRCLE
  5
1E01
330
1B9A
100
AcDbEntity
  8
0
100
AcDbCircle
 10
-5.02500000000009
 20
5.825000000000031
 30
0.0
 40
0.1100000000000136
  0
CIRCLE
  5
1E02
330
1B9A
100
AcDbEntity
  8
0
100
AcDbCircle
 10
-5.375
 20
-0.8249999999999602
 30
0.0
 40
0.1100000000000136
  0
CIRCLE
  5
1E03
330
1B9A
100
AcDbEntity
  8
0
100
AcDbCircle
 10
-5.375
 20
-1.174999999999982
 30
0.0
 40
0.1100000000000136
  0
CIRCLE
  5
1E04
330
1B9A
100
AcDbEntity
  8
0
100
AcDbCircle
 10
-5.375
 20
-1.524999999999861
 30
0.0
 40
0.1100000000000136
  0
CIRCLE
  5
1E05
330
1B9A
100
AcDbEntity
  8
0
100
AcDbCircle
 10
-5.375
 20
-1.874999999999971
 30
0.0
 40
0.1100000000000136
  0
CIRCLE
  5
1E06
330
1B9A
100
AcDbEntity
  8
0
100
AcDbCircle
 10
-5.375
 20
-2.575000000000057
 30
0.0
 40
0.1100000000000136
  0
CIRCLE
  5
1E07
330
1B9A
100
AcDbEntity
  8
0
100
AcDbCircle
 10
-5.375
 20
-2.924999999999968
 30
0.0
 40
0.1100000000000136
  0
CIRCLE
  5
1E08
330
1B9A
100
AcDbEntity
  8
0
100
AcDbCircle
 10
-5.375
 20
-3.274999999999863
 30
0.0
 40
0.1100000000000136
  0
CIRCLE
  5
1E09
330
1B9A
100
AcDbEntity
  8
0
100
AcDbCircle
 10
-5.375
 20
-3.624999999999984
 30
0.0
 40
0.1100000000000136
  0
CIRCLE
  5
1E0A
330
1B9A
100
AcDbEntity
  8
0
100
AcDbCircle
 10
-5.375
 20
-6.074999999999959
 30
0.0
 40
0.1100000000000136
  0
CIRCLE
  5
1E0B
330
1B9A
100
AcDbEntity
  8
0
100
AcDbCircle
 10
-5.375
 20
-6.424999999999982
 30
0.0
 40
0.1100000000000136
  0
CIRCLE
  5
1E0C
330
1B9A
100
AcDbEntity
  8
0
100
AcDbCircle
 10
-5.375
 20
-6.774999999999861
 30
0.0
 40
0.1100000000000136
  0
CIRCLE
  5
1E0D
330
1B9A
100
AcDbEntity
  8
0
100
AcDbCircle
 10
-5.724999999999909
 20
6.525000000000132
 30
0.0
 40
0.1099999999998999
  0
CIRCLE
  5
1E0E
330
1B9A
100
AcDbEntity
  8
0
100
AcDbCircle
 10
-5.375
 20
-5.724999999999866
 30
0.0
 40
0.1100000000000136
  0
CIRCLE
  5
1E0F
330
1B9A
100
AcDbEntity
  8
0
100
AcDbCircle
 10
-5.375
 20
-5.024999999999891
 30
0.0
 40
0.1100000000000136
  0
CIRCLE
  5
1E10
330
1B9A
100
AcDbEntity
  8
0
100
AcDbCircle
 10
-5.375
 20
-4.674999999999981
 30
0.0
 40
0.1099999999999568
  0
CIRCLE
  5
1E11
330
1B9A
100
AcDbEntity
  8
0
100
AcDbCircle
 10
-5.375
 20
-3.974999999999852
 30
0.0
 40
0.1100000000000136
  0
CIRCLE
  5
1E12
330
1B9A
100
AcDbEntity
  8
0
100
AcDbCircle
 10
-5.375
 20
-0.4749999999998665
 30
0.0
 40
0.1100000000000136
  0
CIRCLE
  5
1E13
330
1B9A
100
AcDbEntity
  8
0
100
AcDbCircle
 10
-5.375
 20
-0.1249999999999716
 30
0.0
 40
0.1100000000000136
  0
CIRCLE
  5
1E14
330
1B9A
100
AcDbEntity
  8
0
100
AcDbCircle
 10
-5.375
 20
0.2250000000001364
 30
0.0
 40
0.1100000000000705
  0
CIRCLE
  5
1E15
330
1B9A
100
AcDbEntity
  8
0
100
AcDbCircle
 10
-5.375
 20
0.5749999999999461
 30
0.0
 40
0.1100000000000705
  0
CIRCLE
  5
1E16
330
1B9A
100
AcDbEntity
  8
0
100
AcDbCircle
 10
-5.375
 20
0.9249999999999404
 30
0.0
 40
0.1100000000000705
  0
CIRCLE
  5
1E17
330
1B9A
100
AcDbEntity
  8
0
100
AcDbCircle
 10
-5.375
 20
1.275000000000133
 30
0.0
 40
0.1100000000000136
  0
CIRCLE
  5
1E18
330
1B9A
100
AcDbEntity
  8
0
100
AcDbCircle
 10
-5.375
 20
1.625000000000026
 30
0.0
 40
0.1100000000000136
  0
CIRCLE
  5
1E19
330
1B9A
100
AcDbEntity
  8
0
100
AcDbCircle
 10
-5.375
 20
1.975000000000136
 30
0.0
 40
0.1100000000000136
  0
CIRCLE
  5
1E1A
330
1B9A
100
AcDbEntity
  8
0
100
AcDbCircle
 10
-5.375
 20
2.325000000000029
 30
0.0
 40
0.1100000000000136
  0
CIRCLE
  5
1E1B
330
1B9A
100
AcDbEntity
  8
0
100
AcDbCircle
 10
-5.375
 20
2.674999999999938
 30
0.0
 40
0.1100000000000136
  0
CIRCLE
  5
1E1C
330
1B9A
100
AcDbEntity
  8
0
100
AcDbCircle
 10
-5.375
 20
3.025000000000133
 30
0.0
 40
0.1100000000000136
  0
CIRCLE
  5
1E1D
330
1B9A
100
AcDbEntity
  8
0
100
AcDbCircle
 10
-5.375
 20
3.375000000000028
 30
0.0
 40
0.1100000000000136
  0
CIRCLE
  5
1E1E
330
1B9A
100
AcDbEntity
  8
0
100
AcDbCircle
 10
-5.375
 20
3.725000000000136
 30
0.0
 40
0.1100000000000136
  0
CIRCLE
  5
1E1F
330
1B9A
100
AcDbEntity
  8
0
100
AcDbCircle
 10
-5.375
 20
4.075000000000031
 30
0.0
 40
0.1100000000000136
  0
CIRCLE
  5
1E20
330
1B9A
100
AcDbEntity
  8
0
100
AcDbCircle
 10
-5.375
 20
4.425000000000038
 30
0.0
 40
0.1100000000000136
  0
CIRCLE
  5
1E21
330
1B9A
100
AcDbEntity
  8
0
100
AcDbCircle
 10
-5.375
 20
4.775000000000131
 30
0.0
 40
0.1100000000000136
  0
CIRCLE
  5
1E22
330
1B9A
100
AcDbEntity
  8
0
100
AcDbCircle
 10
-6.775000000000089
 20
-3.274999999999906
 30
0.0
 40
0.1100000000000136
  0
CIRCLE
  5
1E23
330
1B9A
100
AcDbEntity
  8
0
100
AcDbCircle
 10
-6.775000000000089
 20
-3.625
 30
0.0
 40
0.1100000000000136
  0
CIRCLE
  5
1E24
330
1B9A
100
AcDbEntity
  8
0
100
AcDbCircle
 10
-6.775000000000089
 20
-3.974999999999866
 30
0.0
 40
0.1100000000000136
  0
CIRCLE
  5
1E25
330
1B9A
100
AcDbEntity
  8
0
100
AcDbCircle
 10
-6.775000000000089
 20
-4.325000000000057
 30
0.0
 40
0.1100000000000136
  0
CIRCLE
  5
1E26
330
1B9A
100
AcDbEntity
  8
0
100
AcDbCircle
 10
-6.774999999999977
 20
-4.674999999999981
 30
0.0
 40
0.1100000000000705
  0
CIRCLE
  5
1E27
330
1B9A
100
AcDbEntity
  8
0
100
AcDbCircle
 10
-6.774999999999977
 20
-5.024999999999891
 30
0.0
 40
0.1100000000000136
  0
CIRCLE
  5
1E28
330
1B9A
100
AcDbEntity
  8
0
100
AcDbCircle
 10
-6.774999999999977
 20
-5.374999999999985
 30
0.0
 40
0.1100000000000136
  0
CIRCLE
  5
1E29
330
1B9A
100
AcDbEntity
  8
0
100
AcDbCircle
 10
-6.774999999999977
 20
-5.724999999999893
 30
0.0
 40
0.1100000000000136
  0
CIRCLE
  5
1E2A
330
1B9A
100
AcDbEntity
  8
0
100
AcDbCircle
 10
-7.125
 20
5.125000000000028
 30
0.0
 40
0.1100000000000136
  0
CIRCLE
  5
1E2B
330
1B9A
100
AcDbEntity
  8
0
100
AcDbCircle
 10
-7.125
 20
5.475000000000137
 30
0.0
 40
0.1100000000000136
  0
CIRCLE
  5
1E2C
330
1B9A
100
AcDbEntity
  8
0
100
AcDbCircle
 10
-7.125
 20
5.824999999999945
 30
0.0
 40
0.1100000000000136
  0
CIRCLE
  5
1E2D
330
1B9A
100
AcDbEntity
  8
0
100
AcDbCircle
 10
-7.125000000000056
 20
6.174999999999824
 30
0.0
 40
0.1099999999999568
  0
CIRCLE
  5
1E2E
330
1B9A
100
AcDbEntity
  8
0
100
AcDbCircle
 10
-6.774999999999977
 20
-6.074999999999986
 30
0.0
 40
0.1100000000000136
  0
CIRCLE
  5
1E2F
330
1B9A
100
AcDbEntity
  8
0
100
AcDbCircle
 10
-6.774999999999977
 20
-6.424999999999982
 30
0.0
 40
0.1100000000000136
  0
CIRCLE
  5
1E30
330
1B9A
100
AcDbEntity
  8
0
100
AcDbCircle
 10
-6.774999999999977
 20
-6.774999999999861
 30
0.0
 40
0.1100000000000136
  0
CIRCLE
  5
1E31
330
1B9A
100
AcDbEntity
  8
0
100
AcDbCircle
 10
-7.125000000000056
 20
6.525000000000034
 30
0.0
 40
0.1099999999999568
  0
CIRCLE
  5
1E32
330
1B9A
100
AcDbEntity
  8
0
100
AcDbCircle
 10
-6.775000000000089
 20
-2.924999999999982
 30
0.0
 40
0.1100000000000136
  0
CIRCLE
  5
1E33
330
1B9A
100
AcDbEntity
  8
0
100
AcDbCircle
 10
-6.775000000000089
 20
-2.575000000000057
 30
0.0
 40
0.1100000000000136
  0
CIRCLE
  5
1E34
330
1B9A
100
AcDbEntity
  8
0
100
AcDbCircle
 10
-6.775000000000089
 20
-2.224999999999865
 30
0.0
 40
0.1100000000000136
  0
CIRCLE
  5
1E35
330
1B9A
100
AcDbEntity
  8
0
100
AcDbCircle
 10
-6.775000000000089
 20
-1.874999999999985
 30
0.0
 40
0.1100000000000136
  0
CIRCLE
  5
1E36
330
1B9A
100
AcDbEntity
  8
0
100
AcDbCircle
 10
-6.775000000000089
 20
-1.52499999999989
 30
0.0
 40
0.1100000000000136
  0
CIRCLE
  5
1E37
330
1B9A
100
AcDbEntity
  8
0
100
AcDbCircle
 10
-6.775000000000089
 20
-1.175000000000039
 30
0.0
 40
0.1100000000000136
  0
CIRCLE
  5
1E38
330
1B9A
100
AcDbEntity
  8
0
100
AcDbCircle
 10
-6.775000000000089
 20
-0.8249999999999602
 30
0.0
 40
0.1100000000000136
  0
CIRCLE
  5
1E39
330
1B9A
100
AcDbEntity
  8
0
100
AcDbCircle
 10
-6.775000000000089
 20
-0.4749999999998665
 30
0.0
 40
0.1100000000000136
  0
CIRCLE
  5
1E3A
330
1B9A
100
AcDbEntity
  8
0
100
AcDbCircle
 10
-6.775000000000089
 20
-0.1249999999999716
 30
0.0
 40
0.1100000000000136
  0
CIRCLE
  5
1E3B
330
1B9A
100
AcDbEntity
  8
0
100
AcDbCircle
 10
-6.775000000000089
 20
0.2250000000001364
 30
0.0
 40
0.1099999999999568
  0
CIRCLE
  5
1E3C
330
1B9A
100
AcDbEntity
  8
0
100
AcDbCircle
 10
-6.775000000000089
 20
0.5749999999999461
 30
0.0
 40
0.1099999999999568
  0
CIRCLE
  5
1E3D
330
1B9A
100
AcDbEntity
  8
0
100
AcDbCircle
 10
-6.775000000000089
 20
0.9249999999999404
 30
0.0
 40
0.1099999999999568
  0
CIRCLE
  5
1E3E
330
1B9A
100
AcDbEntity
  8
0
100
AcDbCircle
 10
-6.775000000000089
 20
1.275000000000133
 30
0.0
 40
0.1100000000000136
  0
CIRCLE
  5
1E3F
330
1B9A
100
AcDbEntity
  8
0
100
AcDbCircle
 10
-6.775000000000089
 20
1.625000000000026
 30
0.0
 40
0.1100000000000136
  0
CIRCLE
  5
1E40
330
1B9A
100
AcDbEntity
  8
0
100
AcDbCircle
 10
-6.775000000000089
 20
1.975000000000136
 30
0.0
 40
0.1100000000000136
  0
CIRCLE
  5
1E41
330
1B9A
100
AcDbEntity
  8
0
100
AcDbCircle
 10
-6.775000000000089
 20
2.324999999999943
 30
0.0
 40
0.1100000000000136
  0
CIRCLE
  5
1E42
330
1B9A
100
AcDbEntity
  8
0
100
AcDbCircle
 10
-7.125
 20
4.775000000000034
 30
0.0
 40
0.1100000000000136
  0
CIRCLE
  5
1E43
330
1B9A
100
AcDbEntity
  8
0
100
AcDbCircle
 10
-7.125
 20
4.425000000000038
 30
0.0
 40
0.1100000000000136
  0
CIRCLE
  5
1E44
330
1B9A
100
AcDbEntity
  8
0
100
AcDbCircle
 10
-7.125
 20
4.074999999999944
 30
0.0
 40
0.1100000000000136
  0
CIRCLE
  5
1E45
330
1B9A
100
AcDbEntity
  8
0
100
AcDbCircle
 10
-7.125
 20
3.725000000000036
 30
0.0
 40
0.1100000000000136
  0
CIRCLE
  5
1E46
330
1B9A
100
AcDbEntity
  8
0
100
AcDbCircle
 10
-7.125
 20
3.374999999999943
 30
0.0
 40
0.1100000000000136
  0
CIRCLE
  5
1E47
330
1B9A
100
AcDbEntity
  8
0
100
AcDbCircle
 10
-7.125
 20
3.025000000000133
 30
0.0
 40
0.1100000000000136
  0
CIRCLE
  5
1E48
330
1B9A
100
AcDbEntity
  8
0
100
AcDbCircle
 10
-7.125
 20
2.674999999999826
 30
0.0
 40
0.1100000000000136
  0
CIRCLE
  5
1E49
330
1B9A
100
AcDbEntity
  8
0
100
AcDbCircle
 10
-7.125
 20
2.324999999999943
 30
0.0
 40
0.1100000000000136
  0
CIRCLE
  5
1E4A
330
1B9A
100
AcDbEntity
  8
0
100
AcDbCircle
 10
-7.125
 20
1.975000000000136
 30
0.0
 40
0.1100000000000136
  0
CIRCLE
  5
1E4B
330
1B9A
100
AcDbEntity
  8
0
100
AcDbCircle
 10
-7.125
 20
1.625000000000026
 30
0.0
 40
0.1100000000000136
  0
CIRCLE
  5
1E4C
330
1B9A
100
AcDbEntity
  8
0
100
AcDbCircle
 10
-7.125
 20
1.275000000000133
 30
0.0
 40
0.1100000000000136
  0
CIRCLE
  5
1E4D
330
1B9A
100
AcDbEntity
  8
0
100
AcDbCircle
 10
-7.125
 20
0.9249999999999404
 30
0.0
 40
0.1100000000000705
  0
CIRCLE
  5
1E4E
330
1B9A
100
AcDbEntity
  8
0
100
AcDbCircle
 10
-7.125
 20
0.5749999999999461
 30
0.0
 40
0.1100000000000705
  0
CIRCLE
  5
1E4F
330
1B9A
100
AcDbEntity
  8
0
100
AcDbCircle
 10
-7.125
 20
0.2250000000001364
 30
0.0
 40
0.1100000000000705
  0
CIRCLE
  5
1E50
330
1B9A
100
AcDbEntity
  8
0
100
AcDbCircle
 10
-7.125
 20
-0.1249999999999716
 30
0.0
 40
0.1100000000000136
  0
CIRCLE
  5
1E51
330
1B9A
100
AcDbEntity
  8
0
100
AcDbCircle
 10
-7.125
 20
-0.4749999999998665
 30
0.0
 40
0.1100000000000136
  0
CIRCLE
  5
1E52
330
1B9A
100
AcDbEntity
  8
0
100
AcDbCircle
 10
-7.125
 20
-0.8249999999999602
 30
0.0
 40
0.1100000000000136
  0
CIRCLE
  5
1E53
330
1B9A
100
AcDbEntity
  8
0
100
AcDbCircle
 10
-7.125
 20
-1.175000000000039
 30
0.0
 40
0.1100000000000136
  0
CIRCLE
  5
1E54
330
1B9A
100
AcDbEntity
  8
0
100
AcDbCircle
 10
-7.125
 20
-1.52499999999989
 30
0.0
 40
0.1100000000000136
  0
CIRCLE
  5
1E55
330
1B9A
100
AcDbEntity
  8
0
100
AcDbCircle
 10
-7.125
 20
-1.874999999999985
 30
0.0
 40
0.1100000000000136
  0
CIRCLE
  5
1E56
330
1B9A
100
AcDbEntity
  8
0
100
AcDbCircle
 10
-7.125
 20
-2.224999999999865
 30
0.0
 40
0.1100000000000136
  0
CIRCLE
  5
1E57
330
1B9A
100
AcDbEntity
  8
0
100
AcDbCircle
 10
-7.125
 20
-2.575000000000057
 30
0.0
 40
0.1100000000000136
  0
CIRCLE
  5
1E58
330
1B9A
100
AcDbEntity
  8
0
100
AcDbCircle
 10
-7.125
 20
-2.924999999999982
 30
0.0
 40
0.1100000000000136
  0
CIRCLE
  5
1E59
330
1B9A
100
AcDbEntity
  8
0
100
AcDbCircle
 10
-7.125
 20
-3.274999999999906
 30
0.0
 40
0.1100000000000136
  0
CIRCLE
  5
1E5A
330
1B9A
100
AcDbEntity
  8
0
100
AcDbCircle
 10
-7.125
 20
-3.625
 30
0.0
 40
0.1100000000000136
  0
CIRCLE
  5
1E5B
330
1B9A
100
AcDbEntity
  8
0
100
AcDbCircle
 10
-7.125
 20
-3.974999999999866
 30
0.0
 40
0.1100000000000136
  0
CIRCLE
  5
1E5C
330
1B9A
100
AcDbEntity
  8
0
100
AcDbCircle
 10
-7.125
 20
-4.325000000000057
 30
0.0
 40
0.1100000000000136
  0
CIRCLE
  5
1E5D
330
1B9A
100
AcDbEntity
  8
0
100
AcDbCircle
 10
-7.125
 20
-4.674999999999981
 30
0.0
 40
0.1099999999999568
  0
CIRCLE
  5
1E5E
330
1B9A
100
AcDbEntity
  8
0
100
AcDbCircle
 10
-7.125
 20
-5.024999999999891
 30
0.0
 40
0.1100000000000136
  0
CIRCLE
  5
1E5F
330
1B9A
100
AcDbEntity
  8
0
100
AcDbCircle
 10
-7.125
 20
-5.374999999999985
 30
0.0
 40
0.1100000000000136
  0
CIRCLE
  5
1E60
330
1B9A
100
AcDbEntity
  8
0
100
AcDbCircle
 10
-7.125
 20
-5.724999999999893
 30
0.0
 40
0.1100000000000136
  0
CIRCLE
  5
1E61
330
1B9A
100
AcDbEntity
  8
0
100
AcDbCircle
 10
-7.125
 20
-6.424999999999982
 30
0.0
 40
0.1100000000000136
  0
CIRCLE
  5
1E62
330
1B9A
100
AcDbEntity
  8
0
100
AcDbCircle
 10
-6.425000000000068
 20
0.2250000000001364
 30
0.0
 40
0.1099999999999568
  0
CIRCLE
  5
1E63
330
1B9A
100
AcDbEntity
  8
0
100
AcDbCircle
 10
-6.425000000000068
 20
0.5749999999999461
 30
0.0
 40
0.1099999999999568
  0
CIRCLE
  5
1E64
330
1B9A
100
AcDbEntity
  8
0
100
AcDbCircle
 10
-6.425000000000068
 20
0.9249999999999404
 30
0.0
 40
0.1099999999999568
  0
CIRCLE
  5
1E65
330
1B9A
100
AcDbEntity
  8
0
100
AcDbCircle
 10
-6.425000000000068
 20
1.275000000000133
 30
0.0
 40
0.1100000000000136
  0
CIRCLE
  5
1E66
330
1B9A
100
AcDbEntity
  8
0
100
AcDbCircle
 10
-6.425000000000068
 20
1.625000000000026
 30
0.0
 40
0.1100000000000136
  0
CIRCLE
  5
1E67
330
1B9A
100
AcDbEntity
  8
0
100
AcDbCircle
 10
-6.425000000000068
 20
1.975000000000136
 30
0.0
 40
0.1100000000000136
  0
CIRCLE
  5
1E68
330
1B9A
100
AcDbEntity
  8
0
100
AcDbCircle
 10
-6.425000000000068
 20
2.324999999999943
 30
0.0
 40
0.1100000000000136
  0
CIRCLE
  5
1E69
330
1B9A
100
AcDbEntity
  8
0
100
AcDbCircle
 10
-6.425000000000068
 20
2.674999999999826
 30
0.0
 40
0.1100000000000136
  0
CIRCLE
  5
1E6A
330
1B9A
100
AcDbEntity
  8
0
100
AcDbCircle
 10
-6.425000000000068
 20
3.025000000000133
 30
0.0
 40
0.1100000000000136
  0
CIRCLE
  5
1E6B
330
1B9A
100
AcDbEntity
  8
0
100
AcDbCircle
 10
-6.425000000000068
 20
3.374999999999943
 30
0.0
 40
0.1100000000000136
  0
CIRCLE
  5
1E6C
330
1B9A
100
AcDbEntity
  8
0
100
AcDbCircle
 10
-6.425000000000068
 20
3.725000000000036
 30
0.0
 40
0.1100000000000136
  0
CIRCLE
  5
1E6D
330
1B9A
100
AcDbEntity
  8
0
100
AcDbCircle
 10
-6.425000000000068
 20
4.074999999999944
 30
0.0
 40
0.1100000000000136
  0
CIRCLE
  5
1E6E
330
1B9A
100
AcDbEntity
  8
0
100
AcDbCircle
 10
-6.425000000000068
 20
4.425000000000038
 30
0.0
 40
0.1100000000000136
  0
CIRCLE
  5
1E6F
330
1B9A
100
AcDbEntity
  8
0
100
AcDbCircle
 10
-6.425000000000068
 20
4.775000000000034
 30
0.0
 40
0.1100000000000136
  0
CIRCLE
  5
1E70
330
1B9A
100
AcDbEntity
  8
0
100
AcDbCircle
 10
-6.425000000000068
 20
5.125000000000028
 30
0.0
 40
0.1100000000000136
  0
CIRCLE
  5
1E71
330
1B9A
100
AcDbEntity
  8
0
100
AcDbCircle
 10
-6.425000000000068
 20
5.475000000000137
 30
0.0
 40
0.1100000000000136
  0
CIRCLE
  5
1E72
330
1B9A
100
AcDbEntity
  8
0
100
AcDbCircle
 10
-6.074999999999761
 20
-2.575000000000057
 30
0.0
 40
0.1099999999999568
  0
CIRCLE
  5
1E73
330
1B9A
100
AcDbEntity
  8
0
100
AcDbCircle
 10
-6.074999999999761
 20
-2.924999999999982
 30
0.0
 40
0.1099999999999568
  0
CIRCLE
  5
1E74
330
1B9A
100
AcDbEntity
  8
0
100
AcDbCircle
 10
-6.074999999999761
 20
-3.274999999999906
 30
0.0
 40
0.1099999999999568
  0
CIRCLE
  5
1E75
330
1B9A
100
AcDbEntity
  8
0
100
AcDbCircle
 10
-6.074999999999761
 20
-3.625
 30
0.0
 40
0.1099999999999568
  0
CIRCLE
  5
1E76
330
1B9A
100
AcDbEntity
  8
0
100
AcDbCircle
 10
-6.074999999999761
 20
-3.974999999999866
 30
0.0
 40
0.1099999999999568
  0
CIRCLE
  5
1E77
330
1B9A
100
AcDbEntity
  8
0
100
AcDbCircle
 10
-6.074999999999761
 20
-4.325000000000057
 30
0.0
 40
0.1099999999999568
  0
CIRCLE
  5
1E78
330
1B9A
100
AcDbEntity
  8
0
100
AcDbCircle
 10
-6.074999999999761
 20
-4.674999999999981
 30
0.0
 40
0.1100000000000136
  0
CIRCLE
  5
1E79
330
1B9A
100
AcDbEntity
  8
0
100
AcDbCircle
 10
-6.074999999999761
 20
-5.024999999999891
 30
0.0
 40
0.1099999999999568
  0
CIRCLE
  5
1E7A
330
1B9A
100
AcDbEntity
  8
0
100
AcDbCircle
 10
-6.074999999999761
 20
-6.774999999999861
 30
0.0
 40
0.1099999999999568
  0
CIRCLE
  5
1E7B
330
1B9A
100
AcDbEntity
  8
0
100
AcDbCircle
 10
-6.425000000000068
 20
6.525000000000034
 30
0.0
 40
0.1100000000000705
  0
CIRCLE
  5
1E7C
330
1B9A
100
AcDbEntity
  8
0
100
AcDbCircle
 10
-6.425000000000068
 20
6.174999999999824
 30
0.0
 40
0.1100000000000705
  0
CIRCLE
  5
1E7D
330
1B9A
100
AcDbEntity
  8
0
100
AcDbCircle
 10
-6.425000000000068
 20
5.824999999999945
 30
0.0
 40
0.1100000000000136
  0
CIRCLE
  5
1E7E
330
1B9A
100
AcDbEntity
  8
0
100
AcDbCircle
 10
-6.074999999999761
 20
-6.424999999999982
 30
0.0
 40
0.1099999999999568
  0
CIRCLE
  5
1E7F
330
1B9A
100
AcDbEntity
  8
0
100
AcDbCircle
 10
-6.074999999999761
 20
-6.074999999999986
 30
0.0
 40
0.1099999999999568
  0
CIRCLE
  5
1E80
330
1B9A
100
AcDbEntity
  8
0
100
AcDbCircle
 10
-6.074999999999761
 20
-5.724999999999893
 30
0.0
 40
0.1099999999999568
  0
CIRCLE
  5
1E81
330
1B9A
100
AcDbEntity
  8
0
100
AcDbCircle
 10
-6.074999999999761
 20
-5.374999999999985
 30
0.0
 40
0.1099999999999568
  0
CIRCLE
  5
1E82
330
1B9A
100
AcDbEntity
  8
0
100
AcDbCircle
 10
-6.425000000000013
 20
-5.724999999999893
 30
0.0
 40
0.1100000000000136
  0
CIRCLE
  5
1E83
330
1B9A
100
AcDbEntity
  8
0
100
AcDbCircle
 10
-6.425000000000013
 20
-6.074999999999986
 30
0.0
 40
0.1100000000000136
  0
CIRCLE
  5
1E84
330
1B9A
100
AcDbEntity
  8
0
100
AcDbCircle
 10
-6.425000000000013
 20
-6.424999999999982
 30
0.0
 40
0.1100000000000136
  0
CIRCLE
  5
1E85
330
1B9A
100
AcDbEntity
  8
0
100
AcDbCircle
 10
-6.425000000000013
 20
-6.774999999999861
 30
0.0
 40
0.1100000000000136
  0
CIRCLE
  5
1E86
330
1B9A
100
AcDbEntity
  8
0
100
AcDbCircle
 10
-6.775000000000089
 20
6.525000000000034
 30
0.0
 40
0.1100000000000705
  0
CIRCLE
  5
1E87
330
1B9A
100
AcDbEntity
  8
0
100
AcDbCircle
 10
-6.775000000000089
 20
6.174999999999824
 30
0.0
 40
0.1100000000000705
  0
CIRCLE
  5
1E88
330
1B9A
100
AcDbEntity
  8
0
100
AcDbCircle
 10
-6.775000000000089
 20
5.824999999999945
 30
0.0
 40
0.1100000000000136
  0
CIRCLE
  5
1E89
330
1B9A
100
AcDbEntity
  8
0
100
AcDbCircle
 10
-6.775000000000089
 20
5.475000000000137
 30
0.0
 40
0.1100000000000136
  0
CIRCLE
  5
1E8A
330
1B9A
100
AcDbEntity
  8
0
100
AcDbCircle
 10
-6.775000000000089
 20
5.125000000000028
 30
0.0
 40
0.1100000000000136
  0
CIRCLE
  5
1E8B
330
1B9A
100
AcDbEntity
  8
0
100
AcDbCircle
 10
-6.775000000000089
 20
4.775000000000034
 30
0.0
 40
0.1100000000000136
  0
CIRCLE
  5
1E8C
330
1B9A
100
AcDbEntity
  8
0
100
AcDbCircle
 10
-6.775000000000089
 20
4.425000000000038
 30
0.0
 40
0.1100000000000136
  0
CIRCLE
  5
1E8D
330
1B9A
100
AcDbEntity
  8
0
100
AcDbCircle
 10
-6.775000000000089
 20
4.074999999999944
 30
0.0
 40
0.1100000000000136
  0
CIRCLE
  5
1E8E
330
1B9A
100
AcDbEntity
  8
0
100
AcDbCircle
 10
-6.775000000000089
 20
3.725000000000036
 30
0.0
 40
0.1100000000000136
  0
CIRCLE
  5
1E8F
330
1B9A
100
AcDbEntity
  8
0
100
AcDbCircle
 10
-6.775000000000089
 20
3.374999999999943
 30
0.0
 40
0.1100000000000136
  0
CIRCLE
  5
1E90
330
1B9A
100
AcDbEntity
  8
0
100
AcDbCircle
 10
-6.775000000000089
 20
3.025000000000133
 30
0.0
 40
0.1100000000000136
  0
CIRCLE
  5
1E91
330
1B9A
100
AcDbEntity
  8
0
100
AcDbCircle
 10
-6.775000000000089
 20
2.674999999999826
 30
0.0
 40
0.1100000000000136
  0
CIRCLE
  5
1E92
330
1B9A
100
AcDbEntity
  8
0
100
AcDbCircle
 10
-6.425000000000013
 20
-5.374999999999985
 30
0.0
 40
0.1100000000000136
  0
CIRCLE
  5
1E93
330
1B9A
100
AcDbEntity
  8
0
100
AcDbCircle
 10
-6.425000000000013
 20
-5.024999999999891
 30
0.0
 40
0.1100000000000136
  0
CIRCLE
  5
1E94
330
1B9A
100
AcDbEntity
  8
0
100
AcDbCircle
 10
-6.425000000000013
 20
-4.674999999999981
 30
0.0
 40
0.1100000000000705
  0
CIRCLE
  5
1E95
330
1B9A
100
AcDbEntity
  8
0
100
AcDbCircle
 10
-6.425000000000068
 20
-4.325000000000057
 30
0.0
 40
0.1100000000000136
  0
CIRCLE
  5
1E96
330
1B9A
100
AcDbEntity
  8
0
100
AcDbCircle
 10
-6.425000000000068
 20
-3.974999999999866
 30
0.0
 40
0.1100000000000136
  0
CIRCLE
  5
1E97
330
1B9A
100
AcDbEntity
  8
0
100
AcDbCircle
 10
-6.425000000000068
 20
-3.625
 30
0.0
 40
0.1100000000000136
  0
CIRCLE
  5
1E98
330
1B9A
100
AcDbEntity
  8
0
100
AcDbCircle
 10
-6.425000000000068
 20
-3.274999999999906
 30
0.0
 40
0.1100000000000136
  0
CIRCLE
  5
1E99
330
1B9A
100
AcDbEntity
  8
0
100
AcDbCircle
 10
-6.425000000000068
 20
-2.924999999999982
 30
0.0
 40
0.1100000000000136
  0
CIRCLE
  5
1E9A
330
1B9A
100
AcDbEntity
  8
0
100
AcDbCircle
 10
-6.425000000000068
 20
-2.575000000000057
 30
0.0
 40
0.1100000000000136
  0
CIRCLE
  5
1E9B
330
1B9A
100
AcDbEntity
  8
0
100
AcDbCircle
 10
-6.425000000000068
 20
-2.224999999999865
 30
0.0
 40
0.1100000000000136
  0
CIRCLE
  5
1E9C
330
1B9A
100
AcDbEntity
  8
0
100
AcDbCircle
 10
-6.425000000000068
 20
-1.874999999999985
 30
0.0
 40
0.1100000000000136
  0
CIRCLE
  5
1E9D
330
1B9A
100
AcDbEntity
  8
0
100
AcDbCircle
 10
-6.425000000000068
 20
-1.52499999999989
 30
0.0
 40
0.1100000000000136
  0
CIRCLE
  5
1E9E
330
1B9A
100
AcDbEntity
  8
0
100
AcDbCircle
 10
-6.425000000000068
 20
-1.175000000000039
 30
0.0
 40
0.1100000000000136
  0
CIRCLE
  5
1E9F
330
1B9A
100
AcDbEntity
  8
0
100
AcDbCircle
 10
-6.425000000000068
 20
-0.8249999999999602
 30
0.0
 40
0.1100000000000136
  0
CIRCLE
  5
1EA0
330
1B9A
100
AcDbEntity
  8
0
100
AcDbCircle
 10
-6.425000000000068
 20
-0.4749999999998665
 30
0.0
 40
0.1100000000000136
  0
CIRCLE
  5
1EA1
330
1B9A
100
AcDbEntity
  8
0
100
AcDbCircle
 10
-6.425000000000068
 20
-0.1249999999999716
 30
0.0
 40
0.1100000000000136
  0
CIRCLE
  5
1EA2
330
1B9A
100
AcDbEntity
  8
0
100
AcDbCircle
 10
-2.574999999999931
 20
-6.074999999999931
 30
0.0
 40
0.1099999999999568
  0
CIRCLE
  5
1EA3
330
1B9A
100
AcDbEntity
  8
0
100
AcDbCircle
 10
-2.574999999999931
 20
-6.424999999999967
 30
0.0
 40
0.1099999999999568
  0
CIRCLE
  5
1EA4
330
1B9A
100
AcDbEntity
  8
0
100
AcDbCircle
 10
-2.574999999999931
 20
-6.774999999999835
 30
0.0
 40
0.1099999999999568
  0
CIRCLE
  5
1EA5
330
1B9A
100
AcDbEntity
  8
0
100
AcDbCircle
 10
-2.925000000000125
 20
6.525000000000132
 30
0.0
 40
0.1100000000000705
  0
CIRCLE
  5
1EA6
330
1B9A
100
AcDbEntity
  8
0
100
AcDbCircle
 10
-2.574999999999931
 20
-5.724999999999837
 30
0.0
 40
0.1099999999999568
  0
CIRCLE
  5
1EA7
330
1B9A
100
AcDbEntity
  8
0
100
AcDbCircle
 10
-2.574999999999931
 20
-5.374999999999943
 30
0.0
 40
0.1099999999999568
  0
CIRCLE
  5
1EA8
330
1B9A
100
AcDbEntity
  8
0
100
AcDbCircle
 10
-2.574999999999931
 20
-5.024999999999847
 30
0.0
 40
0.1099999999999568
  0
CIRCLE
  5
1EA9
330
1B9A
100
AcDbEntity
  8
0
100
AcDbCircle
 10
-2.574999999999931
 20
-4.67499999999994
 30
0.0
 40
0.1099999999999568
  0
CIRCLE
  5
1EAA
330
1B9A
100
AcDbEntity
  8
0
100
AcDbCircle
 10
-2.925000000000125
 20
6.17499999999994
 30
0.0
 40
0.1100000000000705
  0
CIRCLE
  5
1EAB
330
1B9A
100
AcDbEntity
  8
0
100
AcDbCircle
 10
-2.925000000000125
 20
5.825000000000031
 30
0.0
 40
0.1100000000000136
  0
CIRCLE
  5
1EAC
330
1B9A
100
AcDbEntity
  8
0
100
AcDbCircle
 10
-2.925000000000125
 20
5.475000000000137
 30
0.0
 40
0.1100000000000136
  0
CIRCLE
  5
1EAD
330
1B9A
100
AcDbEntity
  8
0
100
AcDbCircle
 10
-2.925000000000125
 20
4.775000000000131
 30
0.0
 40
0.1100000000000136
  0
CIRCLE
  5
1EAE
330
1B9A
100
AcDbEntity
  8
0
100
AcDbCircle
 10
-2.925000000000125
 20
4.425000000000038
 30
0.0
 40
0.1100000000000136
  0
CIRCLE
  5
1EAF
330
1B9A
100
AcDbEntity
  8
0
100
AcDbCircle
 10
-2.925000000000125
 20
3.725000000000136
 30
0.0
 40
0.1100000000000136
  0
CIRCLE
  5
1EB0
330
1B9A
100
AcDbEntity
  8
0
100
AcDbCircle
 10
-2.925000000000125
 20
3.375000000000028
 30
0.0
 40
0.1100000000000136
  0
CIRCLE
  5
1EB1
330
1B9A
100
AcDbEntity
  8
0
100
AcDbCircle
 10
-2.925000000000125
 20
3.025000000000133
 30
0.0
 40
0.1100000000000136
  0
CIRCLE
  5
1EB2
330
1B9A
100
AcDbEntity
  8
0
100
AcDbCircle
 10
-2.574999999999931
 20
-3.974999999999836
 30
0.0
 40
0.1099999999999568
  0
CIRCLE
  5
1EB3
330
1B9A
100
AcDbEntity
  8
0
100
AcDbCircle
 10
-2.574999999999931
 20
-3.274999999999848
 30
0.0
 40
0.1099999999999568
  0
CIRCLE
  5
1EB4
330
1B9A
100
AcDbEntity
  8
0
100
AcDbCircle
 10
-2.574999999999931
 20
-2.924999999999926
 30
0.0
 40
0.1099999999999568
  0
CIRCLE
  5
1EB5
330
1B9A
100
AcDbEntity
  8
0
100
AcDbCircle
 10
-2.574999999999931
 20
-2.575000000000045
 30
0.0
 40
0.1099999999999568
  0
CIRCLE
  5
1EB6
330
1B9A
100
AcDbEntity
  8
0
100
AcDbCircle
 10
-2.574999999999931
 20
-1.874999999999971
 30
0.0
 40
0.1099999999999568
  0
CIRCLE
  5
1EB7
330
1B9A
100
AcDbEntity
  8
0
100
AcDbCircle
 10
-2.574999999999931
 20
-1.174999999999938
 30
0.0
 40
0.1099999999999568
  0
CIRCLE
  5
1EB8
330
1B9A
100
AcDbEntity
  8
0
100
AcDbCircle
 10
-2.574999999999931
 20
-0.8249999999999602
 30
0.0
 40
0.1099999999999568
  0
CIRCLE
  5
1EB9
330
1B9A
100
AcDbEntity
  8
0
100
AcDbCircle
 10
-2.574999999999931
 20
-0.4749999999998665
 30
0.0
 40
0.1099999999999568
  0
CIRCLE
  5
1EBA
330
1B9A
100
AcDbEntity
  8
0
100
AcDbCircle
 10
-2.574999999999931
 20
0.2250000000001364
 30
0.0
 40
0.1100000000000136
  0
CIRCLE
  5
1EBB
330
1B9A
100
AcDbEntity
  8
0
100
AcDbCircle
 10
-2.574999999999931
 20
0.5750000000000313
 30
0.0
 40
0.1100000000000136
  0
CIRCLE
  5
1EBC
330
1B9A
100
AcDbEntity
  8
0
100
AcDbCircle
 10
-2.574999999999931
 20
0.9249999999999404
 30
0.0
 40
0.1100000000000136
  0
CIRCLE
  5
1EBD
330
1B9A
100
AcDbEntity
  8
0
100
AcDbCircle
 10
-2.574999999999931
 20
1.625000000000026
 30
0.0
 40
0.1099999999999568
  0
CIRCLE
  5
1EBE
330
1B9A
100
AcDbEntity
  8
0
100
AcDbCircle
 10
-2.574999999999931
 20
2.325000000000029
 30
0.0
 40
0.1099999999999568
  0
CIRCLE
  5
1EBF
330
1B9A
100
AcDbEntity
  8
0
100
AcDbCircle
 10
-2.574999999999931
 20
3.025000000000133
 30
0.0
 40
0.1099999999999568
  0
CIRCLE
  5
1EC0
330
1B9A
100
AcDbEntity
  8
0
100
AcDbCircle
 10
-2.574999999999931
 20
3.725000000000136
 30
0.0
 40
0.1099999999999568
  0
CIRCLE
  5
1EC1
330
1B9A
100
AcDbEntity
  8
0
100
AcDbCircle
 10
-2.574999999999931
 20
4.425000000000038
 30
0.0
 40
0.1099999999999568
  0
CIRCLE
  5
1EC2
330
1B9A
100
AcDbEntity
  8
0
100
AcDbCircle
 10
-2.925000000000068
 20
-6.774999999999835
 30
0.0
 40
0.1100000000000136
  0
CIRCLE
  5
1EC3
330
1B9A
100
AcDbEntity
  8
0
100
AcDbCircle
 10
-3.275000000000147
 20
6.525000000000132
 30
0.0
 40
0.1099999999999568
  0
CIRCLE
  5
1EC4
330
1B9A
100
AcDbEntity
  8
0
100
AcDbCircle
 10
-3.275000000000147
 20
6.17499999999994
 30
0.0
 40
0.1099999999999568
  0
CIRCLE
  5
1EC5
330
1B9A
100
AcDbEntity
  8
0
100
AcDbCircle
 10
-3.275000000000147
 20
5.825000000000031
 30
0.0
 40
0.1100000000000136
  0
CIRCLE
  5
1EC6
330
1B9A
100
AcDbEntity
  8
0
100
AcDbCircle
 10
-2.925000000000068
 20
-6.424999999999967
 30
0.0
 40
0.1100000000000136
  0
CIRCLE
  5
1EC7
330
1B9A
100
AcDbEntity
  8
0
100
AcDbCircle
 10
-2.925000000000068
 20
-6.074999999999931
 30
0.0
 40
0.1100000000000136
  0
CIRCLE
  5
1EC8
330
1B9A
100
AcDbEntity
  8
0
100
AcDbCircle
 10
-2.925000000000068
 20
-5.724999999999837
 30
0.0
 40
0.1100000000000136
  0
CIRCLE
  5
1EC9
330
1B9A
100
AcDbEntity
  8
0
100
AcDbCircle
 10
-2.925000000000068
 20
-5.374999999999943
 30
0.0
 40
0.1100000000000136
  0
CIRCLE
  5
1ECA
330
1B9A
100
AcDbEntity
  8
0
100
AcDbCircle
 10
-3.275000000000147
 20
5.475000000000137
 30
0.0
 40
0.1100000000000136
  0
CIRCLE
  5
1ECB
330
1B9A
100
AcDbEntity
  8
0
100
AcDbCircle
 10
-3.275000000000147
 20
5.125000000000028
 30
0.0
 40
0.1100000000000136
  0
CIRCLE
  5
1ECC
330
1B9A
100
AcDbEntity
  8
0
100
AcDbCircle
 10
-3.275000000000147
 20
4.775000000000131
 30
0.0
 40
0.1100000000000136
  0
CIRCLE
  5
1ECD
330
1B9A
100
AcDbEntity
  8
0
100
AcDbCircle
 10
-3.275000000000147
 20
4.425000000000038
 30
0.0
 40
0.1100000000000136
  0
CIRCLE
  5
1ECE
330
1B9A
100
AcDbEntity
  8
0
100
AcDbCircle
 10
-3.275000000000147
 20
3.725000000000136
 30
0.0
 40
0.1100000000000136
  0
CIRCLE
  5
1ECF
330
1B9A
100
AcDbEntity
  8
0
100
AcDbCircle
 10
-3.275000000000147
 20
2.325000000000029
 30
0.0
 40
0.1100000000000136
  0
CIRCLE
  5
1ED0
330
1B9A
100
AcDbEntity
  8
0
100
AcDbCircle
 10
-3.275000000000147
 20
0.9249999999999404
 30
0.0
 40
0.1100000000000705
  0
CIRCLE
  5
1ED1
330
1B9A
100
AcDbEntity
  8
0
100
AcDbCircle
 10
-3.275000000000147
 20
0.2250000000001364
 30
0.0
 40
0.1100000000000705
  0
CIRCLE
  5
1ED2
330
1B9A
100
AcDbEntity
  8
0
100
AcDbCircle
 10
-2.925000000000068
 20
-5.024999999999847
 30
0.0
 40
0.1100000000000136
  0
CIRCLE
  5
1ED3
330
1B9A
100
AcDbEntity
  8
0
100
AcDbCircle
 10
-2.925000000000125
 20
-4.67499999999994
 30
0.0
 40
0.1100000000000136
  0
CIRCLE
  5
1ED4
330
1B9A
100
AcDbEntity
  8
0
100
AcDbCircle
 10
-2.925000000000125
 20
-4.325000000000043
 30
0.0
 40
0.1100000000000136
  0
CIRCLE
  5
1ED5
330
1B9A
100
AcDbEntity
  8
0
100
AcDbCircle
 10
-2.925000000000125
 20
-3.974999999999836
 30
0.0
 40
0.1100000000000136
  0
CIRCLE
  5
1ED6
330
1B9A
100
AcDbEntity
  8
0
100
AcDbCircle
 10
-2.925000000000125
 20
-3.624999999999943
 30
0.0
 40
0.1100000000000136
  0
CIRCLE
  5
1ED7
330
1B9A
100
AcDbEntity
  8
0
100
AcDbCircle
 10
-2.925000000000125
 20
-2.924999999999926
 30
0.0
 40
0.1100000000000136
  0
CIRCLE
  5
1ED8
330
1B9A
100
AcDbEntity
  8
0
100
AcDbCircle
 10
-2.925000000000125
 20
-1.524999999999861
 30
0.0
 40
0.1100000000000136
  0
CIRCLE
  5
1ED9
330
1B9A
100
AcDbEntity
  8
0
100
AcDbCircle
 10
-2.925000000000125
 20
-0.8249999999999602
 30
0.0
 40
0.1100000000000136
  0
CIRCLE
  5
1EDA
330
1B9A
100
AcDbEntity
  8
0
100
AcDbCircle
 10
-2.925000000000125
 20
-0.1249999999999716
 30
0.0
 40
0.1100000000000136
  0
CIRCLE
  5
1EDB
330
1B9A
100
AcDbEntity
  8
0
100
AcDbCircle
 10
-2.925000000000125
 20
0.5750000000000313
 30
0.0
 40
0.1099999999999568
  0
CIRCLE
  5
1EDC
330
1B9A
100
AcDbEntity
  8
0
100
AcDbCircle
 10
-2.925000000000125
 20
0.9249999999999404
 30
0.0
 40
0.1099999999999568
  0
CIRCLE
  5
1EDD
330
1B9A
100
AcDbEntity
  8
0
100
AcDbCircle
 10
-2.925000000000125
 20
1.275000000000133
 30
0.0
 40
0.1100000000000136
  0
CIRCLE
  5
1EDE
330
1B9A
100
AcDbEntity
  8
0
100
AcDbCircle
 10
-2.925000000000125
 20
1.625000000000026
 30
0.0
 40
0.1100000000000136
  0
CIRCLE
  5
1EDF
330
1B9A
100
AcDbEntity
  8
0
100
AcDbCircle
 10
-2.925000000000125
 20
1.975000000000136
 30
0.0
 40
0.1100000000000136
  0
CIRCLE
  5
1EE0
330
1B9A
100
AcDbEntity
  8
0
100
AcDbCircle
 10
-2.925000000000125
 20
2.325000000000029
 30
0.0
 40
0.1100000000000136
  0
CIRCLE
  5
1EE1
330
1B9A
100
AcDbEntity
  8
0
100
AcDbCircle
 10
-2.925000000000125
 20
2.674999999999938
 30
0.0
 40
0.1100000000000136
  0
CIRCLE
  5
1EE2
330
1B9A
100
AcDbEntity
  8
0
100
AcDbCircle
 10
-1.875000000000054
 20
-2.224999999999837
 30
0.0
 40
0.1099999999999568
  0
CIRCLE
  5
1EE3
330
1B9A
100
AcDbEntity
  8
0
100
AcDbCircle
 10
-1.875000000000054
 20
-2.575000000000045
 30
0.0
 40
0.1099999999999568
  0
CIRCLE
  5
1EE4
330
1B9A
100
AcDbEntity
  8
0
100
AcDbCircle
 10
-1.875000000000054
 20
-2.924999999999926
 30
0.0
 40
0.1099999999999568
  0
CIRCLE
  5
1EE5
330
1B9A
100
AcDbEntity
  8
0
100
AcDbCircle
 10
-1.875000000000054
 20
-3.274999999999848
 30
0.0
 40
0.1099999999999568
  0
CIRCLE
  5
1EE6
330
1B9A
100
AcDbEntity
  8
0
100
AcDbCircle
 10
-1.875000000000054
 20
-3.624999999999943
 30
0.0
 40
0.1099999999999568
  0
CIRCLE
  5
1EE7
330
1B9A
100
AcDbEntity
  8
0
100
AcDbCircle
 10
-1.875000000000054
 20
-3.974999999999836
 30
0.0
 40
0.1099999999999568
  0
CIRCLE
  5
1EE8
330
1B9A
100
AcDbEntity
  8
0
100
AcDbCircle
 10
-1.875000000000054
 20
-4.325000000000043
 30
0.0
 40
0.1099999999999568
  0
CIRCLE
  5
1EE9
330
1B9A
100
AcDbEntity
  8
0
100
AcDbCircle
 10
-1.875000000000054
 20
-4.67499999999994
 30
0.0
 40
0.1099999999999568
  0
CIRCLE
  5
1EEA
330
1B9A
100
AcDbEntity
  8
0
100
AcDbCircle
 10
-2.22500000000002
 20
6.17499999999994
 30
0.0
 40
0.1100000000000136
  0
CIRCLE
  5
1EEB
330
1B9A
100
AcDbEntity
  8
0
100
AcDbCircle
 10
-2.22500000000002
 20
6.525000000000132
 30
0.0
 40
0.1100000000000136
  0
CIRCLE
  5
1EEC
330
1B9A
100
AcDbEntity
  8
0
100
AcDbCircle
 10
-1.875000000000054
 20
-6.774999999999835
 30
0.0
 40
0.1100000000000136
  0
CIRCLE
  5
1EED
330
1B9A
100
AcDbEntity
  8
0
100
AcDbCircle
 10
-1.875000000000054
 20
-6.424999999999967
 30
0.0
 40
0.1100000000000136
  0
CIRCLE
  5
1EEE
330
1B9A
100
AcDbEntity
  8
0
100
AcDbCircle
 10
-1.875000000000054
 20
-6.074999999999931
 30
0.0
 40
0.1100000000000136
  0
CIRCLE
  5
1EEF
330
1B9A
100
AcDbEntity
  8
0
100
AcDbCircle
 10
-1.875000000000054
 20
-5.724999999999837
 30
0.0
 40
0.1100000000000136
  0
CIRCLE
  5
1EF0
330
1B9A
100
AcDbEntity
  8
0
100
AcDbCircle
 10
-1.875000000000054
 20
-5.374999999999943
 30
0.0
 40
0.1100000000000136
  0
CIRCLE
  5
1EF1
330
1B9A
100
AcDbEntity
  8
0
100
AcDbCircle
 10
-1.875000000000054
 20
-5.024999999999847
 30
0.0
 40
0.1100000000000136
  0
CIRCLE
  5
1EF2
330
1B9A
100
AcDbEntity
  8
0
100
AcDbCircle
 10
-1.875000000000168
 20
3.725000000000136
 30
0.0
 40
0.1099999999999568
  0
CIRCLE
  5
1EF3
330
1B9A
100
AcDbEntity
  8
0
100
AcDbCircle
 10
-1.875000000000168
 20
4.425000000000038
 30
0.0
 40
0.1099999999999568
  0
CIRCLE
  5
1EF4
330
1B9A
100
AcDbEntity
  8
0
100
AcDbCircle
 10
-1.875000000000168
 20
5.475000000000137
 30
0.0
 40
0.1099999999999568
  0
CIRCLE
  5
1EF5
330
1B9A
100
AcDbEntity
  8
0
100
AcDbCircle
 10
-1.875000000000168
 20
5.825000000000031
 30
0.0
 40
0.1099999999999568
  0
CIRCLE
  5
1EF6
330
1B9A
100
AcDbEntity
  8
0
100
AcDbCircle
 10
-1.875000000000168
 20
6.17499999999994
 30
0.0
 40
0.1100000000000136
  0
CIRCLE
  5
1EF7
330
1B9A
100
AcDbEntity
  8
0
100
AcDbCircle
 10
-1.875000000000168
 20
6.525000000000132
 30
0.0
 40
0.1100000000000136
  0
CIRCLE
  5
1EF8
330
1B9A
100
AcDbEntity
  8
0
100
AcDbCircle
 10
-1.524999999999975
 20
-6.774999999999806
 30
0.0
 40
0.1100000000000136
  0
CIRCLE
  5
1EF9
330
1B9A
100
AcDbEntity
  8
0
100
AcDbCircle
 10
-1.524999999999975
 20
-6.424999999999926
 30
0.0
 40
0.1100000000000136
  0
CIRCLE
  5
1EFA
330
1B9A
100
AcDbEntity
  8
0
100
AcDbCircle
 10
-1.875000000000168
 20
3.025000000000133
 30
0.0
 40
0.1099999999999568
  0
CIRCLE
  5
1EFB
330
1B9A
100
AcDbEntity
  8
0
100
AcDbCircle
 10
-1.875000000000168
 20
2.325000000000029
 30
0.0
 40
0.1099999999999568
  0
CIRCLE
  5
1EFC
330
1B9A
100
AcDbEntity
  8
0
100
AcDbCircle
 10
-1.875000000000168
 20
1.625000000000026
 30
0.0
 40
0.1099999999999568
  0
CIRCLE
  5
1EFD
330
1B9A
100
AcDbEntity
  8
0
100
AcDbCircle
 10
-1.875000000000168
 20
0.9249999999999404
 30
0.0
 40
0.1099999999998999
  0
CIRCLE
  5
1EFE
330
1B9A
100
AcDbEntity
  8
0
100
AcDbCircle
 10
-1.875000000000168
 20
0.2250000000001364
 30
0.0
 40
0.1099999999998999
  0
CIRCLE
  5
1EFF
330
1B9A
100
AcDbEntity
  8
0
100
AcDbCircle
 10
-1.875000000000054
 20
-0.4749999999998665
 30
0.0
 40
0.1099999999999568
  0
CIRCLE
  5
1F00
330
1B9A
100
AcDbEntity
  8
0
100
AcDbCircle
 10
-1.875000000000054
 20
-1.174999999999938
 30
0.0
 40
0.1099999999999568
  0
CIRCLE
  5
1F01
330
1B9A
100
AcDbEntity
  8
0
100
AcDbCircle
 10
-1.875000000000054
 20
-1.874999999999971
 30
0.0
 40
0.1099999999999568
  0
CIRCLE
  5
1F02
330
1B9A
100
AcDbEntity
  8
0
100
AcDbCircle
 10
-2.22500000000002
 20
-1.524999999999861
 30
0.0
 40
0.1099999999999568
  0
CIRCLE
  5
1F03
330
1B9A
100
AcDbEntity
  8
0
100
AcDbCircle
 10
-2.22500000000002
 20
-2.224999999999837
 30
0.0
 40
0.1099999999999568
  0
CIRCLE
  5
1F04
330
1B9A
100
AcDbEntity
  8
0
100
AcDbCircle
 10
-2.22500000000002
 20
-3.624999999999943
 30
0.0
 40
0.1099999999999568
  0
CIRCLE
  5
1F05
330
1B9A
100
AcDbEntity
  8
0
100
AcDbCircle
 10
-2.22500000000002
 20
-4.325000000000043
 30
0.0
 40
0.1099999999999568
  0
CIRCLE
  5
1F06
330
1B9A
100
AcDbEntity
  8
0
100
AcDbCircle
 10
-2.22500000000002
 20
-5.024999999999847
 30
0.0
 40
0.1099999999999568
  0
CIRCLE
  5
1F07
330
1B9A
100
AcDbEntity
  8
0
100
AcDbCircle
 10
-2.22500000000002
 20
-5.374999999999943
 30
0.0
 40
0.1099999999999568
  0
CIRCLE
  5
1F08
330
1B9A
100
AcDbEntity
  8
0
100
AcDbCircle
 10
-2.22500000000002
 20
-5.724999999999837
 30
0.0
 40
0.1099999999999568
  0
CIRCLE
  5
1F09
330
1B9A
100
AcDbEntity
  8
0
100
AcDbCircle
 10
-2.22500000000002
 20
-6.074999999999931
 30
0.0
 40
0.1099999999999568
  0
CIRCLE
  5
1F0A
330
1B9A
100
AcDbEntity
  8
0
100
AcDbCircle
 10
-2.574999999999931
 20
4.775000000000131
 30
0.0
 40
0.1099999999999568
  0
CIRCLE
  5
1F0B
330
1B9A
100
AcDbEntity
  8
0
100
AcDbCircle
 10
-2.574999999999931
 20
5.125000000000028
 30
0.0
 40
0.1099999999999568
  0
CIRCLE
  5
1F0C
330
1B9A
100
AcDbEntity
  8
0
100
AcDbCircle
 10
-2.574999999999931
 20
5.475000000000137
 30
0.0
 40
0.1099999999999568
  0
CIRCLE
  5
1F0D
330
1B9A
100
AcDbEntity
  8
0
100
AcDbCircle
 10
-2.574999999999931
 20
5.825000000000031
 30
0.0
 40
0.1099999999999568
  0
CIRCLE
  5
1F0E
330
1B9A
100
AcDbEntity
  8
0
100
AcDbCircle
 10
-2.574999999999931
 20
6.17499999999994
 30
0.0
 40
0.1099999999998999
  0
CIRCLE
  5
1F0F
330
1B9A
100
AcDbEntity
  8
0
100
AcDbCircle
 10
-2.574999999999931
 20
6.525000000000132
 30
0.0
 40
0.1099999999998999
  0
CIRCLE
  5
1F10
330
1B9A
100
AcDbEntity
  8
0
100
AcDbCircle
 10
-2.22500000000002
 20
-6.774999999999835
 30
0.0
 40
0.1099999999999568
  0
CIRCLE
  5
1F11
330
1B9A
100
AcDbEntity
  8
0
100
AcDbCircle
 10
-2.22500000000002
 20
-6.424999999999967
 30
0.0
 40
0.1099999999999568
  0
CIRCLE
  5
1F12
330
1B9A
100
AcDbEntity
  8
0
100
AcDbCircle
 10
-2.22500000000002
 20
-0.8249999999999602
 30
0.0
 40
0.1099999999999568
  0
CIRCLE
  5
1F13
330
1B9A
100
AcDbEntity
  8
0
100
AcDbCircle
 10
-2.22500000000002
 20
-0.1249999999999716
 30
0.0
 40
0.1099999999999568
  0
CIRCLE
  5
1F14
330
1B9A
100
AcDbEntity
  8
0
100
AcDbCircle
 10
-2.22500000000002
 20
0.2250000000001364
 30
0.0
 40
0.1099999999998999
  0
CIRCLE
  5
1F15
330
1B9A
100
AcDbEntity
  8
0
100
AcDbCircle
 10
-2.22500000000002
 20
0.5750000000000313
 30
0.0
 40
0.1099999999998999
  0
CIRCLE
  5
1F16
330
1B9A
100
AcDbEntity
  8
0
100
AcDbCircle
 10
-2.22500000000002
 20
1.275000000000133
 30
0.0
 40
0.1099999999999568
  0
CIRCLE
  5
1F17
330
1B9A
100
AcDbEntity
  8
0
100
AcDbCircle
 10
-2.22500000000002
 20
1.625000000000026
 30
0.0
 40
0.1099999999999568
  0
CIRCLE
  5
1F18
330
1B9A
100
AcDbEntity
  8
0
100
AcDbCircle
 10
-2.22500000000002
 20
1.975000000000136
 30
0.0
 40
0.1099999999999568
  0
CIRCLE
  5
1F19
330
1B9A
100
AcDbEntity
  8
0
100
AcDbCircle
 10
-2.22500000000002
 20
2.325000000000029
 30
0.0
 40
0.1099999999999568
  0
CIRCLE
  5
1F1A
330
1B9A
100
AcDbEntity
  8
0
100
AcDbCircle
 10
-2.22500000000002
 20
2.674999999999938
 30
0.0
 40
0.1099999999999568
  0
CIRCLE
  5
1F1B
330
1B9A
100
AcDbEntity
  8
0
100
AcDbCircle
 10
-2.22500000000002
 20
3.025000000000133
 30
0.0
 40
0.1099999999999568
  0
CIRCLE
  5
1F1C
330
1B9A
100
AcDbEntity
  8
0
100
AcDbCircle
 10
-2.22500000000002
 20
3.375000000000028
 30
0.0
 40
0.1099999999999568
  0
CIRCLE
  5
1F1D
330
1B9A
100
AcDbEntity
  8
0
100
AcDbCircle
 10
-2.22500000000002
 20
4.075000000000031
 30
0.0
 40
0.1099999999999568
  0
CIRCLE
  5
1F1E
330
1B9A
100
AcDbEntity
  8
0
100
AcDbCircle
 10
-2.22500000000002
 20
4.775000000000131
 30
0.0
 40
0.1099999999999568
  0
CIRCLE
  5
1F1F
330
1B9A
100
AcDbEntity
  8
0
100
AcDbCircle
 10
-2.22500000000002
 20
5.125000000000028
 30
0.0
 40
0.1099999999999568
  0
CIRCLE
  5
1F20
330
1B9A
100
AcDbEntity
  8
0
100
AcDbCircle
 10
-2.22500000000002
 20
5.475000000000137
 30
0.0
 40
0.1099999999999568
  0
CIRCLE
  5
1F21
330
1B9A
100
AcDbEntity
  8
0
100
AcDbCircle
 10
-2.22500000000002
 20
5.825000000000031
 30
0.0
 40
0.1099999999999568
  0
CIRCLE
  5
1F22
330
1B9A
100
AcDbEntity
  8
0
100
AcDbCircle
 10
-3.625000000000055
 20
-4.325000000000043
 30
0.0
 40
0.1100000000000136
  0
CIRCLE
  5
1F23
330
1B9A
100
AcDbEntity
  8
0
100
AcDbCircle
 10
-3.625000000000055
 20
-4.67499999999994
 30
0.0
 40
0.1100000000000136
  0
CIRCLE
  5
1F24
330
1B9A
100
AcDbEntity
  8
0
100
AcDbCircle
 10
-3.625000000000055
 20
-5.024999999999847
 30
0.0
 40
0.1100000000000136
  0
CIRCLE
  5
1F25
330
1B9A
100
AcDbEntity
  8
0
100
AcDbCircle
 10
-3.625000000000055
 20
-5.374999999999943
 30
0.0
 40
0.1100000000000136
  0
CIRCLE
  5
1F26
330
1B9A
100
AcDbEntity
  8
0
100
AcDbCircle
 10
-3.625000000000055
 20
-5.724999999999837
 30
0.0
 40
0.1100000000000136
  0
CIRCLE
  5
1F27
330
1B9A
100
AcDbEntity
  8
0
100
AcDbCircle
 10
-3.625000000000055
 20
-6.074999999999931
 30
0.0
 40
0.1100000000000136
  0
CIRCLE
  5
1F28
330
1B9A
100
AcDbEntity
  8
0
100
AcDbCircle
 10
-3.625000000000055
 20
-6.424999999999967
 30
0.0
 40
0.1100000000000136
  0
CIRCLE
  5
1F29
330
1B9A
100
AcDbEntity
  8
0
100
AcDbCircle
 10
-3.625000000000055
 20
-6.774999999999835
 30
0.0
 40
0.1100000000000136
  0
CIRCLE
  5
1F2A
330
1B9A
100
AcDbEntity
  8
0
100
AcDbCircle
 10
-3.974999999999908
 20
6.525000000000132
 30
0.0
 40
0.1100000000000705
  0
CIRCLE
  5
1F2B
330
1B9A
100
AcDbEntity
  8
0
100
AcDbCircle
 10
-3.974999999999908
 20
5.825000000000031
 30
0.0
 40
0.1100000000000136
  0
CIRCLE
  5
1F2C
330
1B9A
100
AcDbEntity
  8
0
100
AcDbCircle
 10
-3.974999999999908
 20
5.475000000000137
 30
0.0
 40
0.1100000000000136
  0
CIRCLE
  5
1F2D
330
1B9A
100
AcDbEntity
  8
0
100
AcDbCircle
 10
-3.974999999999908
 20
5.125000000000028
 30
0.0
 40
0.1100000000000136
  0
CIRCLE
  5
1F2E
330
1B9A
100
AcDbEntity
  8
0
100
AcDbCircle
 10
-3.974999999999908
 20
4.775000000000131
 30
0.0
 40
0.1100000000000136
  0
CIRCLE
  5
1F2F
330
1B9A
100
AcDbEntity
  8
0
100
AcDbCircle
 10
-3.974999999999908
 20
4.425000000000038
 30
0.0
 40
0.1100000000000136
  0
CIRCLE
  5
1F30
330
1B9A
100
AcDbEntity
  8
0
100
AcDbCircle
 10
-3.974999999999908
 20
3.725000000000136
 30
0.0
 40
0.1100000000000136
  0
CIRCLE
  5
1F31
330
1B9A
100
AcDbEntity
  8
0
100
AcDbCircle
 10
-3.974999999999908
 20
2.325000000000029
 30
0.0
 40
0.1100000000000136
  0
CIRCLE
  5
1F32
330
1B9A
100
AcDbEntity
  8
0
100
AcDbCircle
 10
-3.974999999999908
 20
0.9249999999999404
 30
0.0
 40
0.1099999999999568
  0
CIRCLE
  5
1F33
330
1B9A
100
AcDbEntity
  8
0
100
AcDbCircle
 10
-3.974999999999908
 20
0.2250000000001364
 30
0.0
 40
0.1099999999999568
  0
CIRCLE
  5
1F34
330
1B9A
100
AcDbEntity
  8
0
100
AcDbCircle
 10
-3.974999999999795
 20
-0.1249999999999716
 30
0.0
 40
0.1100000000000136
  0
CIRCLE
  5
1F35
330
1B9A
100
AcDbEntity
  8
0
100
AcDbCircle
 10
-3.974999999999795
 20
-0.4749999999998665
 30
0.0
 40
0.1100000000000136
  0
CIRCLE
  5
1F36
330
1B9A
100
AcDbEntity
  8
0
100
AcDbCircle
 10
-3.974999999999795
 20
-1.174999999999982
 30
0.0
 40
0.1100000000000136
  0
CIRCLE
  5
1F37
330
1B9A
100
AcDbEntity
  8
0
100
AcDbCircle
 10
-3.974999999999795
 20
-1.874999999999971
 30
0.0
 40
0.1100000000000136
  0
CIRCLE
  5
1F38
330
1B9A
100
AcDbEntity
  8
0
100
AcDbCircle
 10
-3.974999999999795
 20
-3.274999999999863
 30
0.0
 40
0.1100000000000136
  0
CIRCLE
  5
1F39
330
1B9A
100
AcDbEntity
  8
0
100
AcDbCircle
 10
-3.974999999999795
 20
-3.624999999999971
 30
0.0
 40
0.1100000000000136
  0
CIRCLE
  5
1F3A
330
1B9A
100
AcDbEntity
  8
0
100
AcDbCircle
 10
-3.974999999999795
 20
-3.974999999999836
 30
0.0
 40
0.1100000000000136
  0
CIRCLE
  5
1F3B
330
1B9A
100
AcDbEntity
  8
0
100
AcDbCircle
 10
-3.974999999999795
 20
-4.674999999999981
 30
0.0
 40
0.1100000000000136
  0
CIRCLE
  5
1F3C
330
1B9A
100
AcDbEntity
  8
0
100
AcDbCircle
 10
-3.974999999999681
 20
-5.024999999999863
 30
0.0
 40
0.1100000000000136
  0
CIRCLE
  5
1F3D
330
1B9A
100
AcDbEntity
  8
0
100
AcDbCircle
 10
-3.974999999999681
 20
-5.374999999999985
 30
0.0
 40
0.1100000000000136
  0
CIRCLE
  5
1F3E
330
1B9A
100
AcDbEntity
  8
0
100
AcDbCircle
 10
-3.974999999999681
 20
-5.724999999999866
 30
0.0
 40
0.1100000000000136
  0
CIRCLE
  5
1F3F
330
1B9A
100
AcDbEntity
  8
0
100
AcDbCircle
 10
-3.974999999999681
 20
-6.074999999999945
 30
0.0
 40
0.1100000000000136
  0
CIRCLE
  5
1F40
330
1B9A
100
AcDbEntity
  8
0
100
AcDbCircle
 10
-3.974999999999681
 20
-6.424999999999967
 30
0.0
 40
0.1100000000000136
  0
CIRCLE
  5
1F41
330
1B9A
100
AcDbEntity
  8
0
100
AcDbCircle
 10
-3.974999999999681
 20
-6.774999999999835
 30
0.0
 40
0.1100000000000136
  0
CIRCLE
  5
1F42
330
1B9A
100
AcDbEntity
  8
0
100
AcDbCircle
 10
-3.274999999999976
 20
-5.374999999999943
 30
0.0
 40
0.1100000000000136
  0
CIRCLE
  5
1F43
330
1B9A
100
AcDbEntity
  8
0
100
AcDbCircle
 10
-3.274999999999976
 20
-5.724999999999837
 30
0.0
 40
0.1100000000000136
  0
CIRCLE
  5
1F44
330
1B9A
100
AcDbEntity
  8
0
100
AcDbCircle
 10
-3.274999999999976
 20
-6.074999999999931
 30
0.0
 40
0.1100000000000136
  0
CIRCLE
  5
1F45
330
1B9A
100
AcDbEntity
  8
0
100
AcDbCircle
 10
-3.274999999999976
 20
-6.424999999999967
 30
0.0
 40
0.1100000000000136
  0
CIRCLE
  5
1F46
330
1B9A
100
AcDbEntity
  8
0
100
AcDbCircle
 10
-3.625000000000055
 20
5.825000000000031
 30
0.0
 40
0.1100000000000136
  0
CIRCLE
  5
1F47
330
1B9A
100
AcDbEntity
  8
0
100
AcDbCircle
 10
-3.625000000000055
 20
6.17499999999994
 30
0.0
 40
0.1100000000000705
  0
CIRCLE
  5
1F48
330
1B9A
100
AcDbEntity
  8
0
100
AcDbCircle
 10
-3.625000000000055
 20
6.525000000000132
 30
0.0
 40
0.1100000000000705
  0
CIRCLE
  5
1F49
330
1B9A
100
AcDbEntity
  8
0
100
AcDbCircle
 10
-3.274999999999976
 20
-6.774999999999835
 30
0.0
 40
0.1100000000000136
  0
CIRCLE
  5
1F4A
330
1B9A
100
AcDbEntity
  8
0
100
AcDbCircle
 10
-3.274999999999976
 20
-5.024999999999847
 30
0.0
 40
0.1100000000000136
  0
CIRCLE
  5
1F4B
330
1B9A
100
AcDbEntity
  8
0
100
AcDbCircle
 10
-3.275000000000147
 20
-4.67499999999994
 30
0.0
 40
0.1100000000000136
  0
CIRCLE
  5
1F4C
330
1B9A
100
AcDbEntity
  8
0
100
AcDbCircle
 10
-3.275000000000147
 20
-3.974999999999836
 30
0.0
 40
0.1100000000000136
  0
CIRCLE
  5
1F4D
330
1B9A
100
AcDbEntity
  8
0
100
AcDbCircle
 10
-3.275000000000147
 20
-3.274999999999848
 30
0.0
 40
0.1100000000000136
  0
CIRCLE
  5
1F4E
330
1B9A
100
AcDbEntity
  8
0
100
AcDbCircle
 10
-3.275000000000147
 20
-1.874999999999971
 30
0.0
 40
0.1100000000000136
  0
CIRCLE
  5
1F4F
330
1B9A
100
AcDbEntity
  8
0
100
AcDbCircle
 10
-3.275000000000147
 20
-1.174999999999938
 30
0.0
 40
0.1100000000000136
  0
CIRCLE
  5
1F50
330
1B9A
100
AcDbEntity
  8
0
100
AcDbCircle
 10
-3.275000000000147
 20
-0.4749999999998665
 30
0.0
 40
0.1100000000000136
  0
CIRCLE
  5
1F51
330
1B9A
100
AcDbEntity
  8
0
100
AcDbCircle
 10
-3.275000000000147
 20
-0.1249999999999716
 30
0.0
 40
0.1100000000000136
  0
CIRCLE
  5
1F52
330
1B9A
100
AcDbEntity
  8
0
100
AcDbCircle
 10
-3.625000000000055
 20
5.475000000000137
 30
0.0
 40
0.1100000000000136
  0
CIRCLE
  5
1F53
330
1B9A
100
AcDbEntity
  8
0
100
AcDbCircle
 10
-3.625000000000055
 20
5.125000000000028
 30
0.0
 40
0.1100000000000136
  0
CIRCLE
  5
1F54
330
1B9A
100
AcDbEntity
  8
0
100
AcDbCircle
 10
-3.625000000000055
 20
4.775000000000131
 30
0.0
 40
0.1100000000000136
  0
CIRCLE
  5
1F55
330
1B9A
100
AcDbEntity
  8
0
100
AcDbCircle
 10
-3.625000000000055
 20
4.425000000000038
 30
0.0
 40
0.1100000000000136
  0
CIRCLE
  5
1F56
330
1B9A
100
AcDbEntity
  8
0
100
AcDbCircle
 10
-3.625000000000055
 20
4.075000000000031
 30
0.0
 40
0.1100000000000136
  0
CIRCLE
  5
1F57
330
1B9A
100
AcDbEntity
  8
0
100
AcDbCircle
 10
-3.625000000000055
 20
3.725000000000136
 30
0.0
 40
0.1100000000000136
  0
CIRCLE
  5
1F58
330
1B9A
100
AcDbEntity
  8
0
100
AcDbCircle
 10
-3.625000000000055
 20
2.325000000000029
 30
0.0
 40
0.1100000000000136
  0
CIRCLE
  5
1F59
330
1B9A
100
AcDbEntity
  8
0
100
AcDbCircle
 10
-3.625000000000055
 20
0.9249999999999404
 30
0.0
 40
0.1099999999999568
  0
CIRCLE
  5
1F5A
330
1B9A
100
AcDbEntity
  8
0
100
AcDbCircle
 10
-3.625000000000055
 20
0.5750000000000313
 30
0.0
 40
0.1099999999999568
  0
CIRCLE
  5
1F5B
330
1B9A
100
AcDbEntity
  8
0
100
AcDbCircle
 10
-3.625000000000055
 20
0.2250000000001364
 30
0.0
 40
0.1099999999999568
  0
CIRCLE
  5
1F5C
330
1B9A
100
AcDbEntity
  8
0
100
AcDbCircle
 10
-3.625000000000055
 20
-0.1249999999999716
 30
0.0
 40
0.1100000000000136
  0
CIRCLE
  5
1F5D
330
1B9A
100
AcDbEntity
  8
0
100
AcDbCircle
 10
-3.625000000000055
 20
-0.8249999999999602
 30
0.0
 40
0.1100000000000136
  0
CIRCLE
  5
1F5E
330
1B9A
100
AcDbEntity
  8
0
100
AcDbCircle
 10
-3.625000000000055
 20
-1.524999999999861
 30
0.0
 40
0.1100000000000136
  0
CIRCLE
  5
1F5F
330
1B9A
100
AcDbEntity
  8
0
100
AcDbCircle
 10
-3.625000000000055
 20
-1.874999999999971
 30
0.0
 40
0.1100000000000136
  0
CIRCLE
  5
1F60
330
1B9A
100
AcDbEntity
  8
0
100
AcDbCircle
 10
-3.625000000000055
 20
-3.274999999999848
 30
0.0
 40
0.1100000000000136
  0
CIRCLE
  5
1F61
330
1B9A
100
AcDbEntity
  8
0
100
AcDbCircle
 10
-3.625000000000055
 20
-3.624999999999943
 30
0.0
 40
0.1100000000000136
  0
CIRCLE
  5
1F62
330
1B9A
100
AcDbEntity
  8
0
100
AcDbCircle
 10
-4.675000000000068
 20
0.9249999999999404
 30
0.0
 40
0.1100000000000705
  0
CIRCLE
  5
1F63
330
1B9A
100
AcDbEntity
  8
0
100
AcDbCircle
 10
-4.675000000000068
 20
1.275000000000133
 30
0.0
 40
0.1100000000000136
  0
CIRCLE
  5
1F64
330
1B9A
100
AcDbEntity
  8
0
100
AcDbCircle
 10
-4.675000000000068
 20
1.975000000000136
 30
0.0
 40
0.1100000000000136
  0
CIRCLE
  5
1F65
330
1B9A
100
AcDbEntity
  8
0
100
AcDbCircle
 10
-4.675000000000068
 20
2.674999999999938
 30
0.0
 40
0.1100000000000136
  0
CIRCLE
  5
1F66
330
1B9A
100
AcDbEntity
  8
0
100
AcDbCircle
 10
-4.675000000000068
 20
3.375000000000028
 30
0.0
 40
0.1100000000000136
  0
CIRCLE
  5
1F67
330
1B9A
100
AcDbEntity
  8
0
100
AcDbCircle
 10
-4.675000000000068
 20
4.075000000000031
 30
0.0
 40
0.1100000000000136
  0
CIRCLE
  5
1F68
330
1B9A
100
AcDbEntity
  8
0
100
AcDbCircle
 10
-4.675000000000068
 20
4.425000000000038
 30
0.0
 40
0.1100000000000136
  0
CIRCLE
  5
1F69
330
1B9A
100
AcDbEntity
  8
0
100
AcDbCircle
 10
-4.675000000000068
 20
5.125000000000028
 30
0.0
 40
0.1100000000000136
  0
CIRCLE
  5
1F6A
330
1B9A
100
AcDbEntity
  8
0
100
AcDbCircle
 10
-4.675000000000068
 20
5.475000000000137
 30
0.0
 40
0.1100000000000136
  0
CIRCLE
  5
1F6B
330
1B9A
100
AcDbEntity
  8
0
100
AcDbCircle
 10
-4.675000000000068
 20
5.825000000000031
 30
0.0
 40
0.1100000000000136
  0
CIRCLE
  5
1F6C
330
1B9A
100
AcDbEntity
  8
0
100
AcDbCircle
 10
-4.675000000000068
 20
6.17499999999994
 30
0.0
 40
0.1099999999999568
  0
CIRCLE
  5
1F6D
330
1B9A
100
AcDbEntity
  8
0
100
AcDbCircle
 10
-4.675000000000068
 20
6.525000000000132
 30
0.0
 40
0.1099999999999568
  0
CIRCLE
  5
1F6E
330
1B9A
100
AcDbEntity
  8
0
100
AcDbCircle
 10
-4.324999999999761
 20
-6.774999999999835
 30
0.0
 40
0.1100000000000136
  0
CIRCLE
  5
1F6F
330
1B9A
100
AcDbEntity
  8
0
100
AcDbCircle
 10
-4.324999999999761
 20
-6.424999999999967
 30
0.0
 40
0.1100000000000136
  0
CIRCLE
  5
1F70
330
1B9A
100
AcDbEntity
  8
0
100
AcDbCircle
 10
-4.324999999999761
 20
-6.074999999999945
 30
0.0
 40
0.1100000000000136
  0
CIRCLE
  5
1F71
330
1B9A
100
AcDbEntity
  8
0
100
AcDbCircle
 10
-4.324999999999761
 20
-5.724999999999866
 30
0.0
 40
0.1100000000000136
  0
CIRCLE
  5
1F72
330
1B9A
100
AcDbEntity
  8
0
100
AcDbCircle
 10
-4.675000000000068
 20
-5.024999999999863
 30
0.0
 40
0.1100000000000136
  0
CIRCLE
  5
1F73
330
1B9A
100
AcDbEntity
  8
0
100
AcDbCircle
 10
-4.675000000000068
 20
-5.374999999999985
 30
0.0
 40
0.1100000000000136
  0
CIRCLE
  5
1F74
330
1B9A
100
AcDbEntity
  8
0
100
AcDbCircle
 10
-4.675000000000068
 20
-5.724999999999866
 30
0.0
 40
0.1100000000000136
  0
CIRCLE
  5
1F75
330
1B9A
100
AcDbEntity
  8
0
100
AcDbCircle
 10
-4.675000000000068
 20
-6.074999999999945
 30
0.0
 40
0.1100000000000136
  0
CIRCLE
  5
1F76
330
1B9A
100
AcDbEntity
  8
0
100
AcDbCircle
 10
-4.675000000000068
 20
-6.424999999999967
 30
0.0
 40
0.1100000000000136
  0
CIRCLE
  5
1F77
330
1B9A
100
AcDbEntity
  8
0
100
AcDbCircle
 10
-4.675000000000068
 20
-6.774999999999835
 30
0.0
 40
0.1100000000000136
  0
CIRCLE
  5
1F78
330
1B9A
100
AcDbEntity
  8
0
100
AcDbCircle
 10
-5.02500000000009
 20
6.525000000000132
 30
0.0
 40
0.1100000000000705
  0
CIRCLE
  5
1F79
330
1B9A
100
AcDbEntity
  8
0
100
AcDbCircle
 10
-5.02500000000009
 20
6.17499999999994
 30
0.0
 40
0.1100000000000705
  0
CIRCLE
  5
1F7A
330
1B9A
100
AcDbEntity
  8
0
100
AcDbCircle
 10
-4.675000000000068
 20
-4.674999999999981
 30
0.0
 40
0.1099999999999568
  0
CIRCLE
  5
1F7B
330
1B9A
100
AcDbEntity
  8
0
100
AcDbCircle
 10
-4.675000000000068
 20
-3.974999999999836
 30
0.0
 40
0.1100000000000136
  0
CIRCLE
  5
1F7C
330
1B9A
100
AcDbEntity
  8
0
100
AcDbCircle
 10
-4.675000000000068
 20
-3.274999999999863
 30
0.0
 40
0.1100000000000136
  0
CIRCLE
  5
1F7D
330
1B9A
100
AcDbEntity
  8
0
100
AcDbCircle
 10
-4.675000000000068
 20
-2.575000000000057
 30
0.0
 40
0.1100000000000136
  0
CIRCLE
  5
1F7E
330
1B9A
100
AcDbEntity
  8
0
100
AcDbCircle
 10
-4.675000000000068
 20
-1.874999999999971
 30
0.0
 40
0.1100000000000136
  0
CIRCLE
  5
1F7F
330
1B9A
100
AcDbEntity
  8
0
100
AcDbCircle
 10
-4.675000000000068
 20
-1.174999999999982
 30
0.0
 40
0.1100000000000136
  0
CIRCLE
  5
1F80
330
1B9A
100
AcDbEntity
  8
0
100
AcDbCircle
 10
-4.675000000000068
 20
-0.4749999999998665
 30
0.0
 40
0.1100000000000136
  0
CIRCLE
  5
1F81
330
1B9A
100
AcDbEntity
  8
0
100
AcDbCircle
 10
-4.675000000000068
 20
0.2250000000001364
 30
0.0
 40
0.1100000000000705
  0
CIRCLE
  5
1F82
330
1B9A
100
AcDbEntity
  8
0
100
AcDbCircle
 10
-4.324999999999761
 20
-5.374999999999985
 30
0.0
 40
0.1100000000000136
  0
CIRCLE
  5
1F83
330
1B9A
100
AcDbEntity
  8
0
100
AcDbCircle
 10
-4.324999999999761
 20
-5.024999999999863
 30
0.0
 40
0.1100000000000136
  0
CIRCLE
  5
1F84
330
1B9A
100
AcDbEntity
  8
0
100
AcDbCircle
 10
-4.324999999999761
 20
-4.674999999999981
 30
0.0
 40
0.1099999999999568
  0
CIRCLE
  5
1F85
330
1B9A
100
AcDbEntity
  8
0
100
AcDbCircle
 10
-4.324999999999761
 20
-4.325000000000057
 30
0.0
 40
0.1100000000000136
  0
CIRCLE
  5
1F86
330
1B9A
100
AcDbEntity
  8
0
100
AcDbCircle
 10
-4.324999999999761
 20
-3.624999999999971
 30
0.0
 40
0.1100000000000136
  0
CIRCLE
  5
1F87
330
1B9A
100
AcDbEntity
  8
0
100
AcDbCircle
 10
-4.324999999999761
 20
-2.924999999999926
 30
0.0
 40
0.1100000000000136
  0
CIRCLE
  5
1F88
330
1B9A
100
AcDbEntity
  8
0
100
AcDbCircle
 10
-4.324999999999761
 20
-2.575000000000057
 30
0.0
 40
0.1100000000000136
  0
CIRCLE
  5
1F89
330
1B9A
100
AcDbEntity
  8
0
100
AcDbCircle
 10
-4.324999999999761
 20
-2.224999999999837
 30
0.0
 40
0.1100000000000136
  0
CIRCLE
  5
1F8A
330
1B9A
100
AcDbEntity
  8
0
100
AcDbCircle
 10
-4.324999999999761
 20
-1.874999999999971
 30
0.0
 40
0.1100000000000136
  0
CIRCLE
  5
1F8B
330
1B9A
100
AcDbEntity
  8
0
100
AcDbCircle
 10
-4.324999999999761
 20
-1.524999999999861
 30
0.0
 40
0.1100000000000136
  0
CIRCLE
  5
1F8C
330
1B9A
100
AcDbEntity
  8
0
100
AcDbCircle
 10
-4.324999999999761
 20
-0.8249999999999602
 30
0.0
 40
0.1100000000000136
  0
CIRCLE
  5
1F8D
330
1B9A
100
AcDbEntity
  8
0
100
AcDbCircle
 10
-4.324999999999761
 20
-0.4749999999998665
 30
0.0
 40
0.1100000000000136
  0
CIRCLE
  5
1F8E
330
1B9A
100
AcDbEntity
  8
0
100
AcDbCircle
 10
-4.324999999999761
 20
-0.1249999999999716
 30
0.0
 40
0.1100000000000136
  0
CIRCLE
  5
1F8F
330
1B9A
100
AcDbEntity
  8
0
100
AcDbCircle
 10
-4.324999999999761
 20
0.2250000000001364
 30
0.0
 40
0.1100000000000705
  0
CIRCLE
  5
1F90
330
1B9A
100
AcDbEntity
  8
0
100
AcDbCircle
 10
-4.324999999999761
 20
0.5749999999999461
 30
0.0
 40
0.1100000000000705
  0
CIRCLE
  5
1F91
330
1B9A
100
AcDbEntity
  8
0
100
AcDbCircle
 10
-4.324999999999761
 20
0.9249999999999404
 30
0.0
 40
0.1100000000000705
  0
CIRCLE
  5
1F92
330
1B9A
100
AcDbEntity
  8
0
100
AcDbCircle
 10
-4.32499999999993
 20
1.275000000000133
 30
0.0
 40
0.1100000000000136
  0
CIRCLE
  5
1F93
330
1B9A
100
AcDbEntity
  8
0
100
AcDbCircle
 10
-4.32499999999993
 20
1.625000000000026
 30
0.0
 40
0.1100000000000136
  0
CIRCLE
  5
1F94
330
1B9A
100
AcDbEntity
  8
0
100
AcDbCircle
 10
-4.32499999999993
 20
1.975000000000136
 30
0.0
 40
0.1100000000000136
  0
CIRCLE
  5
1F95
330
1B9A
100
AcDbEntity
  8
0
100
AcDbCircle
 10
-4.32499999999993
 20
2.325000000000029
 30
0.0
 40
0.1100000000000136
  0
CIRCLE
  5
1F96
330
1B9A
100
AcDbEntity
  8
0
100
AcDbCircle
 10
-4.32499999999993
 20
2.674999999999938
 30
0.0
 40
0.1100000000000136
  0
CIRCLE
  5
1F97
330
1B9A
100
AcDbEntity
  8
0
100
AcDbCircle
 10
-4.32499999999993
 20
3.025000000000133
 30
0.0
 40
0.1100000000000136
  0
CIRCLE
  5
1F98
330
1B9A
100
AcDbEntity
  8
0
100
AcDbCircle
 10
-4.32499999999993
 20
3.375000000000028
 30
0.0
 40
0.1100000000000136
  0
CIRCLE
  5
1F99
330
1B9A
100
AcDbEntity
  8
0
100
AcDbCircle
 10
-4.32499999999993
 20
3.725000000000136
 30
0.0
 40
0.1100000000000136
  0
CIRCLE
  5
1F9A
330
1B9A
100
AcDbEntity
  8
0
100
AcDbCircle
 10
-4.32499999999993
 20
4.075000000000031
 30
0.0
 40
0.1100000000000136
  0
CIRCLE
  5
1F9B
330
1B9A
100
AcDbEntity
  8
0
100
AcDbCircle
 10
-4.32499999999993
 20
4.425000000000038
 30
0.0
 40
0.1100000000000136
  0
CIRCLE
  5
1F9C
330
1B9A
100
AcDbEntity
  8
0
100
AcDbCircle
 10
-4.32499999999993
 20
4.775000000000131
 30
0.0
 40
0.1100000000000136
  0
CIRCLE
  5
1F9D
330
1B9A
100
AcDbEntity
  8
0
100
AcDbCircle
 10
-4.32499999999993
 20
5.125000000000028
 30
0.0
 40
0.1100000000000136
  0
CIRCLE
  5
1F9E
330
1B9A
100
AcDbEntity
  8
0
100
AcDbCircle
 10
-4.32499999999993
 20
5.475000000000137
 30
0.0
 40
0.1100000000000136
  0
CIRCLE
  5
1F9F
330
1B9A
100
AcDbEntity
  8
0
100
AcDbCircle
 10
-4.32499999999993
 20
5.825000000000031
 30
0.0
 40
0.1100000000000136
  0
CIRCLE
  5
1FA0
330
1B9A
100
AcDbEntity
  8
0
100
AcDbCircle
 10
-4.32499999999993
 20
6.17499999999994
 30
0.0
 40
0.1099999999999568
  0
CIRCLE
  5
1FA1
330
1B9A
100
AcDbEntity
  8
0
100
AcDbCircle
 10
-4.32499999999993
 20
6.525000000000132
 30
0.0
 40
0.1099999999999568
  0
CIRCLE
  5
1FA2
330
1B9A
100
AcDbEntity
  8
0
100
AcDbCircle
 10
6.175000000000013
 20
-0.4749999999997814
 30
0.0
 40
0.1100000000000136
  0
CIRCLE
  5
1FA3
330
1B9A
100
AcDbEntity
  8
0
100
AcDbCircle
 10
6.175000000000013
 20
-0.1249999999998721
 30
0.0
 40
0.1100000000000136
  0
CIRCLE
  5
1FA4
330
1B9A
100
AcDbEntity
  8
0
100
AcDbCircle
 10
6.175000000000013
 20
0.2250000000002217
 30
0.0
 40
0.1099999999999568
  0
CIRCLE
  5
1FA5
330
1B9A
100
AcDbEntity
  8
0
100
AcDbCircle
 10
6.175000000000013
 20
0.5750000000001309
 30
0.0
 40
0.1099999999999568
  0
CIRCLE
  5
1FA6
330
1B9A
100
AcDbEntity
  8
0
100
AcDbCircle
 10
6.175000000000013
 20
0.9250000000000396
 30
0.0
 40
0.1099999999999568
  0
CIRCLE
  5
1FA7
330
1B9A
100
AcDbEntity
  8
0
100
AcDbCircle
 10
6.175000000000013
 20
1.275000000000217
 30
0.0
 40
0.1100000000000136
  0
CIRCLE
  5
1FA8
330
1B9A
100
AcDbEntity
  8
0
100
AcDbCircle
 10
6.175000000000013
 20
1.625000000000127
 30
0.0
 40
0.1100000000000136
  0
CIRCLE
  5
1FA9
330
1B9A
100
AcDbEntity
  8
0
100
AcDbCircle
 10
6.175000000000013
 20
1.975000000000219
 30
0.0
 40
0.1100000000000136
  0
CIRCLE
  5
1FAA
330
1B9A
100
AcDbEntity
  8
0
100
AcDbCircle
 10
6.175000000000013
 20
2.325000000000128
 30
0.0
 40
0.1100000000000136
  0
CIRCLE
  5
1FAB
330
1B9A
100
AcDbEntity
  8
0
100
AcDbCircle
 10
6.175000000000013
 20
2.675000000000038
 30
0.0
 40
0.1100000000000136
  0
CIRCLE
  5
1FAC
330
1B9A
100
AcDbEntity
  8
0
100
AcDbCircle
 10
6.175000000000013
 20
3.025000000000217
 30
0.0
 40
0.1100000000000136
  0
CIRCLE
  5
1FAD
330
1B9A
100
AcDbEntity
  8
0
100
AcDbCircle
 10
6.175000000000013
 20
3.375000000000127
 30
0.0
 40
0.1100000000000136
  0
CIRCLE
  5
1FAE
330
1B9A
100
AcDbEntity
  8
0
100
AcDbCircle
 10
6.175000000000013
 20
3.725000000000221
 30
0.0
 40
0.1100000000000136
  0
CIRCLE
  5
1FAF
330
1B9A
100
AcDbEntity
  8
0
100
AcDbCircle
 10
6.175000000000013
 20
4.075000000000128
 30
0.0
 40
0.1100000000000136
  0
CIRCLE
  5
1FB0
330
1B9A
100
AcDbEntity
  8
0
100
AcDbCircle
 10
6.175000000000013
 20
4.425000000000125
 30
0.0
 40
0.1100000000000136
  0
CIRCLE
  5
1FB1
330
1B9A
100
AcDbEntity
  8
0
100
AcDbCircle
 10
6.175000000000013
 20
4.775000000000217
 30
0.0
 40
0.1100000000000136
  0
CIRCLE
  5
1FB2
330
1B9A
100
AcDbEntity
  8
0
100
AcDbCircle
 10
6.525000000000202
 20
-3.274999999999747
 30
0.0
 40
0.1100000000000136
  0
CIRCLE
  5
1FB3
330
1B9A
100
AcDbEntity
  8
0
100
AcDbCircle
 10
6.525000000000202
 20
-3.624999999999843
 30
0.0
 40
0.1100000000000136
  0
CIRCLE
  5
1FB4
330
1B9A
100
AcDbEntity
  8
0
100
AcDbCircle
 10
6.525000000000202
 20
-3.974999999999693
 30
0.0
 40
0.1100000000000136
  0
CIRCLE
  5
1FB5
330
1B9A
100
AcDbEntity
  8
0
100
AcDbCircle
 10
6.525000000000202
 20
-4.324999999999944
 30
0.0
 40
0.1100000000000136
  0
CIRCLE
  5
1FB6
330
1B9A
100
AcDbEntity
  8
0
100
AcDbCircle
 10
6.525000000000202
 20
-4.674999999999825
 30
0.0
 40
0.1100000000000136
  0
CIRCLE
  5
1FB7
330
1B9A
100
AcDbEntity
  8
0
100
AcDbCircle
 10
6.525000000000202
 20
-5.024999999999749
 30
0.0
 40
0.1100000000000136
  0
CIRCLE
  5
1FB8
330
1B9A
100
AcDbEntity
  8
0
100
AcDbCircle
 10
6.525000000000202
 20
-5.374999999999872
 30
0.0
 40
0.1100000000000136
  0
CIRCLE
  5
1FB9
330
1B9A
100
AcDbEntity
  8
0
100
AcDbCircle
 10
6.525000000000202
 20
-5.724999999999693
 30
0.0
 40
0.1100000000000136
  0
CIRCLE
  5
1FBA
330
1B9A
100
AcDbEntity
  8
0
100
AcDbCircle
 10
6.175000000000013
 20
5.125000000000127
 30
0.0
 40
0.1100000000000136
  0
CIRCLE
  5
1FBB
330
1B9A
100
AcDbEntity
  8
0
100
AcDbCircle
 10
6.175000000000013
 20
5.475000000000221
 30
0.0
 40
0.1100000000000136
  0
CIRCLE
  5
1FBC
330
1B9A
100
AcDbEntity
  8
0
100
AcDbCircle
 10
6.175000000000013
 20
5.825000000000128
 30
0.0
 40
0.1100000000000136
  0
CIRCLE
  5
1FBD
330
1B9A
100
AcDbEntity
  8
0
100
AcDbCircle
 10
6.175000000000013
 20
6.175000000000037
 30
0.0
 40
0.1100000000000705
  0
CIRCLE
  5
1FBE
330
1B9A
100
AcDbEntity
  8
0
100
AcDbCircle
 10
6.525000000000202
 20
-6.074999999999832
 30
0.0
 40
0.1100000000000136
  0
CIRCLE
  5
1FBF
330
1B9A
100
AcDbEntity
  8
0
100
AcDbCircle
 10
6.525000000000202
 20
-6.424999999999824
 30
0.0
 40
0.1100000000000136
  0
CIRCLE
  5
1FC0
330
1B9A
100
AcDbEntity
  8
0
100
AcDbCircle
 10
6.525000000000202
 20
-6.774999999999692
 30
0.0
 40
0.1100000000000136
  0
CIRCLE
  5
1FC1
330
1B9A
100
AcDbEntity
  8
0
100
AcDbCircle
 10
6.175000000000013
 20
6.525000000000217
 30
0.0
 40
0.1100000000000705
  0
CIRCLE
  5
1FC2
330
1B9A
100
AcDbEntity
  8
0
100
AcDbCircle
 10
5.824999999999874
 20
4.775000000000217
 30
0.0
 40
0.1099999999999568
  0
CIRCLE
  5
1FC3
330
1B9A
100
AcDbEntity
  8
0
100
AcDbCircle
 10
5.824999999999874
 20
5.125000000000127
 30
0.0
 40
0.1099999999999568
  0
CIRCLE
  5
1FC4
330
1B9A
100
AcDbEntity
  8
0
100
AcDbCircle
 10
5.824999999999874
 20
5.475000000000221
 30
0.0
 40
0.1099999999999568
  0
CIRCLE
  5
1FC5
330
1B9A
100
AcDbEntity
  8
0
100
AcDbCircle
 10
5.824999999999874
 20
5.825000000000128
 30
0.0
 40
0.1099999999999568
  0
CIRCLE
  5
1FC6
330
1B9A
100
AcDbEntity
  8
0
100
AcDbCircle
 10
5.824999999999874
 20
6.175000000000037
 30
0.0
 40
0.1100000000000136
  0
CIRCLE
  5
1FC7
330
1B9A
100
AcDbEntity
  8
0
100
AcDbCircle
 10
5.824999999999874
 20
6.525000000000217
 30
0.0
 40
0.1100000000000136
  0
CIRCLE
  5
1FC8
330
1B9A
100
AcDbEntity
  8
0
100
AcDbCircle
 10
6.175000000000236
 20
-6.774999999999692
 30
0.0
 40
0.1100000000000136
  0
CIRCLE
  5
1FC9
330
1B9A
100
AcDbEntity
  8
0
100
AcDbCircle
 10
6.175000000000236
 20
-6.424999999999824
 30
0.0
 40
0.1100000000000136
  0
CIRCLE
  5
1FCA
330
1B9A
100
AcDbEntity
  8
0
100
AcDbCircle
 10
5.824999999999874
 20
4.425000000000125
 30
0.0
 40
0.1099999999999568
  0
CIRCLE
  5
1FCB
330
1B9A
100
AcDbEntity
  8
0
100
AcDbCircle
 10
5.824999999999874
 20
4.075000000000031
 30
0.0
 40
0.1099999999999568
  0
CIRCLE
  5
1FCC
330
1B9A
100
AcDbEntity
  8
0
100
AcDbCircle
 10
5.824999999999874
 20
3.725000000000221
 30
0.0
 40
0.1099999999999568
  0
CIRCLE
  5
1FCD
330
1B9A
100
AcDbEntity
  8
0
100
AcDbCircle
 10
5.824999999999874
 20
3.375000000000127
 30
0.0
 40
0.1099999999999568
  0
CIRCLE
  5
1FCE
330
1B9A
100
AcDbEntity
  8
0
100
AcDbCircle
 10
5.824999999999874
 20
3.025000000000217
 30
0.0
 40
0.1099999999999568
  0
CIRCLE
  5
1FCF
330
1B9A
100
AcDbEntity
  8
0
100
AcDbCircle
 10
5.824999999999874
 20
2.675000000000038
 30
0.0
 40
0.1099999999999568
  0
CIRCLE
  5
1FD0
330
1B9A
100
AcDbEntity
  8
0
100
AcDbCircle
 10
5.824999999999874
 20
2.325000000000128
 30
0.0
 40
0.1099999999999568
  0
CIRCLE
  5
1FD1
330
1B9A
100
AcDbEntity
  8
0
100
AcDbCircle
 10
5.824999999999874
 20
1.975000000000219
 30
0.0
 40
0.1099999999999568
  0
CIRCLE
  5
1FD2
330
1B9A
100
AcDbEntity
  8
0
100
AcDbCircle
 10
6.175000000000236
 20
-6.074999999999832
 30
0.0
 40
0.1100000000000136
  0
CIRCLE
  5
1FD3
330
1B9A
100
AcDbEntity
  8
0
100
AcDbCircle
 10
6.175000000000236
 20
-5.724999999999693
 30
0.0
 40
0.1100000000000136
  0
CIRCLE
  5
1FD4
330
1B9A
100
AcDbEntity
  8
0
100
AcDbCircle
 10
6.175000000000236
 20
-5.374999999999872
 30
0.0
 40
0.1100000000000136
  0
CIRCLE
  5
1FD5
330
1B9A
100
AcDbEntity
  8
0
100
AcDbCircle
 10
6.175000000000236
 20
-5.024999999999749
 30
0.0
 40
0.1100000000000136
  0
CIRCLE
  5
1FD6
330
1B9A
100
AcDbEntity
  8
0
100
AcDbCircle
 10
6.175000000000236
 20
-4.674999999999825
 30
0.0
 40
0.1100000000000705
  0
CIRCLE
  5
1FD7
330
1B9A
100
AcDbEntity
  8
0
100
AcDbCircle
 10
6.175000000000013
 20
-4.324999999999944
 30
0.0
 40
0.1100000000000136
  0
CIRCLE
  5
1FD8
330
1B9A
100
AcDbEntity
  8
0
100
AcDbCircle
 10
6.175000000000013
 20
-3.974999999999693
 30
0.0
 40
0.1100000000000136
  0
CIRCLE
  5
1FD9
330
1B9A
100
AcDbEntity
  8
0
100
AcDbCircle
 10
6.175000000000013
 20
-3.624999999999843
 30
0.0
 40
0.1100000000000136
  0
CIRCLE
  5
1FDA
330
1B9A
100
AcDbEntity
  8
0
100
AcDbCircle
 10
6.175000000000013
 20
-3.274999999999747
 30
0.0
 40
0.1100000000000136
  0
CIRCLE
  5
1FDB
330
1B9A
100
AcDbEntity
  8
0
100
AcDbCircle
 10
6.175000000000013
 20
-2.924999999999868
 30
0.0
 40
0.1100000000000136
  0
CIRCLE
  5
1FDC
330
1B9A
100
AcDbEntity
  8
0
100
AcDbCircle
 10
6.175000000000013
 20
-2.574999999999943
 30
0.0
 40
0.1100000000000136
  0
CIRCLE
  5
1FDD
330
1B9A
100
AcDbEntity
  8
0
100
AcDbCircle
 10
6.175000000000013
 20
-2.22499999999975
 30
0.0
 40
0.1100000000000136
  0
CIRCLE
  5
1FDE
330
1B9A
100
AcDbEntity
  8
0
100
AcDbCircle
 10
6.175000000000013
 20
-1.874999999999871
 30
0.0
 40
0.1100000000000136
  0
CIRCLE
  5
1FDF
330
1B9A
100
AcDbEntity
  8
0
100
AcDbCircle
 10
6.175000000000013
 20
-1.524999999999749
 30
0.0
 40
0.1100000000000136
  0
CIRCLE
  5
1FE0
330
1B9A
100
AcDbEntity
  8
0
100
AcDbCircle
 10
6.175000000000013
 20
-1.174999999999869
 30
0.0
 40
0.1100000000000136
  0
CIRCLE
  5
1FE1
330
1B9A
100
AcDbEntity
  8
0
100
AcDbCircle
 10
6.175000000000013
 20
-0.8249999999998749
 30
0.0
 40
0.1100000000000136
  0
CIRCLE
  5
1FE2
330
1B9A
100
AcDbEntity
  8
0
100
AcDbCircle
 10
6.875
 20
5.825000000000128
 30
0.0
 40
0.1100000000000136
  0
CIRCLE
  5
1FE3
330
1B9A
100
AcDbEntity
  8
0
100
AcDbCircle
 10
6.875
 20
5.125000000000127
 30
0.0
 40
0.1100000000000136
  0
CIRCLE
  5
1FE4
330
1B9A
100
AcDbEntity
  8
0
100
AcDbCircle
 10
6.875
 20
4.775000000000217
 30
0.0
 40
0.1100000000000136
  0
CIRCLE
  5
1FE5
330
1B9A
100
AcDbEntity
  8
0
100
AcDbCircle
 10
6.875
 20
4.425000000000125
 30
0.0
 40
0.1100000000000136
  0
CIRCLE
  5
1FE6
330
1B9A
100
AcDbEntity
  8
0
100
AcDbCircle
 10
6.875
 20
4.075000000000128
 30
0.0
 40
0.1100000000000136
  0
CIRCLE
  5
1FE7
330
1B9A
100
AcDbEntity
  8
0
100
AcDbCircle
 10
6.875
 20
3.725000000000221
 30
0.0
 40
0.1100000000000136
  0
CIRCLE
  5
1FE8
330
1B9A
100
AcDbEntity
  8
0
100
AcDbCircle
 10
6.875
 20
3.375000000000127
 30
0.0
 40
0.1100000000000136
  0
CIRCLE
  5
1FE9
330
1B9A
100
AcDbEntity
  8
0
100
AcDbCircle
 10
6.875
 20
3.025000000000217
 30
0.0
 40
0.1100000000000136
  0
CIRCLE
  5
1FEA
330
1B9A
100
AcDbEntity
  8
0
100
AcDbCircle
 10
6.875
 20
2.675000000000038
 30
0.0
 40
0.1100000000000136
  0
CIRCLE
  5
1FEB
330
1B9A
100
AcDbEntity
  8
0
100
AcDbCircle
 10
6.875
 20
2.325000000000128
 30
0.0
 40
0.1100000000000136
  0
CIRCLE
  5
1FEC
330
1B9A
100
AcDbEntity
  8
0
100
AcDbCircle
 10
6.875
 20
1.975000000000219
 30
0.0
 40
0.1100000000000136
  0
CIRCLE
  5
1FED
330
1B9A
100
AcDbEntity
  8
0
100
AcDbCircle
 10
6.875
 20
1.625000000000127
 30
0.0
 40
0.1100000000000136
  0
CIRCLE
  5
1FEE
330
1B9A
100
AcDbEntity
  8
0
100
AcDbCircle
 10
6.875
 20
1.275000000000217
 30
0.0
 40
0.1100000000000136
  0
CIRCLE
  5
1FEF
330
1B9A
100
AcDbEntity
  8
0
100
AcDbCircle
 10
6.875
 20
0.9250000000000396
 30
0.0
 40
0.1100000000000705
  0
CIRCLE
  5
1FF0
330
1B9A
100
AcDbEntity
  8
0
100
AcDbCircle
 10
6.875
 20
0.5750000000001309
 30
0.0
 40
0.1100000000000705
  0
CIRCLE
  5
1FF1
330
1B9A
100
AcDbEntity
  8
0
100
AcDbCircle
 10
6.875
 20
0.2250000000002217
 30
0.0
 40
0.1100000000000136
  0
CIRCLE
  5
1FF2
330
1B9A
100
AcDbEntity
  8
0
100
AcDbCircle
 10
6.875
 20
-0.1249999999998721
 30
0.0
 40
0.1100000000000136
  0
CIRCLE
  5
1FF3
330
1B9A
100
AcDbEntity
  8
0
100
AcDbCircle
 10
6.875
 20
-0.4749999999997814
 30
0.0
 40
0.1100000000000136
  0
CIRCLE
  5
1FF4
330
1B9A
100
AcDbEntity
  8
0
100
AcDbCircle
 10
6.875
 20
-0.8249999999998749
 30
0.0
 40
0.1100000000000136
  0
CIRCLE
  5
1FF5
330
1B9A
100
AcDbEntity
  8
0
100
AcDbCircle
 10
6.875
 20
-1.174999999999869
 30
0.0
 40
0.1100000000000136
  0
CIRCLE
  5
1FF6
330
1B9A
100
AcDbEntity
  8
0
100
AcDbCircle
 10
6.875
 20
-1.524999999999693
 30
0.0
 40
0.1100000000000136
  0
CIRCLE
  5
1FF7
330
1B9A
100
AcDbEntity
  8
0
100
AcDbCircle
 10
6.875
 20
-1.874999999999829
 30
0.0
 40
0.1100000000000136
  0
CIRCLE
  5
1FF8
330
1B9A
100
AcDbEntity
  8
0
100
AcDbCircle
 10
6.875
 20
-2.224999999999694
 30
0.0
 40
0.1100000000000136
  0
CIRCLE
  5
1FF9
330
1B9A
100
AcDbEntity
  8
0
100
AcDbCircle
 10
6.875
 20
-2.574999999999931
 30
0.0
 40
0.1100000000000136
  0
CIRCLE
  5
1FFA
330
1B9A
100
AcDbEntity
  8
0
100
AcDbCircle
 10
6.875
 20
-2.924999999999868
 30
0.0
 40
0.1100000000000136
  0
CIRCLE
  5
1FFB
330
1B9A
100
AcDbEntity
  8
0
100
AcDbCircle
 10
6.875
 20
-3.274999999999747
 30
0.0
 40
0.1100000000000136
  0
CIRCLE
  5
1FFC
330
1B9A
100
AcDbEntity
  8
0
100
AcDbCircle
 10
6.875
 20
-3.624999999999843
 30
0.0
 40
0.1100000000000136
  0
CIRCLE
  5
1FFD
330
1B9A
100
AcDbEntity
  8
0
100
AcDbCircle
 10
6.875
 20
-3.974999999999693
 30
0.0
 40
0.1100000000000136
  0
CIRCLE
  5
1FFE
330
1B9A
100
AcDbEntity
  8
0
100
AcDbCircle
 10
6.875
 20
-4.324999999999944
 30
0.0
 40
0.1100000000000136
  0
CIRCLE
  5
1FFF
330
1B9A
100
AcDbEntity
  8
0
100
AcDbCircle
 10
6.875
 20
-4.674999999999825
 30
0.0
 40
0.1100000000000136
  0
CIRCLE
  5
2000
330
1B9A
100
AcDbEntity
  8
0
100
AcDbCircle
 10
6.875
 20
-5.024999999999749
 30
0.0
 40
0.1100000000000136
  0
CIRCLE
  5
2001
330
1B9A
100
AcDbEntity
  8
0
100
AcDbCircle
 10
6.875
 20
-5.374999999999872
 30
0.0
 40
0.1100000000000136
  0
CIRCLE
  5
2002
330
1B9A
100
AcDbEntity
  8
0
100
AcDbCircle
 10
6.525000000000202
 20
-2.924999999999868
 30
0.0
 40
0.1100000000000136
  0
CIRCLE
  5
2003
330
1B9A
100
AcDbEntity
  8
0
100
AcDbCircle
 10
6.525000000000202
 20
-2.574999999999931
 30
0.0
 40
0.1100000000000136
  0
CIRCLE
  5
2004
330
1B9A
100
AcDbEntity
  8
0
100
AcDbCircle
 10
6.525000000000202
 20
-2.224999999999694
 30
0.0
 40
0.1100000000000136
  0
CIRCLE
  5
2005
330
1B9A
100
AcDbEntity
  8
0
100
AcDbCircle
 10
6.525000000000202
 20
-1.874999999999829
 30
0.0
 40
0.1100000000000136
  0
CIRCLE
  5
2006
330
1B9A
100
AcDbEntity
  8
0
100
AcDbCircle
 10
6.525000000000202
 20
-1.524999999999693
 30
0.0
 40
0.1100000000000136
  0
CIRCLE
  5
2007
330
1B9A
100
AcDbEntity
  8
0
100
AcDbCircle
 10
6.525000000000202
 20
-1.174999999999869
 30
0.0
 40
0.1100000000000136
  0
CIRCLE
  5
2008
330
1B9A
100
AcDbEntity
  8
0
100
AcDbCircle
 10
6.525000000000202
 20
-0.8249999999998749
 30
0.0
 40
0.1100000000000136
  0
CIRCLE
  5
2009
330
1B9A
100
AcDbEntity
  8
0
100
AcDbCircle
 10
6.525000000000202
 20
-0.4749999999997814
 30
0.0
 40
0.1100000000000136
  0
CIRCLE
  5
200A
330
1B9A
100
AcDbEntity
  8
0
100
AcDbCircle
 10
6.525000000000202
 20
-0.1249999999998721
 30
0.0
 40
0.1100000000000136
  0
CIRCLE
  5
200B
330
1B9A
100
AcDbEntity
  8
0
100
AcDbCircle
 10
6.525000000000202
 20
0.2250000000002217
 30
0.0
 40
0.1100000000000136
  0
CIRCLE
  5
200C
330
1B9A
100
AcDbEntity
  8
0
100
AcDbCircle
 10
6.525000000000202
 20
0.5750000000001309
 30
0.0
 40
0.1100000000000705
  0
CIRCLE
  5
200D
330
1B9A
100
AcDbEntity
  8
0
100
AcDbCircle
 10
6.525000000000202
 20
0.9250000000000396
 30
0.0
 40
0.1100000000000705
  0
CIRCLE
  5
200E
330
1B9A
100
AcDbEntity
  8
0
100
AcDbCircle
 10
6.525000000000089
 20
1.275000000000217
 30
0.0
 40
0.1100000000000136
  0
CIRCLE
  5
200F
330
1B9A
100
AcDbEntity
  8
0
100
AcDbCircle
 10
6.525000000000089
 20
1.625000000000127
 30
0.0
 40
0.1100000000000136
  0
CIRCLE
  5
2010
330
1B9A
100
AcDbEntity
  8
0
100
AcDbCircle
 10
6.525000000000089
 20
1.975000000000219
 30
0.0
 40
0.1100000000000136
  0
CIRCLE
  5
2011
330
1B9A
100
AcDbEntity
  8
0
100
AcDbCircle
 10
6.525000000000089
 20
2.325000000000128
 30
0.0
 40
0.1100000000000136
  0
CIRCLE
  5
2012
330
1B9A
100
AcDbEntity
  8
0
100
AcDbCircle
 10
6.875
 20
-5.724999999999693
 30
0.0
 40
0.1100000000000136
  0
CIRCLE
  5
2013
330
1B9A
100
AcDbEntity
  8
0
100
AcDbCircle
 10
6.875
 20
-6.074999999999832
 30
0.0
 40
0.1100000000000136
  0
CIRCLE
  5
2014
330
1B9A
100
AcDbEntity
  8
0
100
AcDbCircle
 10
6.875
 20
-6.424999999999824
 30
0.0
 40
0.1100000000000136
  0
CIRCLE
  5
2015
330
1B9A
100
AcDbEntity
  8
0
100
AcDbCircle
 10
6.875
 20
-6.774999999999692
 30
0.0
 40
0.1100000000000136
  0
CIRCLE
  5
2016
330
1B9A
100
AcDbEntity
  8
0
100
AcDbCircle
 10
6.525000000000089
 20
6.525000000000217
 30
0.0
 40
0.1099999999999568
  0
CIRCLE
  5
2017
330
1B9A
100
AcDbEntity
  8
0
100
AcDbCircle
 10
6.525000000000089
 20
6.175000000000037
 30
0.0
 40
0.1099999999999568
  0
CIRCLE
  5
2018
330
1B9A
100
AcDbEntity
  8
0
100
AcDbCircle
 10
6.525000000000089
 20
5.825000000000128
 30
0.0
 40
0.1100000000000136
  0
CIRCLE
  5
2019
330
1B9A
100
AcDbEntity
  8
0
100
AcDbCircle
 10
6.525000000000089
 20
5.475000000000221
 30
0.0
 40
0.1100000000000136
  0
CIRCLE
  5
201A
330
1B9A
100
AcDbEntity
  8
0
100
AcDbCircle
 10
6.525000000000089
 20
5.125000000000127
 30
0.0
 40
0.1100000000000136
  0
CIRCLE
  5
201B
330
1B9A
100
AcDbEntity
  8
0
100
AcDbCircle
 10
6.525000000000089
 20
4.775000000000217
 30
0.0
 40
0.1100000000000136
  0
CIRCLE
  5
201C
330
1B9A
100
AcDbEntity
  8
0
100
AcDbCircle
 10
6.525000000000089
 20
4.425000000000125
 30
0.0
 40
0.1100000000000136
  0
CIRCLE
  5
201D
330
1B9A
100
AcDbEntity
  8
0
100
AcDbCircle
 10
6.525000000000089
 20
4.075000000000128
 30
0.0
 40
0.1100000000000136
  0
CIRCLE
  5
201E
330
1B9A
100
AcDbEntity
  8
0
100
AcDbCircle
 10
6.525000000000089
 20
3.725000000000221
 30
0.0
 40
0.1100000000000136
  0
CIRCLE
  5
201F
330
1B9A
100
AcDbEntity
  8
0
100
AcDbCircle
 10
6.525000000000089
 20
3.375000000000127
 30
0.0
 40
0.1100000000000136
  0
CIRCLE
  5
2020
330
1B9A
100
AcDbEntity
  8
0
100
AcDbCircle
 10
6.525000000000089
 20
3.025000000000217
 30
0.0
 40
0.1100000000000136
  0
CIRCLE
  5
2021
330
1B9A
100
AcDbEntity
  8
0
100
AcDbCircle
 10
6.525000000000089
 20
2.675000000000038
 30
0.0
 40
0.1100000000000136
  0
CIRCLE
  5
2022
330
1B9A
100
AcDbEntity
  8
0
100
AcDbCircle
 10
5.474999999999909
 20
-6.774999999999747
 30
0.0
 40
0.1099999999999568
  0
CIRCLE
  5
2023
330
1B9A
100
AcDbEntity
  8
0
100
AcDbCircle
 10
5.474999999999909
 20
-6.424999999999869
 30
0.0
 40
0.1099999999999568
  0
CIRCLE
  5
2024
330
1B9A
100
AcDbEntity
  8
0
100
AcDbCircle
 10
5.474999999999909
 20
-6.074999999999874
 30
0.0
 40
0.1099999999999568
  0
CIRCLE
  5
2025
330
1B9A
100
AcDbEntity
  8
0
100
AcDbCircle
 10
5.474999999999909
 20
-5.724999999999753
 30
0.0
 40
0.1099999999999568
  0
CIRCLE
  5
2026
330
1B9A
100
AcDbEntity
  8
0
100
AcDbCircle
 10
5.474999999999909
 20
-5.374999999999872
 30
0.0
 40
0.1099999999999568
  0
CIRCLE
  5
2027
330
1B9A
100
AcDbEntity
  8
0
100
AcDbCircle
 10
5.474999999999909
 20
-5.024999999999778
 30
0.0
 40
0.1099999999999568
  0
CIRCLE
  5
2028
330
1B9A
100
AcDbEntity
  8
0
100
AcDbCircle
 10
5.474999999999909
 20
-4.674999999999869
 30
0.0
 40
0.1099999999998999
  0
CIRCLE
  5
2029
330
1B9A
100
AcDbEntity
  8
0
100
AcDbCircle
 10
5.474999999999909
 20
-4.324999999999944
 30
0.0
 40
0.1099999999999568
  0
CIRCLE
  5
202A
330
1B9A
100
AcDbEntity
  8
0
100
AcDbCircle
 10
5.474999999999909
 20
-3.974999999999751
 30
0.0
 40
0.1099999999999568
  0
CIRCLE
  5
202B
330
1B9A
100
AcDbEntity
  8
0
100
AcDbCircle
 10
5.474999999999909
 20
-3.624999999999871
 30
0.0
 40
0.1099999999999568
  0
CIRCLE
  5
202C
330
1B9A
100
AcDbEntity
  8
0
100
AcDbCircle
 10
5.474999999999909
 20
-3.274999999999747
 30
0.0
 40
0.1099999999999568
  0
CIRCLE
  5
202D
330
1B9A
100
AcDbEntity
  8
0
100
AcDbCircle
 10
5.474999999999909
 20
-2.924999999999868
 30
0.0
 40
0.1099999999999568
  0
CIRCLE
  5
202E
330
1B9A
100
AcDbEntity
  8
0
100
AcDbCircle
 10
5.474999999999909
 20
-2.57499999999996
 30
0.0
 40
0.1099999999999568
  0
CIRCLE
  5
202F
330
1B9A
100
AcDbEntity
  8
0
100
AcDbCircle
 10
5.474999999999909
 20
-2.22499999999975
 30
0.0
 40
0.1099999999999568
  0
CIRCLE
  5
2030
330
1B9A
100
AcDbEntity
  8
0
100
AcDbCircle
 10
5.474999999999909
 20
-1.874999999999871
 30
0.0
 40
0.1099999999999568
  0
CIRCLE
  5
2031
330
1B9A
100
AcDbEntity
  8
0
100
AcDbCircle
 10
5.474999999999909
 20
-1.524999999999776
 30
0.0
 40
0.1099999999999568
  0
CIRCLE
  5
2032
330
1B9A
100
AcDbEntity
  8
0
100
AcDbCircle
 10
5.474999999999909
 20
-1.174999999999883
 30
0.0
 40
0.1099999999999568
  0
CIRCLE
  5
2033
330
1B9A
100
AcDbEntity
  8
0
100
AcDbCircle
 10
5.474999999999909
 20
-0.8249999999998749
 30
0.0
 40
0.1099999999999568
  0
CIRCLE
  5
2034
330
1B9A
100
AcDbEntity
  8
0
100
AcDbCircle
 10
5.474999999999909
 20
-0.4749999999997814
 30
0.0
 40
0.1099999999999568
  0
CIRCLE
  5
2035
330
1B9A
100
AcDbEntity
  8
0
100
AcDbCircle
 10
5.474999999999909
 20
-0.1249999999998721
 30
0.0
 40
0.1099999999999568
  0
CIRCLE
  5
2036
330
1B9A
100
AcDbEntity
  8
0
100
AcDbCircle
 10
5.474999999999909
 20
0.2250000000002217
 30
0.0
 40
0.1100000000000136
  0
CIRCLE
  5
2037
330
1B9A
100
AcDbEntity
  8
0
100
AcDbCircle
 10
5.474999999999909
 20
0.5750000000001309
 30
0.0
 40
0.1100000000000136
  0
CIRCLE
  5
2038
330
1B9A
100
AcDbEntity
  8
0
100
AcDbCircle
 10
5.474999999999909
 20
0.9250000000000396
 30
0.0
 40
0.1100000000000136
  0
CIRCLE
  5
2039
330
1B9A
100
AcDbEntity
  8
0
100
AcDbCircle
 10
5.474999999999909
 20
1.275000000000217
 30
0.0
 40
0.1099999999999568
  0
CIRCLE
  5
203A
330
1B9A
100
AcDbEntity
  8
0
100
AcDbCircle
 10
5.474999999999909
 20
1.625000000000127
 30
0.0
 40
0.1099999999999568
  0
CIRCLE
  5
203B
330
1B9A
100
AcDbEntity
  8
0
100
AcDbCircle
 10
5.474999999999909
 20
1.975000000000219
 30
0.0
 40
0.1099999999999568
  0
CIRCLE
  5
203C
330
1B9A
100
AcDbEntity
  8
0
100
AcDbCircle
 10
5.474999999999909
 20
2.325000000000128
 30
0.0
 40
0.1099999999999568
  0
CIRCLE
  5
203D
330
1B9A
100
AcDbEntity
  8
0
100
AcDbCircle
 10
5.474999999999909
 20
2.675000000000038
 30
0.0
 40
0.1099999999999568
  0
CIRCLE
  5
203E
330
1B9A
100
AcDbEntity
  8
0
100
AcDbCircle
 10
5.474999999999909
 20
3.025000000000217
 30
0.0
 40
0.1099999999999568
  0
CIRCLE
  5
203F
330
1B9A
100
AcDbEntity
  8
0
100
AcDbCircle
 10
5.474999999999909
 20
3.375000000000127
 30
0.0
 40
0.1099999999999568
  0
CIRCLE
  5
2040
330
1B9A
100
AcDbEntity
  8
0
100
AcDbCircle
 10
5.474999999999909
 20
3.725000000000221
 30
0.0
 40
0.1099999999999568
  0
CIRCLE
  5
2041
330
1B9A
100
AcDbEntity
  8
0
100
AcDbCircle
 10
5.474999999999909
 20
4.075000000000031
 30
0.0
 40
0.1099999999999568
  0
CIRCLE
  5
2042
330
1B9A
100
AcDbEntity
  8
0
100
AcDbCircle
 10
5.824999999999874
 20
1.625000000000127
 30
0.0
 40
0.1099999999999568
  0
CIRCLE
  5
2043
330
1B9A
100
AcDbEntity
  8
0
100
AcDbCircle
 10
5.824999999999874
 20
1.275000000000217
 30
0.0
 40
0.1099999999999568
  0
CIRCLE
  5
2044
330
1B9A
100
AcDbEntity
  8
0
100
AcDbCircle
 10
5.824999999999874
 20
0.9250000000000396
 30
0.0
 40
0.1099999999998999
  0
CIRCLE
  5
2045
330
1B9A
100
AcDbEntity
  8
0
100
AcDbCircle
 10
5.824999999999874
 20
0.5750000000001309
 30
0.0
 40
0.1099999999998999
  0
CIRCLE
  5
2046
330
1B9A
100
AcDbEntity
  8
0
100
AcDbCircle
 10
5.824999999999874
 20
0.2250000000002217
 30
0.0
 40
0.1099999999998999
  0
CIRCLE
  5
2047
330
1B9A
100
AcDbEntity
  8
0
100
AcDbCircle
 10
5.824999999999874
 20
-0.1249999999998721
 30
0.0
 40
0.1099999999999568
  0
CIRCLE
  5
2048
330
1B9A
100
AcDbEntity
  8
0
100
AcDbCircle
 10
5.824999999999874
 20
-0.4749999999997814
 30
0.0
 40
0.1099999999999568
  0
CIRCLE
  5
2049
330
1B9A
100
AcDbEntity
  8
0
100
AcDbCircle
 10
5.824999999999874
 20
-0.8249999999998749
 30
0.0
 40
0.1099999999999568
  0
CIRCLE
  5
204A
330
1B9A
100
AcDbEntity
  8
0
100
AcDbCircle
 10
5.824999999999874
 20
-1.174999999999883
 30
0.0
 40
0.1099999999999568
  0
CIRCLE
  5
204B
330
1B9A
100
AcDbEntity
  8
0
100
AcDbCircle
 10
5.824999999999874
 20
-1.524999999999776
 30
0.0
 40
0.1099999999999568
  0
CIRCLE
  5
204C
330
1B9A
100
AcDbEntity
  8
0
100
AcDbCircle
 10
5.824999999999874
 20
-1.874999999999871
 30
0.0
 40
0.1099999999999568
  0
CIRCLE
  5
204D
330
1B9A
100
AcDbEntity
  8
0
100
AcDbCircle
 10
5.824999999999874
 20
-2.22499999999975
 30
0.0
 40
0.1099999999999568
  0
CIRCLE
  5
204E
330
1B9A
100
AcDbEntity
  8
0
100
AcDbCircle
 10
5.824999999999874
 20
-2.57499999999996
 30
0.0
 40
0.1099999999999568
  0
CIRCLE
  5
204F
330
1B9A
100
AcDbEntity
  8
0
100
AcDbCircle
 10
5.824999999999874
 20
-2.924999999999868
 30
0.0
 40
0.1099999999999568
  0
CIRCLE
  5
2050
330
1B9A
100
AcDbEntity
  8
0
100
AcDbCircle
 10
5.824999999999874
 20
-3.274999999999747
 30
0.0
 40
0.1099999999999568
  0
CIRCLE
  5
2051
330
1B9A
100
AcDbEntity
  8
0
100
AcDbCircle
 10
5.824999999999874
 20
-3.624999999999871
 30
0.0
 40
0.1099999999999568
  0
CIRCLE
  5
2052
330
1B9A
100
AcDbEntity
  8
0
100
AcDbCircle
 10
5.474999999999909
 20
5.825000000000128
 30
0.0
 40
0.1099999999999568
  0
CIRCLE
  5
2053
330
1B9A
100
AcDbEntity
  8
0
100
AcDbCircle
 10
5.474999999999851
 20
6.175000000000037
 30
0.0
 40
0.1099999999998999
  0
CIRCLE
  5
2054
330
1B9A
100
AcDbEntity
  8
0
100
AcDbCircle
 10
5.474999999999851
 20
6.525000000000217
 30
0.0
 40
0.1099999999998999
  0
CIRCLE
  5
2055
330
1B9A
100
AcDbEntity
  8
0
100
AcDbCircle
 10
5.824999999999874
 20
-6.774999999999747
 30
0.0
 40
0.1100000000000136
  0
CIRCLE
  5
2056
330
1B9A
100
AcDbEntity
  8
0
100
AcDbCircle
 10
5.474999999999909
 20
5.475000000000221
 30
0.0
 40
0.1099999999999568
  0
CIRCLE
  5
2057
330
1B9A
100
AcDbEntity
  8
0
100
AcDbCircle
 10
5.474999999999909
 20
5.125000000000127
 30
0.0
 40
0.1099999999999568
  0
CIRCLE
  5
2058
330
1B9A
100
AcDbEntity
  8
0
100
AcDbCircle
 10
5.474999999999909
 20
4.775000000000217
 30
0.0
 40
0.1099999999999568
  0
CIRCLE
  5
2059
330
1B9A
100
AcDbEntity
  8
0
100
AcDbCircle
 10
5.474999999999909
 20
4.425000000000125
 30
0.0
 40
0.1099999999999568
  0
CIRCLE
  5
205A
330
1B9A
100
AcDbEntity
  8
0
100
AcDbCircle
 10
5.824999999999874
 20
-6.424999999999869
 30
0.0
 40
0.1100000000000136
  0
CIRCLE
  5
205B
330
1B9A
100
AcDbEntity
  8
0
100
AcDbCircle
 10
5.824999999999874
 20
-6.074999999999874
 30
0.0
 40
0.1100000000000136
  0
CIRCLE
  5
205C
330
1B9A
100
AcDbEntity
  8
0
100
AcDbCircle
 10
5.824999999999874
 20
-5.724999999999753
 30
0.0
 40
0.1100000000000136
  0
CIRCLE
  5
205D
330
1B9A
100
AcDbEntity
  8
0
100
AcDbCircle
 10
5.824999999999874
 20
-5.374999999999872
 30
0.0
 40
0.1100000000000136
  0
CIRCLE
  5
205E
330
1B9A
100
AcDbEntity
  8
0
100
AcDbCircle
 10
5.824999999999874
 20
-5.024999999999778
 30
0.0
 40
0.1100000000000136
  0
CIRCLE
  5
205F
330
1B9A
100
AcDbEntity
  8
0
100
AcDbCircle
 10
5.824999999999874
 20
-4.674999999999869
 30
0.0
 40
0.1100000000000136
  0
CIRCLE
  5
2060
330
1B9A
100
AcDbEntity
  8
0
100
AcDbCircle
 10
5.824999999999874
 20
-4.324999999999944
 30
0.0
 40
0.1099999999999568
  0
CIRCLE
  5
2061
330
1B9A
100
AcDbEntity
  8
0
100
AcDbCircle
 10
5.824999999999874
 20
-3.974999999999751
 30
0.0
 40
0.1099999999999568
  0
CIRCLE
  5
2062
330
1B9A
100
AcDbEntity
  8
0
100
AcDbCircle
 10
4.77500000000009
 20
0.2250000000002217
 30
0.0
 40
0.1099999999998999
  0
CIRCLE
  5
2063
330
1B9A
100
AcDbEntity
  8
0
100
AcDbCircle
 10
4.77500000000009
 20
1.275000000000217
 30
0.0
 40
0.1099999999999568
  0
CIRCLE
  5
2064
330
1B9A
100
AcDbEntity
  8
0
100
AcDbCircle
 10
4.77500000000009
 20
1.625000000000127
 30
0.0
 40
0.1099999999999568
  0
CIRCLE
  5
2065
330
1B9A
100
AcDbEntity
  8
0
100
AcDbCircle
 10
4.77500000000009
 20
1.975000000000219
 30
0.0
 40
0.1099999999999568
  0
CIRCLE
  5
2066
330
1B9A
100
AcDbEntity
  8
0
100
AcDbCircle
 10
4.77500000000009
 20
2.325000000000128
 30
0.0
 40
0.1099999999999568
  0
CIRCLE
  5
2067
330
1B9A
100
AcDbEntity
  8
0
100
AcDbCircle
 10
4.77500000000009
 20
3.375000000000127
 30
0.0
 40
0.1099999999999568
  0
CIRCLE
  5
2068
330
1B9A
100
AcDbEntity
  8
0
100
AcDbCircle
 10
4.77500000000009
 20
4.075000000000031
 30
0.0
 40
0.1099999999999568
  0
CIRCLE
  5
2069
330
1B9A
100
AcDbEntity
  8
0
100
AcDbCircle
 10
4.77500000000009
 20
4.775000000000217
 30
0.0
 40
0.1099999999999568
  0
CIRCLE
  5
206A
330
1B9A
100
AcDbEntity
  8
0
100
AcDbCircle
 10
4.77500000000009
 20
6.525000000000217
 30
0.0
 40
0.1100000000000136
  0
CIRCLE
  5
206B
330
1B9A
100
AcDbEntity
  8
0
100
AcDbCircle
 10
5.125
 20
-6.774999999999747
 30
0.0
 40
0.1099999999999568
  0
CIRCLE
  5
206C
330
1B9A
100
AcDbEntity
  8
0
100
AcDbCircle
 10
5.125
 20
-6.424999999999869
 30
0.0
 40
0.1099999999999568
  0
CIRCLE
  5
206D
330
1B9A
100
AcDbEntity
  8
0
100
AcDbCircle
 10
5.125
 20
-6.074999999999874
 30
0.0
 40
0.1099999999999568
  0
CIRCLE
  5
206E
330
1B9A
100
AcDbEntity
  8
0
100
AcDbCircle
 10
4.77500000000009
 20
6.175000000000037
 30
0.0
 40
0.1100000000000136
  0
CIRCLE
  5
206F
330
1B9A
100
AcDbEntity
  8
0
100
AcDbCircle
 10
4.77500000000009
 20
5.825000000000128
 30
0.0
 40
0.1099999999999568
  0
CIRCLE
  5
2070
330
1B9A
100
AcDbEntity
  8
0
100
AcDbCircle
 10
4.77500000000009
 20
5.475000000000221
 30
0.0
 40
0.1099999999999568
  0
CIRCLE
  5
2071
330
1B9A
100
AcDbEntity
  8
0
100
AcDbCircle
 10
4.77500000000009
 20
5.125000000000127
 30
0.0
 40
0.1099999999999568
  0
CIRCLE
  5
2072
330
1B9A
100
AcDbEntity
  8
0
100
AcDbCircle
 10
4.775000000000202
 20
-0.1249999999998721
 30
0.0
 40
0.1099999999999568
  0
CIRCLE
  5
2073
330
1B9A
100
AcDbEntity
  8
0
100
AcDbCircle
 10
4.775000000000202
 20
-0.4749999999997814
 30
0.0
 40
0.1099999999999568
  0
CIRCLE
  5
2074
330
1B9A
100
AcDbEntity
  8
0
100
AcDbCircle
 10
4.775000000000202
 20
-0.8249999999998749
 30
0.0
 40
0.1099999999999568
  0
CIRCLE
  5
2075
330
1B9A
100
AcDbEntity
  8
0
100
AcDbCircle
 10
4.775000000000202
 20
-1.174999999999883
 30
0.0
 40
0.1099999999999568
  0
CIRCLE
  5
2076
330
1B9A
100
AcDbEntity
  8
0
100
AcDbCircle
 10
4.775000000000202
 20
-1.524999999999776
 30
0.0
 40
0.1099999999999568
  0
CIRCLE
  5
2077
330
1B9A
100
AcDbEntity
  8
0
100
AcDbCircle
 10
4.775000000000202
 20
-1.874999999999871
 30
0.0
 40
0.1099999999999568
  0
CIRCLE
  5
2078
330
1B9A
100
AcDbEntity
  8
0
100
AcDbCircle
 10
4.775000000000202
 20
-2.22499999999975
 30
0.0
 40
0.1099999999999568
  0
CIRCLE
  5
2079
330
1B9A
100
AcDbEntity
  8
0
100
AcDbCircle
 10
4.775000000000202
 20
-2.57499999999996
 30
0.0
 40
0.1099999999999568
  0
CIRCLE
  5
207A
330
1B9A
100
AcDbEntity
  8
0
100
AcDbCircle
 10
4.775000000000202
 20
-2.924999999999868
 30
0.0
 40
0.1099999999999568
  0
CIRCLE
  5
207B
330
1B9A
100
AcDbEntity
  8
0
100
AcDbCircle
 10
4.775000000000202
 20
-3.624999999999871
 30
0.0
 40
0.1099999999999568
  0
CIRCLE
  5
207C
330
1B9A
100
AcDbEntity
  8
0
100
AcDbCircle
 10
4.775000000000202
 20
-4.324999999999944
 30
0.0
 40
0.1099999999999568
  0
CIRCLE
  5
207D
330
1B9A
100
AcDbEntity
  8
0
100
AcDbCircle
 10
4.775000000000202
 20
-4.674999999999869
 30
0.0
 40
0.1100000000000136
  0
CIRCLE
  5
207E
330
1B9A
100
AcDbEntity
  8
0
100
AcDbCircle
 10
4.775000000000202
 20
-5.024999999999778
 30
0.0
 40
0.1099999999999568
  0
CIRCLE
  5
207F
330
1B9A
100
AcDbEntity
  8
0
100
AcDbCircle
 10
4.775000000000202
 20
-5.374999999999872
 30
0.0
 40
0.1099999999999568
  0
CIRCLE
  5
2080
330
1B9A
100
AcDbEntity
  8
0
100
AcDbCircle
 10
4.775000000000202
 20
-5.724999999999753
 30
0.0
 40
0.1099999999999568
  0
CIRCLE
  5
2081
330
1B9A
100
AcDbEntity
  8
0
100
AcDbCircle
 10
4.775000000000202
 20
-6.074999999999874
 30
0.0
 40
0.1099999999999568
  0
CIRCLE
  5
2082
330
1B9A
100
AcDbEntity
  8
0
100
AcDbCircle
 10
5.125
 20
-5.724999999999753
 30
0.0
 40
0.1099999999999568
  0
CIRCLE
  5
2083
330
1B9A
100
AcDbEntity
  8
0
100
AcDbCircle
 10
5.125
 20
-5.374999999999872
 30
0.0
 40
0.1099999999999568
  0
CIRCLE
  5
2084
330
1B9A
100
AcDbEntity
  8
0
100
AcDbCircle
 10
5.125
 20
-5.024999999999778
 30
0.0
 40
0.1099999999999568
  0
CIRCLE
  5
2085
330
1B9A
100
AcDbEntity
  8
0
100
AcDbCircle
 10
5.125
 20
-4.674999999999869
 30
0.0
 40
0.1100000000000136
  0
CIRCLE
  5
2086
330
1B9A
100
AcDbEntity
  8
0
100
AcDbCircle
 10
5.125
 20
-4.324999999999944
 30
0.0
 40
0.1099999999999568
  0
CIRCLE
  5
2087
330
1B9A
100
AcDbEntity
  8
0
100
AcDbCircle
 10
5.125
 20
-3.974999999999751
 30
0.0
 40
0.1099999999999568
  0
CIRCLE
  5
2088
330
1B9A
100
AcDbEntity
  8
0
100
AcDbCircle
 10
5.125
 20
-3.624999999999871
 30
0.0
 40
0.1099999999999568
  0
CIRCLE
  5
2089
330
1B9A
100
AcDbEntity
  8
0
100
AcDbCircle
 10
5.125
 20
-3.274999999999747
 30
0.0
 40
0.1099999999999568
  0
CIRCLE
  5
208A
330
1B9A
100
AcDbEntity
  8
0
100
AcDbCircle
 10
5.125
 20
-2.924999999999868
 30
0.0
 40
0.1099999999999568
  0
CIRCLE
  5
208B
330
1B9A
100
AcDbEntity
  8
0
100
AcDbCircle
 10
5.125
 20
-2.57499999999996
 30
0.0
 40
0.1099999999999568
  0
CIRCLE
  5
208C
330
1B9A
100
AcDbEntity
  8
0
100
AcDbCircle
 10
5.125
 20
-2.22499999999975
 30
0.0
 40
0.1099999999999568
  0
CIRCLE
  5
208D
330
1B9A
100
AcDbEntity
  8
0
100
AcDbCircle
 10
5.125
 20
-1.874999999999871
 30
0.0
 40
0.1099999999999568
  0
CIRCLE
  5
208E
330
1B9A
100
AcDbEntity
  8
0
100
AcDbCircle
 10
5.125
 20
-1.524999999999776
 30
0.0
 40
0.1099999999999568
  0
CIRCLE
  5
208F
330
1B9A
100
AcDbEntity
  8
0
100
AcDbCircle
 10
5.125
 20
-1.174999999999883
 30
0.0
 40
0.1099999999999568
  0
CIRCLE
  5
2090
330
1B9A
100
AcDbEntity
  8
0
100
AcDbCircle
 10
5.125
 20
-0.8249999999998749
 30
0.0
 40
0.1099999999999568
  0
CIRCLE
  5
2091
330
1B9A
100
AcDbEntity
  8
0
100
AcDbCircle
 10
5.125
 20
-0.4749999999997814
 30
0.0
 40
0.1099999999999568
  0
CIRCLE
  5
2092
330
1B9A
100
AcDbEntity
  8
0
100
AcDbCircle
 10
5.125
 20
-0.1249999999998721
 30
0.0
 40
0.1099999999999568
  0
CIRCLE
  5
2093
330
1B9A
100
AcDbEntity
  8
0
100
AcDbCircle
 10
5.125
 20
0.2250000000002217
 30
0.0
 40
0.1099999999998999
  0
CIRCLE
  5
2094
330
1B9A
100
AcDbEntity
  8
0
100
AcDbCircle
 10
5.125
 20
0.5750000000001309
 30
0.0
 40
0.1099999999998999
  0
CIRCLE
  5
2095
330
1B9A
100
AcDbEntity
  8
0
100
AcDbCircle
 10
5.125
 20
0.9250000000000396
 30
0.0
 40
0.1099999999998999
  0
CIRCLE
  5
2096
330
1B9A
100
AcDbEntity
  8
0
100
AcDbCircle
 10
5.125
 20
1.275000000000217
 30
0.0
 40
0.1099999999999568
  0
CIRCLE
  5
2097
330
1B9A
100
AcDbEntity
  8
0
100
AcDbCircle
 10
5.125
 20
1.625000000000127
 30
0.0
 40
0.1099999999999568
  0
CIRCLE
  5
2098
330
1B9A
100
AcDbEntity
  8
0
100
AcDbCircle
 10
5.125
 20
1.975000000000219
 30
0.0
 40
0.1099999999999568
  0
CIRCLE
  5
2099
330
1B9A
100
AcDbEntity
  8
0
100
AcDbCircle
 10
5.125
 20
2.675000000000038
 30
0.0
 40
0.1099999999999568
  0
CIRCLE
  5
209A
330
1B9A
100
AcDbEntity
  8
0
100
AcDbCircle
 10
5.125
 20
3.725000000000221
 30
0.0
 40
0.1099999999999568
  0
CIRCLE
  5
209B
330
1B9A
100
AcDbEntity
  8
0
100
AcDbCircle
 10
5.125
 20
4.425000000000125
 30
0.0
 40
0.1099999999999568
  0
CIRCLE
  5
209C
330
1B9A
100
AcDbEntity
  8
0
100
AcDbCircle
 10
5.125
 20
4.775000000000217
 30
0.0
 40
0.1099999999999568
  0
CIRCLE
  5
209D
330
1B9A
100
AcDbEntity
  8
0
100
AcDbCircle
 10
5.125
 20
5.125000000000127
 30
0.0
 40
0.1099999999999568
  0
CIRCLE
  5
209E
330
1B9A
100
AcDbEntity
  8
0
100
AcDbCircle
 10
5.125
 20
5.475000000000221
 30
0.0
 40
0.1099999999999568
  0
CIRCLE
  5
209F
330
1B9A
100
AcDbEntity
  8
0
100
AcDbCircle
 10
5.125
 20
5.825000000000128
 30
0.0
 40
0.1099999999999568
  0
CIRCLE
  5
20A0
330
1B9A
100
AcDbEntity
  8
0
100
AcDbCircle
 10
5.125
 20
6.175000000000037
 30
0.0
 40
0.1100000000000136
  0
CIRCLE
  5
20A1
330
1B9A
100
AcDbEntity
  8
0
100
AcDbCircle
 10
5.125
 20
6.525000000000217
 30
0.0
 40
0.1100000000000136
  0
CIRCLE
  5
20A2
330
1B9A
100
AcDbEntity
  8
0
100
AcDbCircle
 10
6.874999999999943
 20
6.175000000000037
 30
0.0
 40
0.1099999999999568
  0
CIRCLE
  5
20A3
330
1B9A
100
AcDbEntity
  8
0
100
AcDbCircle
 10
6.874999999999943
 20
6.525000000000217
 30
0.0
 40
0.1099999999999568
  0
CIRCLE
  5
20A4
330
1B9A
100
AcDbEntity
  8
SLD-0
100
AcDbCircle
 10
-16.125
 20
-7.124999999999943
 30
0.0
 40
1.0
  0
CIRCLE
  5
20A5
330
1B9A
100
AcDbEntity
  8
SLD-0
100
AcDbCircle
 10
15.875
 20
6.874999999999943
 30
0.0
 40
1.25
  0
ENDBLK
  5
1B9C
330
1B9A
100
AcDbEntity
  8
0
100
AcDbBlockEnd
  0
BLOCK
  5
1B9E
330
1B9D
100
AcDbEntity
  8
0
100
AcDbBlockBegin
  2
*U8
 70
     1
 10
0.0
 20
0.0
 30
0.0
  3
*U8
  1

  0
INSERT
  5
20B4
330
1B9D
100
AcDbEntity
  8
0
  6
ByBlock
 62
     0
370
    -2
380
     1
100
AcDbBlockReference
  2
*U7
 10
0.0
 20
0.0
 30
0.0
  0
INSERT
  5
20B5
330
1B9D
100
AcDbEntity
  8
0
  6
ByBlock
 62
     0
370
    -2
380
     1
100
AcDbBlockReference
  2
*U7
 10
75.0
 20
0.0
 30
0.0
  0
ENDBLK
  5
1B9F
330
1B9D
100
AcDbEntity
  8
0
100
AcDbBlockEnd
  0
ENDSEC
  0
SECTION
  2
ENTITIES
  0
CIRCLE
  5
20B6
330
1F
100
AcDbEntity
  8
0
100
AcDbCircle
 10
396.6282325448803
 20
94.17427190895841
 30
0.0
 40
0.1100000000000136
  0
CIRCLE
  5
20B7
330
1F
100
AcDbEntity
  8
0
100
AcDbCircle
 10
404.3282325448802
 20
94.52427190895836
 30
0.0
 40
0.1100000000000136
  0
CIRCLE
  5
20B8
330
1F
100
AcDbEntity
  8
0
100
AcDbCircle
 10
404.3282325448802
 20
94.87427190895838
 30
0.0
 40
0.1100000000000136
  0
CIRCLE
  5
20B9
330
1F
100
AcDbEntity
  8
0
100
AcDbCircle
 10
404.3282325448802
 20
95.22427190895848
 30
0.0
 40
0.1100000000000136
  0
CIRCLE
  5
20BA
330
1F
100
AcDbEntity
  8
0
100
AcDbCircle
 10
404.3282325448802
 20
95.57427190895834
 30
0.0
 40
0.1100000000000136
  0
CIRCLE
  5
20BB
330
1F
100
AcDbEntity
  8
0
100
AcDbCircle
 10
404.3282325448802
 20
95.92427190895843
 30
0.0
 40
0.1100000000000136
  0
CIRCLE
  5
20BC
330
1F
100
AcDbEntity
  8
0
100
AcDbCircle
 10
404.3282325448801
 20
96.27427190895836
 30
0.0
 40
0.1100000000000136
  0
CIRCLE
  5
20BD
330
1F
100
AcDbEntity
  8
0
100
AcDbCircle
 10
404.3282325448801
 20
96.62427190895826
 30
0.0
 40
0.1100000000000136
  0
CIRCLE
  5
20BE
330
1F
100
AcDbEntity
  8
0
100
AcDbCircle
 10
404.3282325448801
 20
98.37427190895828
 30
0.0
 40
0.1100000000000136
  0
CIRCLE
  5
20BF
330
1F
100
AcDbEntity
  8
0
100
AcDbCircle
 10
404.3282325448801
 20
98.72427190895848
 30
0.0
 40
0.1100000000000136
  0
CIRCLE
  5
20C0
330
1F
100
AcDbEntity
  8
0
100
AcDbCircle
 10
404.3282325448801
 20
99.07427190895836
 30
0.0
 40
0.1100000000000136
  0
CIRCLE
  5
20C1
330
1F
100
AcDbEntity
  8
0
100
AcDbCircle
 10
404.3282325448801
 20
99.42427190895848
 30
0.0
 40
0.1100000000000136
  0
CIRCLE
  5
20C2
330
1F
100
AcDbEntity
  8
0
100
AcDbCircle
 10
404.3282325448801
 20
100.1242719089584
 30
0.0
 40
0.1100000000000136
  0
CIRCLE
  5
20C3
330
1F
100
AcDbEntity
  8
0
100
AcDbCircle
 10
404.3282325448801
 20
100.8242719089583
 30
0.0
 40
0.1100000000000136
  0
CIRCLE
  5
20C4
330
1F
100
AcDbEntity
  8
0
100
AcDbCircle
 10
404.3282325448801
 20
101.1742719089584
 30
0.0
 40
0.1100000000000705
  0
CIRCLE
  5
20C5
330
1F
100
AcDbEntity
  8
0
100
AcDbCircle
 10
404.3282325448801
 20
101.5242719089583
 30
0.0
 40
0.1100000000000705
  0
CIRCLE
  5
20C6
330
1F
100
AcDbEntity
  8
0
100
AcDbCircle
 10
404.3282325448801
 20
101.8742719089582
 30
0.0
 40
0.1100000000000705
  0
CIRCLE
  5
20C7
330
1F
100
AcDbEntity
  8
0
100
AcDbCircle
 10
404.3282325448798
 20
106.0742719089583
 30
0.0
 40
0.1100000000000136
  0
CIRCLE
  5
20C8
330
1F
100
AcDbEntity
  8
0
100
AcDbCircle
 10
404.3282325448798
 20
106.4242719089584
 30
0.0
 40
0.1100000000000136
  0
CIRCLE
  5
20C9
330
1F
100
AcDbEntity
  8
0
100
AcDbCircle
 10
404.3282325448798
 20
106.7742719089583
 30
0.0
 40
0.1100000000000136
  0
CIRCLE
  5
20CA
330
1F
100
AcDbEntity
  8
0
100
AcDbCircle
 10
404.3282325448798
 20
107.1242719089582
 30
0.0
 40
0.1099999999999568
  0
CIRCLE
  5
20CB
330
1F
100
AcDbEntity
  8
0
100
AcDbCircle
 10
404.6782325448806
 20
94.87427190895838
 30
0.0
 40
0.1099999999999568
  0
CIRCLE
  5
20CC
330
1F
100
AcDbEntity
  8
0
100
AcDbCircle
 10
404.6782325448806
 20
94.52427190895836
 30
0.0
 40
0.1099999999999568
  0
CIRCLE
  5
20CD
330
1F
100
AcDbEntity
  8
0
100
AcDbCircle
 10
404.6782325448806
 20
94.17427190895848
 30
0.0
 40
0.1099999999999568
  0
CIRCLE
  5
20CE
330
1F
100
AcDbEntity
  8
0
100
AcDbCircle
 10
404.3282325448798
 20
107.4742719089584
 30
0.0
 40
0.1099999999999568
  0
CIRCLE
  5
20CF
330
1F
100
AcDbEntity
  8
0
100
AcDbCircle
 10
404.3282325448798
 20
105.7242719089584
 30
0.0
 40
0.1100000000000136
  0
CIRCLE
  5
20D0
330
1F
100
AcDbEntity
  8
0
100
AcDbCircle
 10
404.3282325448798
 20
105.3742719089584
 30
0.0
 40
0.1100000000000136
  0
CIRCLE
  5
20D1
330
1F
100
AcDbEntity
  8
0
100
AcDbCircle
 10
404.3282325448798
 20
105.0242719089583
 30
0.0
 40
0.1100000000000136
  0
CIRCLE
  5
20D2
330
1F
100
AcDbEntity
  8
0
100
AcDbCircle
 10
404.3282325448798
 20
104.6742719089584
 30
0.0
 40
0.1100000000000136
  0
CIRCLE
  5
20D3
330
1F
100
AcDbEntity
  8
0
100
AcDbCircle
 10
404.3282325448798
 20
103.9742719089585
 30
0.0
 40
0.1100000000000136
  0
CIRCLE
  5
20D4
330
1F
100
AcDbEntity
  8
0
100
AcDbCircle
 10
404.3282325448798
 20
103.2742719089583
 30
0.0
 40
0.1100000000000136
  0
CIRCLE
  5
20D5
330
1F
100
AcDbEntity
  8
0
100
AcDbCircle
 10
404.3282325448798
 20
102.9242719089584
 30
0.0
 40
0.1100000000000136
  0
CIRCLE
  5
20D6
330
1F
100
AcDbEntity
  8
0
100
AcDbCircle
 10
404.3282325448798
 20
102.5742719089583
 30
0.0
 40
0.1100000000000136
  0
CIRCLE
  5
20D7
330
1F
100
AcDbEntity
  8
0
100
AcDbCircle
 10
403.9782325448801
 20
100.4742719089585
 30
0.0
 40
0.1100000000000136
  0
CIRCLE
  5
20D8
330
1F
100
AcDbEntity
  8
0
100
AcDbCircle
 10
403.9782325448801
 20
99.77427190895834
 30
0.0
 40
0.1100000000000136
  0
CIRCLE
  5
20D9
330
1F
100
AcDbEntity
  8
0
100
AcDbCircle
 10
403.9782325448801
 20
99.42427190895848
 30
0.0
 40
0.1100000000000136
  0
CIRCLE
  5
20DA
330
1F
100
AcDbEntity
  8
0
100
AcDbCircle
 10
403.9782325448801
 20
99.07427190895836
 30
0.0
 40
0.1100000000000136
  0
CIRCLE
  5
20DB
330
1F
100
AcDbEntity
  8
0
100
AcDbCircle
 10
403.9782325448801
 20
98.72427190895848
 30
0.0
 40
0.1100000000000136
  0
CIRCLE
  5
20DC
330
1F
100
AcDbEntity
  8
0
100
AcDbCircle
 10
403.9782325448801
 20
98.02427190895835
 30
0.0
 40
0.1100000000000136
  0
CIRCLE
  5
20DD
330
1F
100
AcDbEntity
  8
0
100
AcDbCircle
 10
403.9782325448801
 20
96.62427190895826
 30
0.0
 40
0.1100000000000136
  0
CIRCLE
  5
20DE
330
1F
100
AcDbEntity
  8
0
100
AcDbCircle
 10
403.9782325448801
 20
95.92427190895843
 30
0.0
 40
0.1100000000000136
  0
CIRCLE
  5
20DF
330
1F
100
AcDbEntity
  8
0
100
AcDbCircle
 10
403.9782325448801
 20
94.17427190895848
 30
0.0
 40
0.1100000000000136
  0
CIRCLE
  5
20E0
330
1F
100
AcDbEntity
  8
0
100
AcDbCircle
 10
403.6282325448802
 20
107.4742719089584
 30
0.0
 40
0.1099999999999568
  0
CIRCLE
  5
20E1
330
1F
100
AcDbEntity
  8
0
100
AcDbCircle
 10
403.6282325448802
 20
107.1242719089582
 30
0.0
 40
0.1099999999999568
  0
CIRCLE
  5
20E2
330
1F
100
AcDbEntity
  8
0
100
AcDbCircle
 10
403.6282325448802
 20
106.7742719089583
 30
0.0
 40
0.1100000000000136
  0
CIRCLE
  5
20E3
330
1F
100
AcDbEntity
  8
0
100
AcDbCircle
 10
403.9782325448801
 20
94.52427190895836
 30
0.0
 40
0.1100000000000136
  0
CIRCLE
  5
20E4
330
1F
100
AcDbEntity
  8
0
100
AcDbCircle
 10
403.9782325448801
 20
94.87427190895838
 30
0.0
 40
0.1100000000000136
  0
CIRCLE
  5
20E5
330
1F
100
AcDbEntity
  8
0
100
AcDbCircle
 10
403.9782325448801
 20
95.22427190895848
 30
0.0
 40
0.1100000000000136
  0
CIRCLE
  5
20E6
330
1F
100
AcDbEntity
  8
0
100
AcDbCircle
 10
403.9782325448801
 20
95.57427190895834
 30
0.0
 40
0.1100000000000136
  0
CIRCLE
  5
20E7
330
1F
100
AcDbEntity
  8
0
100
AcDbCircle
 10
403.9782325448801
 20
105.0242719089583
 30
0.0
 40
0.1100000000000136
  0
CIRCLE
  5
20E8
330
1F
100
AcDbEntity
  8
0
100
AcDbCircle
 10
403.9782325448801
 20
105.7242719089584
 30
0.0
 40
0.1100000000000136
  0
CIRCLE
  5
20E9
330
1F
100
AcDbEntity
  8
0
100
AcDbCircle
 10
403.9782325448801
 20
106.0742719089583
 30
0.0
 40
0.1100000000000136
  0
CIRCLE
  5
20EA
330
1F
100
AcDbEntity
  8
0
100
AcDbCircle
 10
403.9782325448801
 20
106.4242719089584
 30
0.0
 40
0.1100000000000136
  0
CIRCLE
  5
20EB
330
1F
100
AcDbEntity
  8
0
100
AcDbCircle
 10
404.3282325448802
 20
94.17427190895848
 30
0.0
 40
0.1100000000000136
  0
CIRCLE
  5
20EC
330
1F
100
AcDbEntity
  8
0
100
AcDbCircle
 10
403.9782325448801
 20
107.4742719089584
 30
0.0
 40
0.1100000000000705
  0
CIRCLE
  5
20ED
330
1F
100
AcDbEntity
  8
0
100
AcDbCircle
 10
403.9782325448801
 20
107.1242719089582
 30
0.0
 40
0.1100000000000705
  0
CIRCLE
  5
20EE
330
1F
100
AcDbEntity
  8
0
100
AcDbCircle
 10
403.9782325448801
 20
106.7742719089583
 30
0.0
 40
0.1100000000000136
  0
CIRCLE
  5
20EF
330
1F
100
AcDbEntity
  8
0
100
AcDbCircle
 10
403.9782325448801
 20
104.6742719089584
 30
0.0
 40
0.1100000000000136
  0
CIRCLE
  5
20F0
330
1F
100
AcDbEntity
  8
0
100
AcDbCircle
 10
403.9782325448801
 20
104.3242719089583
 30
0.0
 40
0.1100000000000136
  0
CIRCLE
  5
20F1
330
1F
100
AcDbEntity
  8
0
100
AcDbCircle
 10
403.9782325448801
 20
103.9742719089585
 30
0.0
 40
0.1100000000000136
  0
CIRCLE
  5
20F2
330
1F
100
AcDbEntity
  8
0
100
AcDbCircle
 10
403.9782325448801
 20
103.6242719089582
 30
0.0
 40
0.1100000000000136
  0
CIRCLE
  5
20F3
330
1F
100
AcDbEntity
  8
0
100
AcDbCircle
 10
403.9782325448801
 20
103.2742719089583
 30
0.0
 40
0.1100000000000136
  0
CIRCLE
  5
20F4
330
1F
100
AcDbEntity
  8
0
100
AcDbCircle
 10
403.9782325448801
 20
102.5742719089583
 30
0.0
 40
0.1100000000000136
  0
CIRCLE
  5
20F5
330
1F
100
AcDbEntity
  8
0
100
AcDbCircle
 10
403.9782325448801
 20
101.8742719089582
 30
0.0
 40
0.1099999999999568
  0
CIRCLE
  5
20F6
330
1F
100
AcDbEntity
  8
0
100
AcDbCircle
 10
403.9782325448801
 20
101.1742719089584
 30
0.0
 40
0.1099999999999568
  0
CIRCLE
  5
20F7
330
1F
100
AcDbEntity
  8
0
100
AcDbCircle
 10
405.0282325448804
 20
94.87427190895838
 30
0.0
 40
0.1099999999999568
  0
CIRCLE
  5
20F8
330
1F
100
AcDbEntity
  8
0
100
AcDbCircle
 10
405.0282325448804
 20
95.22427190895848
 30
0.0
 40
0.1099999999999568
  0
CIRCLE
  5
20F9
330
1F
100
AcDbEntity
  8
0
100
AcDbCircle
 10
405.0282325448804
 20
95.57427190895834
 30
0.0
 40
0.1099999999999568
  0
CIRCLE
  5
20FA
330
1F
100
AcDbEntity
  8
0
100
AcDbCircle
 10
405.0282325448804
 20
95.92427190895843
 30
0.0
 40
0.1099999999999568
  0
CIRCLE
  5
20FB
330
1F
100
AcDbEntity
  8
0
100
AcDbCircle
 10
405.0282325448804
 20
96.27427190895836
 30
0.0
 40
0.1099999999999568
  0
CIRCLE
  5
20FC
330
1F
100
AcDbEntity
  8
0
100
AcDbCircle
 10
405.0282325448804
 20
96.62427190895826
 30
0.0
 40
0.1099999999999568
  0
CIRCLE
  5
20FD
330
1F
100
AcDbEntity
  8
0
100
AcDbCircle
 10
405.0282325448804
 20
96.97427190895849
 30
0.0
 40
0.1099999999999568
  0
CIRCLE
  5
20FE
330
1F
100
AcDbEntity
  8
0
100
AcDbCircle
 10
405.0282325448804
 20
97.32427190895835
 30
0.0
 40
0.1099999999999568
  0
CIRCLE
  5
20FF
330
1F
100
AcDbEntity
  8
0
100
AcDbCircle
 10
405.0282325448804
 20
97.67427190895846
 30
0.0
 40
0.1099999999999568
  0
CIRCLE
  5
2100
330
1F
100
AcDbEntity
  8
0
100
AcDbCircle
 10
405.0282325448804
 20
98.02427190895835
 30
0.0
 40
0.1099999999999568
  0
CIRCLE
  5
2101
330
1F
100
AcDbEntity
  8
0
100
AcDbCircle
 10
405.0282325448804
 20
98.37427190895828
 30
0.0
 40
0.1099999999999568
  0
CIRCLE
  5
2102
330
1F
100
AcDbEntity
  8
0
100
AcDbCircle
 10
405.0282325448804
 20
98.72427190895848
 30
0.0
 40
0.1099999999999568
  0
CIRCLE
  5
2103
330
1F
100
AcDbEntity
  8
0
100
AcDbCircle
 10
405.0282325448804
 20
99.07427190895836
 30
0.0
 40
0.1099999999999568
  0
CIRCLE
  5
2104
330
1F
100
AcDbEntity
  8
0
100
AcDbCircle
 10
405.0282325448804
 20
99.42427190895848
 30
0.0
 40
0.1099999999999568
  0
CIRCLE
  5
2105
330
1F
100
AcDbEntity
  8
0
100
AcDbCircle
 10
405.0282325448804
 20
100.1242719089584
 30
0.0
 40
0.1099999999999568
  0
CIRCLE
  5
2106
330
1F
100
AcDbEntity
  8
0
100
AcDbCircle
 10
405.0282325448804
 20
100.8242719089583
 30
0.0
 40
0.1099999999999568
  0
CIRCLE
  5
2107
330
1F
100
AcDbEntity
  8
0
100
AcDbCircle
 10
405.0282325448804
 20
104.6742719089584
 30
0.0
 40
0.1099999999999568
  0
CIRCLE
  5
2108
330
1F
100
AcDbEntity
  8
0
100
AcDbCircle
 10
405.0282325448804
 20
105.0242719089583
 30
0.0
 40
0.1099999999999568
  0
CIRCLE
  5
2109
330
1F
100
AcDbEntity
  8
0
100
AcDbCircle
 10
405.0282325448804
 20
105.7242719089584
 30
0.0
 40
0.1099999999999568
  0
CIRCLE
  5
210A
330
1F
100
AcDbEntity
  8
0
100
AcDbCircle
 10
405.0282325448804
 20
106.0742719089583
 30
0.0
 40
0.1099999999999568
  0
CIRCLE
  5
210B
330
1F
100
AcDbEntity
  8
0
100
AcDbCircle
 10
405.3782325448803
 20
94.17427190895848
 30
0.0
 40
0.1099999999999568
  0
CIRCLE
  5
210C
330
1F
100
AcDbEntity
  8
0
100
AcDbCircle
 10
405.0282325448804
 20
107.4742719089584
 30
0.0
 40
0.1099999999998999
  0
CIRCLE
  5
210D
330
1F
100
AcDbEntity
  8
0
100
AcDbCircle
 10
405.0282325448804
 20
106.7742719089583
 30
0.0
 40
0.1099999999999568
  0
CIRCLE
  5
210E
330
1F
100
AcDbEntity
  8
0
100
AcDbCircle
 10
405.0282325448804
 20
106.4242719089584
 30
0.0
 40
0.1099999999999568
  0
CIRCLE
  5
210F
330
1F
100
AcDbEntity
  8
0
100
AcDbCircle
 10
405.0282325448804
 20
104.3242719089583
 30
0.0
 40
0.1099999999999568
  0
CIRCLE
  5
2110
330
1F
100
AcDbEntity
  8
0
100
AcDbCircle
 10
405.0282325448804
 20
103.9742719089585
 30
0.0
 40
0.1099999999999568
  0
CIRCLE
  5
2111
330
1F
100
AcDbEntity
  8
0
100
AcDbCircle
 10
405.0282325448804
 20
103.6242719089582
 30
0.0
 40
0.1099999999999568
  0
CIRCLE
  5
2112
330
1F
100
AcDbEntity
  8
0
100
AcDbCircle
 10
405.0282325448804
 20
103.2742719089583
 30
0.0
 40
0.1099999999999568
  0
CIRCLE
  5
2113
330
1F
100
AcDbEntity
  8
0
100
AcDbCircle
 10
405.0282325448804
 20
102.9242719089584
 30
0.0
 40
0.1099999999999568
  0
CIRCLE
  5
2114
330
1F
100
AcDbEntity
  8
0
100
AcDbCircle
 10
405.0282325448804
 20
102.5742719089583
 30
0.0
 40
0.1099999999999568
  0
CIRCLE
  5
2115
330
1F
100
AcDbEntity
  8
0
100
AcDbCircle
 10
405.0282325448804
 20
102.2242719089585
 30
0.0
 40
0.1099999999999568
  0
CIRCLE
  5
2116
330
1F
100
AcDbEntity
  8
0
100
AcDbCircle
 10
405.0282325448804
 20
101.5242719089583
 30
0.0
 40
0.1100000000000136
  0
CIRCLE
  5
2117
330
1F
100
AcDbEntity
  8
0
100
AcDbCircle
 10
404.6782325448806
 20
95.22427190895848
 30
0.0
 40
0.1099999999999568
  0
CIRCLE
  5
2118
330
1F
100
AcDbEntity
  8
0
100
AcDbCircle
 10
404.6782325448806
 20
95.57427190895834
 30
0.0
 40
0.1099999999999568
  0
CIRCLE
  5
2119
330
1F
100
AcDbEntity
  8
0
100
AcDbCircle
 10
404.6782325448806
 20
95.92427190895843
 30
0.0
 40
0.1099999999999568
  0
CIRCLE
  5
211A
330
1F
100
AcDbEntity
  8
0
100
AcDbCircle
 10
404.6782325448806
 20
96.27427190895836
 30
0.0
 40
0.1099999999999568
  0
CIRCLE
  5
211B
330
1F
100
AcDbEntity
  8
0
100
AcDbCircle
 10
404.6782325448806
 20
96.62427190895826
 30
0.0
 40
0.1099999999999568
  0
CIRCLE
  5
211C
330
1F
100
AcDbEntity
  8
0
100
AcDbCircle
 10
404.6782325448806
 20
96.97427190895849
 30
0.0
 40
0.1099999999999568
  0
CIRCLE
  5
211D
330
1F
100
AcDbEntity
  8
0
100
AcDbCircle
 10
404.6782325448806
 20
97.32427190895835
 30
0.0
 40
0.1099999999999568
  0
CIRCLE
  5
211E
330
1F
100
AcDbEntity
  8
0
100
AcDbCircle
 10
404.6782325448806
 20
98.02427190895835
 30
0.0
 40
0.1099999999999568
  0
CIRCLE
  5
211F
330
1F
100
AcDbEntity
  8
0
100
AcDbCircle
 10
404.6782325448806
 20
98.72427190895848
 30
0.0
 40
0.1099999999999568
  0
CIRCLE
  5
2120
330
1F
100
AcDbEntity
  8
0
100
AcDbCircle
 10
404.6782325448806
 20
99.07427190895836
 30
0.0
 40
0.1099999999999568
  0
CIRCLE
  5
2121
330
1F
100
AcDbEntity
  8
0
100
AcDbCircle
 10
404.6782325448806
 20
99.42427190895848
 30
0.0
 40
0.1099999999999568
  0
CIRCLE
  5
2122
330
1F
100
AcDbEntity
  8
0
100
AcDbCircle
 10
404.6782325448806
 20
99.77427190895834
 30
0.0
 40
0.1099999999999568
  0
CIRCLE
  5
2123
330
1F
100
AcDbEntity
  8
0
100
AcDbCircle
 10
404.6782325448806
 20
100.1242719089584
 30
0.0
 40
0.1099999999999568
  0
CIRCLE
  5
2124
330
1F
100
AcDbEntity
  8
0
100
AcDbCircle
 10
404.6782325448806
 20
100.4742719089585
 30
0.0
 40
0.1099999999999568
  0
CIRCLE
  5
2125
330
1F
100
AcDbEntity
  8
0
100
AcDbCircle
 10
404.6782325448805
 20
101.1742719089584
 30
0.0
 40
0.1099999999998999
  0
CIRCLE
  5
2126
330
1F
100
AcDbEntity
  8
0
100
AcDbCircle
 10
404.6782325448805
 20
101.8742719089582
 30
0.0
 40
0.1099999999998999
  0
CIRCLE
  5
2127
330
1F
100
AcDbEntity
  8
0
100
AcDbCircle
 10
404.6782325448805
 20
105.7242719089584
 30
0.0
 40
0.1099999999999568
  0
CIRCLE
  5
2128
330
1F
100
AcDbEntity
  8
0
100
AcDbCircle
 10
404.6782325448805
 20
106.0742719089583
 30
0.0
 40
0.1099999999999568
  0
CIRCLE
  5
2129
330
1F
100
AcDbEntity
  8
0
100
AcDbCircle
 10
404.6782325448805
 20
106.4242719089584
 30
0.0
 40
0.1099999999999568
  0
CIRCLE
  5
212A
330
1F
100
AcDbEntity
  8
0
100
AcDbCircle
 10
404.6782325448805
 20
106.7742719089583
 30
0.0
 40
0.1099999999999568
  0
CIRCLE
  5
212B
330
1F
100
AcDbEntity
  8
0
100
AcDbCircle
 10
404.6782325448805
 20
107.1242719089582
 30
0.0
 40
0.1100000000000136
  0
CIRCLE
  5
212C
330
1F
100
AcDbEntity
  8
0
100
AcDbCircle
 10
404.6782325448805
 20
107.4742719089584
 30
0.0
 40
0.1100000000000136
  0
CIRCLE
  5
212D
330
1F
100
AcDbEntity
  8
0
100
AcDbCircle
 10
405.0282325448804
 20
94.17427190895848
 30
0.0
 40
0.1099999999999568
  0
CIRCLE
  5
212E
330
1F
100
AcDbEntity
  8
0
100
AcDbCircle
 10
405.0282325448804
 20
94.52427190895836
 30
0.0
 40
0.1099999999999568
  0
CIRCLE
  5
212F
330
1F
100
AcDbEntity
  8
0
100
AcDbCircle
 10
404.6782325448805
 20
105.3742719089584
 30
0.0
 40
0.1099999999999568
  0
CIRCLE
  5
2130
330
1F
100
AcDbEntity
  8
0
100
AcDbCircle
 10
404.6782325448805
 20
104.6742719089584
 30
0.0
 40
0.1099999999999568
  0
CIRCLE
  5
2131
330
1F
100
AcDbEntity
  8
0
100
AcDbCircle
 10
404.6782325448805
 20
104.3242719089583
 30
0.0
 40
0.1099999999999568
  0
CIRCLE
  5
2132
330
1F
100
AcDbEntity
  8
0
100
AcDbCircle
 10
404.6782325448805
 20
103.9742719089585
 30
0.0
 40
0.1099999999999568
  0
CIRCLE
  5
2133
330
1F
100
AcDbEntity
  8
0
100
AcDbCircle
 10
404.6782325448805
 20
103.6242719089582
 30
0.0
 40
0.1099999999999568
  0
CIRCLE
  5
2134
330
1F
100
AcDbEntity
  8
0
100
AcDbCircle
 10
404.6782325448805
 20
103.2742719089583
 30
0.0
 40
0.1099999999999568
  0
CIRCLE
  5
2135
330
1F
100
AcDbEntity
  8
0
100
AcDbCircle
 10
404.6782325448805
 20
102.5742719089583
 30
0.0
 40
0.1099999999999568
  0
CIRCLE
  5
2136
330
1F
100
AcDbEntity
  8
0
100
AcDbCircle
 10
404.6782325448805
 20
102.2242719089585
 30
0.0
 40
0.1099999999999568
  0
CIRCLE
  5
2137
330
1F
100
AcDbEntity
  8
0
100
AcDbCircle
 10
402.5782325448801
 20
99.77427190895832
 30
0.0
 40
0.1100000000000136
  0
CIRCLE
  5
2138
330
1F
100
AcDbEntity
  8
0
100
AcDbCircle
 10
402.5782325448801
 20
100.4742719089585
 30
0.0
 40
0.1100000000000136
  0
CIRCLE
  5
2139
330
1F
100
AcDbEntity
  8
0
100
AcDbCircle
 10
402.5782325448798
 20
101.1742719089584
 30
0.0
 40
0.1099999999999568
  0
CIRCLE
  5
213A
330
1F
100
AcDbEntity
  8
0
100
AcDbCircle
 10
402.5782325448798
 20
101.5242719089583
 30
0.0
 40
0.1099999999999568
  0
CIRCLE
  5
213B
330
1F
100
AcDbEntity
  8
0
100
AcDbCircle
 10
402.5782325448798
 20
101.8742719089582
 30
0.0
 40
0.1099999999999568
  0
CIRCLE
  5
213C
330
1F
100
AcDbEntity
  8
0
100
AcDbCircle
 10
402.5782325448798
 20
102.5742719089583
 30
0.0
 40
0.1100000000000136
  0
CIRCLE
  5
213D
330
1F
100
AcDbEntity
  8
0
100
AcDbCircle
 10
402.5782325448798
 20
103.2742719089583
 30
0.0
 40
0.1100000000000136
  0
CIRCLE
  5
213E
330
1F
100
AcDbEntity
  8
0
100
AcDbCircle
 10
402.5782325448798
 20
103.6242719089582
 30
0.0
 40
0.1100000000000136
  0
CIRCLE
  5
213F
330
1F
100
AcDbEntity
  8
0
100
AcDbCircle
 10
402.5782325448798
 20
103.9742719089584
 30
0.0
 40
0.1100000000000136
  0
CIRCLE
  5
2140
330
1F
100
AcDbEntity
  8
0
100
AcDbCircle
 10
402.5782325448798
 20
104.3242719089583
 30
0.0
 40
0.1100000000000136
  0
CIRCLE
  5
2141
330
1F
100
AcDbEntity
  8
0
100
AcDbCircle
 10
402.5782325448798
 20
104.6742719089584
 30
0.0
 40
0.1100000000000136
  0
CIRCLE
  5
2142
330
1F
100
AcDbEntity
  8
0
100
AcDbCircle
 10
402.5782325448798
 20
105.3742719089584
 30
0.0
 40
0.1100000000000136
  0
CIRCLE
  5
2143
330
1F
100
AcDbEntity
  8
0
100
AcDbCircle
 10
402.5782325448798
 20
105.7242719089584
 30
0.0
 40
0.1100000000000136
  0
CIRCLE
  5
2144
330
1F
100
AcDbEntity
  8
0
100
AcDbCircle
 10
402.5782325448798
 20
106.4242719089584
 30
0.0
 40
0.1100000000000136
  0
CIRCLE
  5
2145
330
1F
100
AcDbEntity
  8
0
100
AcDbCircle
 10
402.5782325448798
 20
106.7742719089583
 30
0.0
 40
0.1100000000000136
  0
CIRCLE
  5
2146
330
1F
100
AcDbEntity
  8
0
100
AcDbCircle
 10
402.5782325448798
 20
107.1242719089582
 30
0.0
 40
0.1100000000000705
  0
CIRCLE
  5
2147
330
1F
100
AcDbEntity
  8
0
100
AcDbCircle
 10
402.9282325448803
 20
101.5242719089583
 30
0.0
 40
0.1099999999999568
  0
CIRCLE
  5
2148
330
1F
100
AcDbEntity
  8
0
100
AcDbCircle
 10
402.9282325448803
 20
101.1742719089584
 30
0.0
 40
0.1099999999999568
  0
CIRCLE
  5
2149
330
1F
100
AcDbEntity
  8
0
100
AcDbCircle
 10
402.9282325448805
 20
100.8242719089583
 30
0.0
 40
0.1100000000000136
  0
CIRCLE
  5
214A
330
1F
100
AcDbEntity
  8
0
100
AcDbCircle
 10
402.9282325448805
 20
100.4742719089585
 30
0.0
 40
0.1100000000000136
  0
CIRCLE
  5
214B
330
1F
100
AcDbEntity
  8
0
100
AcDbCircle
 10
402.9282325448805
 20
100.1242719089583
 30
0.0
 40
0.1100000000000136
  0
CIRCLE
  5
214C
330
1F
100
AcDbEntity
  8
0
100
AcDbCircle
 10
402.9282325448805
 20
99.42427190895843
 30
0.0
 40
0.1100000000000136
  0
CIRCLE
  5
214D
330
1F
100
AcDbEntity
  8
0
100
AcDbCircle
 10
402.9282325448805
 20
99.07427190895834
 30
0.0
 40
0.1100000000000136
  0
CIRCLE
  5
214E
330
1F
100
AcDbEntity
  8
0
100
AcDbCircle
 10
402.9282325448805
 20
97.67427190895844
 30
0.0
 40
0.1100000000000136
  0
CIRCLE
  5
214F
330
1F
100
AcDbEntity
  8
0
100
AcDbCircle
 10
402.9282325448805
 20
94.87427190895836
 30
0.0
 40
0.1100000000000136
  0
CIRCLE
  5
2150
330
1F
100
AcDbEntity
  8
0
100
AcDbCircle
 10
402.9282325448805
 20
94.52427190895834
 30
0.0
 40
0.1100000000000136
  0
CIRCLE
  5
2151
330
1F
100
AcDbEntity
  8
0
100
AcDbCircle
 10
402.9282325448805
 20
94.17427190895846
 30
0.0
 40
0.1100000000000136
  0
CIRCLE
  5
2152
330
1F
100
AcDbEntity
  8
0
100
AcDbCircle
 10
402.5782325448798
 20
107.4742719089584
 30
0.0
 40
0.1100000000000705
  0
CIRCLE
  5
2153
330
1F
100
AcDbEntity
  8
0
100
AcDbCircle
 10
402.9282325448805
 20
95.22427190895843
 30
0.0
 40
0.1100000000000136
  0
CIRCLE
  5
2154
330
1F
100
AcDbEntity
  8
0
100
AcDbCircle
 10
402.9282325448805
 20
95.57427190895834
 30
0.0
 40
0.1100000000000136
  0
CIRCLE
  5
2155
330
1F
100
AcDbEntity
  8
0
100
AcDbCircle
 10
402.9282325448805
 20
95.92427190895843
 30
0.0
 40
0.1100000000000136
  0
CIRCLE
  5
2156
330
1F
100
AcDbEntity
  8
0
100
AcDbCircle
 10
402.9282325448805
 20
97.32427190895833
 30
0.0
 40
0.1100000000000136
  0
CIRCLE
  5
2157
330
1F
100
AcDbEntity
  8
0
100
AcDbCircle
 10
402.2282325448803
 20
94.87427190895836
 30
0.0
 40
0.1100000000000136
  0
CIRCLE
  5
2158
330
1F
100
AcDbEntity
  8
0
100
AcDbCircle
 10
402.2282325448803
 20
95.22427190895843
 30
0.0
 40
0.1100000000000136
  0
CIRCLE
  5
2159
330
1F
100
AcDbEntity
  8
0
100
AcDbCircle
 10
402.2282325448803
 20
95.57427190895834
 30
0.0
 40
0.1100000000000136
  0
CIRCLE
  5
215A
330
1F
100
AcDbEntity
  8
0
100
AcDbCircle
 10
402.2282325448803
 20
95.92427190895843
 30
0.0
 40
0.1100000000000136
  0
CIRCLE
  5
215B
330
1F
100
AcDbEntity
  8
0
100
AcDbCircle
 10
402.2282325448801
 20
97.32427190895833
 30
0.0
 40
0.1100000000000136
  0
CIRCLE
  5
215C
330
1F
100
AcDbEntity
  8
0
100
AcDbCircle
 10
402.2282325448801
 20
97.67427190895844
 30
0.0
 40
0.1100000000000136
  0
CIRCLE
  5
215D
330
1F
100
AcDbEntity
  8
0
100
AcDbCircle
 10
402.2282325448801
 20
99.07427190895834
 30
0.0
 40
0.1100000000000136
  0
CIRCLE
  5
215E
330
1F
100
AcDbEntity
  8
0
100
AcDbCircle
 10
402.2282325448801
 20
99.42427190895843
 30
0.0
 40
0.1100000000000136
  0
CIRCLE
  5
215F
330
1F
100
AcDbEntity
  8
0
100
AcDbCircle
 10
402.2282325448801
 20
100.1242719089583
 30
0.0
 40
0.1100000000000136
  0
CIRCLE
  5
2160
330
1F
100
AcDbEntity
  8
0
100
AcDbCircle
 10
402.2282325448801
 20
100.4742719089585
 30
0.0
 40
0.1100000000000136
  0
CIRCLE
  5
2161
330
1F
100
AcDbEntity
  8
0
100
AcDbCircle
 10
402.2282325448801
 20
100.8242719089583
 30
0.0
 40
0.1100000000000136
  0
CIRCLE
  5
2162
330
1F
100
AcDbEntity
  8
0
100
AcDbCircle
 10
402.2282325448801
 20
101.5242719089583
 30
0.0
 40
0.1100000000000705
  0
CIRCLE
  5
2163
330
1F
100
AcDbEntity
  8
0
100
AcDbCircle
 10
402.2282325448801
 20
102.2242719089584
 30
0.0
 40
0.1100000000000136
  0
CIRCLE
  5
2164
330
1F
100
AcDbEntity
  8
0
100
AcDbCircle
 10
402.2282325448801
 20
102.9242719089584
 30
0.0
 40
0.1100000000000136
  0
CIRCLE
  5
2165
330
1F
100
AcDbEntity
  8
0
100
AcDbCircle
 10
402.2282325448801
 20
103.6242719089582
 30
0.0
 40
0.1100000000000136
  0
CIRCLE
  5
2166
330
1F
100
AcDbEntity
  8
0
100
AcDbCircle
 10
402.2282325448801
 20
104.3242719089583
 30
0.0
 40
0.1100000000000136
  0
CIRCLE
  5
2167
330
1F
100
AcDbEntity
  8
0
100
AcDbCircle
 10
402.5782325448801
 20
99.07427190895834
 30
0.0
 40
0.1100000000000136
  0
CIRCLE
  5
2168
330
1F
100
AcDbEntity
  8
0
100
AcDbCircle
 10
402.5782325448801
 20
97.67427190895844
 30
0.0
 40
0.1100000000000136
  0
CIRCLE
  5
2169
330
1F
100
AcDbEntity
  8
0
100
AcDbCircle
 10
402.5782325448801
 20
97.32427190895833
 30
0.0
 40
0.1100000000000136
  0
CIRCLE
  5
216A
330
1F
100
AcDbEntity
  8
0
100
AcDbCircle
 10
402.5782325448802
 20
95.92427190895843
 30
0.0
 40
0.1100000000000136
  0
CIRCLE
  5
216B
330
1F
100
AcDbEntity
  8
0
100
AcDbCircle
 10
402.5782325448802
 20
95.57427190895834
 30
0.0
 40
0.1100000000000136
  0
CIRCLE
  5
216C
330
1F
100
AcDbEntity
  8
0
100
AcDbCircle
 10
402.5782325448802
 20
95.22427190895843
 30
0.0
 40
0.1100000000000136
  0
CIRCLE
  5
216D
330
1F
100
AcDbEntity
  8
0
100
AcDbCircle
 10
402.5782325448802
 20
94.87427190895836
 30
0.0
 40
0.1100000000000136
  0
CIRCLE
  5
216E
330
1F
100
AcDbEntity
  8
0
100
AcDbCircle
 10
402.5782325448802
 20
94.52427190895834
 30
0.0
 40
0.1100000000000136
  0
CIRCLE
  5
216F
330
1F
100
AcDbEntity
  8
0
100
AcDbCircle
 10
402.2282325448801
 20
105.0242719089583
 30
0.0
 40
0.1100000000000136
  0
CIRCLE
  5
2170
330
1F
100
AcDbEntity
  8
0
100
AcDbCircle
 10
402.2282325448801
 20
105.7242719089584
 30
0.0
 40
0.1100000000000136
  0
CIRCLE
  5
2171
330
1F
100
AcDbEntity
  8
0
100
AcDbCircle
 10
402.2282325448801
 20
106.0742719089583
 30
0.0
 40
0.1100000000000136
  0
CIRCLE
  5
2172
330
1F
100
AcDbEntity
  8
0
100
AcDbCircle
 10
402.2282325448801
 20
106.4242719089584
 30
0.0
 40
0.1100000000000136
  0
CIRCLE
  5
2173
330
1F
100
AcDbEntity
  8
0
100
AcDbCircle
 10
402.5782325448802
 20
94.17427190895846
 30
0.0
 40
0.1100000000000136
  0
CIRCLE
  5
2174
330
1F
100
AcDbEntity
  8
0
100
AcDbCircle
 10
402.2282325448801
 20
107.4742719089584
 30
0.0
 40
0.1099999999999568
  0
CIRCLE
  5
2175
330
1F
100
AcDbEntity
  8
0
100
AcDbCircle
 10
402.2282325448801
 20
107.1242719089582
 30
0.0
 40
0.1099999999999568
  0
CIRCLE
  5
2176
330
1F
100
AcDbEntity
  8
0
100
AcDbCircle
 10
402.2282325448801
 20
106.7742719089583
 30
0.0
 40
0.1100000000000136
  0
CIRCLE
  5
2177
330
1F
100
AcDbEntity
  8
0
100
AcDbCircle
 10
403.6282325448802
 20
94.87427190895836
 30
0.0
 40
0.1100000000000136
  0
CIRCLE
  5
2178
330
1F
100
AcDbEntity
  8
0
100
AcDbCircle
 10
403.6282325448802
 20
94.52427190895834
 30
0.0
 40
0.1100000000000136
  0
CIRCLE
  5
2179
330
1F
100
AcDbEntity
  8
0
100
AcDbCircle
 10
403.6282325448802
 20
94.17427190895846
 30
0.0
 40
0.1100000000000136
  0
CIRCLE
  5
217A
330
1F
100
AcDbEntity
  8
0
100
AcDbCircle
 10
403.2782325448803
 20
107.4742719089584
 30
0.0
 40
0.1099999999999568
  0
CIRCLE
  5
217B
330
1F
100
AcDbEntity
  8
0
100
AcDbCircle
 10
403.6282325448802
 20
95.22427190895843
 30
0.0
 40
0.1100000000000136
  0
CIRCLE
  5
217C
330
1F
100
AcDbEntity
  8
0
100
AcDbCircle
 10
403.6282325448802
 20
95.57427190895834
 30
0.0
 40
0.1100000000000136
  0
CIRCLE
  5
217D
330
1F
100
AcDbEntity
  8
0
100
AcDbCircle
 10
403.6282325448802
 20
95.92427190895843
 30
0.0
 40
0.1100000000000136
  0
CIRCLE
  5
217E
330
1F
100
AcDbEntity
  8
0
100
AcDbCircle
 10
403.6282325448802
 20
96.62427190895826
 30
0.0
 40
0.1100000000000136
  0
CIRCLE
  5
217F
330
1F
100
AcDbEntity
  8
0
100
AcDbCircle
 10
403.2782325448803
 20
107.1242719089582
 30
0.0
 40
0.1099999999999568
  0
CIRCLE
  5
2180
330
1F
100
AcDbEntity
  8
0
100
AcDbCircle
 10
403.2782325448803
 20
106.7742719089583
 30
0.0
 40
0.1100000000000136
  0
CIRCLE
  5
2181
330
1F
100
AcDbEntity
  8
0
100
AcDbCircle
 10
403.2782325448803
 20
106.4242719089584
 30
0.0
 40
0.1100000000000136
  0
CIRCLE
  5
2182
330
1F
100
AcDbEntity
  8
0
100
AcDbCircle
 10
403.2782325448803
 20
106.0742719089583
 30
0.0
 40
0.1100000000000136
  0
CIRCLE
  5
2183
330
1F
100
AcDbEntity
  8
0
100
AcDbCircle
 10
403.2782325448803
 20
105.3742719089584
 30
0.0
 40
0.1100000000000136
  0
CIRCLE
  5
2184
330
1F
100
AcDbEntity
  8
0
100
AcDbCircle
 10
403.2782325448803
 20
105.0242719089583
 30
0.0
 40
0.1100000000000136
  0
CIRCLE
  5
2185
330
1F
100
AcDbEntity
  8
0
100
AcDbCircle
 10
403.2782325448803
 20
104.6742719089584
 30
0.0
 40
0.1100000000000136
  0
CIRCLE
  5
2186
330
1F
100
AcDbEntity
  8
0
100
AcDbCircle
 10
403.2782325448803
 20
103.2742719089583
 30
0.0
 40
0.1100000000000136
  0
CIRCLE
  5
2187
330
1F
100
AcDbEntity
  8
0
100
AcDbCircle
 10
403.6282325448802
 20
98.02427190895835
 30
0.0
 40
0.1100000000000136
  0
CIRCLE
  5
2188
330
1F
100
AcDbEntity
  8
0
100
AcDbCircle
 10
403.6282325448802
 20
98.37427190895823
 30
0.0
 40
0.1100000000000136
  0
CIRCLE
  5
2189
330
1F
100
AcDbEntity
  8
0
100
AcDbCircle
 10
403.6282325448802
 20
98.72427190895848
 30
0.0
 40
0.1100000000000136
  0
CIRCLE
  5
218A
330
1F
100
AcDbEntity
  8
0
100
AcDbCircle
 10
403.6282325448802
 20
99.07427190895834
 30
0.0
 40
0.1100000000000136
  0
CIRCLE
  5
218B
330
1F
100
AcDbEntity
  8
0
100
AcDbCircle
 10
403.6282325448802
 20
99.42427190895843
 30
0.0
 40
0.1100000000000136
  0
CIRCLE
  5
218C
330
1F
100
AcDbEntity
  8
0
100
AcDbCircle
 10
403.6282325448802
 20
100.1242719089583
 30
0.0
 40
0.1100000000000136
  0
CIRCLE
  5
218D
330
1F
100
AcDbEntity
  8
0
100
AcDbCircle
 10
403.6282325448802
 20
100.8242719089583
 30
0.0
 40
0.1100000000000136
  0
CIRCLE
  5
218E
330
1F
100
AcDbEntity
  8
0
100
AcDbCircle
 10
403.6282325448802
 20
101.5242719089583
 30
0.0
 40
0.1100000000000705
  0
CIRCLE
  5
218F
330
1F
100
AcDbEntity
  8
0
100
AcDbCircle
 10
403.6282325448802
 20
102.2242719089584
 30
0.0
 40
0.1100000000000136
  0
CIRCLE
  5
2190
330
1F
100
AcDbEntity
  8
0
100
AcDbCircle
 10
403.6282325448802
 20
102.5742719089583
 30
0.0
 40
0.1100000000000136
  0
CIRCLE
  5
2191
330
1F
100
AcDbEntity
  8
0
100
AcDbCircle
 10
403.6282325448802
 20
102.9242719089584
 30
0.0
 40
0.1100000000000136
  0
CIRCLE
  5
2192
330
1F
100
AcDbEntity
  8
0
100
AcDbCircle
 10
403.6282325448802
 20
103.2742719089583
 30
0.0
 40
0.1100000000000136
  0
CIRCLE
  5
2193
330
1F
100
AcDbEntity
  8
0
100
AcDbCircle
 10
403.6282325448802
 20
104.6742719089584
 30
0.0
 40
0.1100000000000136
  0
CIRCLE
  5
2194
330
1F
100
AcDbEntity
  8
0
100
AcDbCircle
 10
403.6282325448802
 20
105.7242719089584
 30
0.0
 40
0.1100000000000136
  0
CIRCLE
  5
2195
330
1F
100
AcDbEntity
  8
0
100
AcDbCircle
 10
403.6282325448802
 20
106.0742719089583
 30
0.0
 40
0.1100000000000136
  0
CIRCLE
  5
2196
330
1F
100
AcDbEntity
  8
0
100
AcDbCircle
 10
403.6282325448802
 20
106.4242719089584
 30
0.0
 40
0.1100000000000136
  0
CIRCLE
  5
2197
330
1F
100
AcDbEntity
  8
0
100
AcDbCircle
 10
403.2782325448803
 20
95.22427190895843
 30
0.0
 40
0.1100000000000136
  0
CIRCLE
  5
2198
330
1F
100
AcDbEntity
  8
0
100
AcDbCircle
 10
403.2782325448803
 20
94.87427190895836
 30
0.0
 40
0.1100000000000136
  0
CIRCLE
  5
2199
330
1F
100
AcDbEntity
  8
0
100
AcDbCircle
 10
403.2782325448803
 20
94.52427190895834
 30
0.0
 40
0.1100000000000136
  0
CIRCLE
  5
219A
330
1F
100
AcDbEntity
  8
0
100
AcDbCircle
 10
403.2782325448803
 20
94.17427190895846
 30
0.0
 40
0.1100000000000136
  0
CIRCLE
  5
219B
330
1F
100
AcDbEntity
  8
0
100
AcDbCircle
 10
402.9282325448803
 20
107.4742719089584
 30
0.0
 40
0.1100000000000705
  0
CIRCLE
  5
219C
330
1F
100
AcDbEntity
  8
0
100
AcDbCircle
 10
402.9282325448803
 20
107.1242719089582
 30
0.0
 40
0.1100000000000705
  0
CIRCLE
  5
219D
330
1F
100
AcDbEntity
  8
0
100
AcDbCircle
 10
402.9282325448803
 20
106.7742719089583
 30
0.0
 40
0.1100000000000136
  0
CIRCLE
  5
219E
330
1F
100
AcDbEntity
  8
0
100
AcDbCircle
 10
402.9282325448803
 20
106.4242719089584
 30
0.0
 40
0.1100000000000136
  0
CIRCLE
  5
219F
330
1F
100
AcDbEntity
  8
0
100
AcDbCircle
 10
402.9282325448803
 20
106.0742719089583
 30
0.0
 40
0.1100000000000136
  0
CIRCLE
  5
21A0
330
1F
100
AcDbEntity
  8
0
100
AcDbCircle
 10
402.9282325448803
 20
105.7242719089584
 30
0.0
 40
0.1100000000000136
  0
CIRCLE
  5
21A1
330
1F
100
AcDbEntity
  8
0
100
AcDbCircle
 10
402.9282325448803
 20
105.3742719089584
 30
0.0
 40
0.1100000000000136
  0
CIRCLE
  5
21A2
330
1F
100
AcDbEntity
  8
0
100
AcDbCircle
 10
402.9282325448803
 20
105.0242719089583
 30
0.0
 40
0.1100000000000136
  0
CIRCLE
  5
21A3
330
1F
100
AcDbEntity
  8
0
100
AcDbCircle
 10
402.9282325448803
 20
104.6742719089584
 30
0.0
 40
0.1100000000000136
  0
CIRCLE
  5
21A4
330
1F
100
AcDbEntity
  8
0
100
AcDbCircle
 10
402.9282325448803
 20
103.2742719089583
 30
0.0
 40
0.1100000000000136
  0
CIRCLE
  5
21A5
330
1F
100
AcDbEntity
  8
0
100
AcDbCircle
 10
402.9282325448803
 20
102.9242719089584
 30
0.0
 40
0.1100000000000136
  0
CIRCLE
  5
21A6
330
1F
100
AcDbEntity
  8
0
100
AcDbCircle
 10
402.9282325448803
 20
102.2242719089584
 30
0.0
 40
0.1100000000000136
  0
CIRCLE
  5
21A7
330
1F
100
AcDbEntity
  8
0
100
AcDbCircle
 10
403.2782325448803
 20
95.57427190895834
 30
0.0
 40
0.1100000000000136
  0
CIRCLE
  5
21A8
330
1F
100
AcDbEntity
  8
0
100
AcDbCircle
 10
403.2782325448803
 20
95.92427190895843
 30
0.0
 40
0.1100000000000136
  0
CIRCLE
  5
21A9
330
1F
100
AcDbEntity
  8
0
100
AcDbCircle
 10
403.2782325448803
 20
96.27427190895836
 30
0.0
 40
0.1100000000000136
  0
CIRCLE
  5
21AA
330
1F
100
AcDbEntity
  8
0
100
AcDbCircle
 10
403.2782325448803
 20
96.62427190895826
 30
0.0
 40
0.1100000000000136
  0
CIRCLE
  5
21AB
330
1F
100
AcDbEntity
  8
0
100
AcDbCircle
 10
403.2782325448803
 20
96.97427190895846
 30
0.0
 40
0.1100000000000136
  0
CIRCLE
  5
21AC
330
1F
100
AcDbEntity
  8
0
100
AcDbCircle
 10
403.2782325448803
 20
97.32427190895833
 30
0.0
 40
0.1100000000000136
  0
CIRCLE
  5
21AD
330
1F
100
AcDbEntity
  8
0
100
AcDbCircle
 10
403.2782325448803
 20
97.67427190895844
 30
0.0
 40
0.1100000000000136
  0
CIRCLE
  5
21AE
330
1F
100
AcDbEntity
  8
0
100
AcDbCircle
 10
403.2782325448803
 20
98.02427190895835
 30
0.0
 40
0.1100000000000136
  0
CIRCLE
  5
21AF
330
1F
100
AcDbEntity
  8
0
100
AcDbCircle
 10
403.2782325448803
 20
98.37427190895823
 30
0.0
 40
0.1100000000000136
  0
CIRCLE
  5
21B0
330
1F
100
AcDbEntity
  8
0
100
AcDbCircle
 10
403.2782325448803
 20
98.72427190895848
 30
0.0
 40
0.1100000000000136
  0
CIRCLE
  5
21B1
330
1F
100
AcDbEntity
  8
0
100
AcDbCircle
 10
403.2782325448803
 20
99.07427190895834
 30
0.0
 40
0.1100000000000136
  0
CIRCLE
  5
21B2
330
1F
100
AcDbEntity
  8
0
100
AcDbCircle
 10
403.2782325448803
 20
99.77427190895832
 30
0.0
 40
0.1100000000000136
  0
CIRCLE
  5
21B3
330
1F
100
AcDbEntity
  8
0
100
AcDbCircle
 10
403.2782325448803
 20
100.4742719089585
 30
0.0
 40
0.1100000000000136
  0
CIRCLE
  5
21B4
330
1F
100
AcDbEntity
  8
0
100
AcDbCircle
 10
403.2782325448803
 20
101.1742719089584
 30
0.0
 40
0.1100000000000705
  0
CIRCLE
  5
21B5
330
1F
100
AcDbEntity
  8
0
100
AcDbCircle
 10
403.2782325448803
 20
101.8742719089582
 30
0.0
 40
0.1100000000000705
  0
CIRCLE
  5
21B6
330
1F
100
AcDbEntity
  8
0
100
AcDbCircle
 10
403.2782325448803
 20
102.5742719089583
 30
0.0
 40
0.1100000000000136
  0
CIRCLE
  5
21B7
330
1F
100
AcDbEntity
  8
0
100
AcDbCircle
 10
407.1282325448803
 20
106.0742719089584
 30
0.0
 40
0.1100000000000136
  0
CIRCLE
  5
21B8
330
1F
100
AcDbEntity
  8
0
100
AcDbCircle
 10
407.1282325448803
 20
106.4242719089585
 30
0.0
 40
0.1100000000000136
  0
CIRCLE
  5
21B9
330
1F
100
AcDbEntity
  8
0
100
AcDbCircle
 10
407.1282325448803
 20
106.7742719089583
 30
0.0
 40
0.1100000000000136
  0
CIRCLE
  5
21BA
330
1F
100
AcDbEntity
  8
0
100
AcDbCircle
 10
407.1282325448803
 20
107.1242719089583
 30
0.0
 40
0.1100000000000705
  0
CIRCLE
  5
21BB
330
1F
100
AcDbEntity
  8
0
100
AcDbCircle
 10
407.4782325448802
 20
94.87427190895839
 30
0.0
 40
0.1100000000000136
  0
CIRCLE
  5
21BC
330
1F
100
AcDbEntity
  8
0
100
AcDbCircle
 10
407.4782325448802
 20
94.52427190895836
 30
0.0
 40
0.1100000000000136
  0
CIRCLE
  5
21BD
330
1F
100
AcDbEntity
  8
0
100
AcDbCircle
 10
407.4782325448802
 20
94.17427190895848
 30
0.0
 40
0.1100000000000136
  0
CIRCLE
  5
21BE
330
1F
100
AcDbEntity
  8
0
100
AcDbCircle
 10
407.1282325448803
 20
107.4742719089585
 30
0.0
 40
0.1100000000000705
  0
CIRCLE
  5
21BF
330
1F
100
AcDbEntity
  8
0
100
AcDbCircle
 10
407.1282325448803
 20
105.7242719089585
 30
0.0
 40
0.1100000000000136
  0
CIRCLE
  5
21C0
330
1F
100
AcDbEntity
  8
0
100
AcDbCircle
 10
407.1282325448803
 20
105.3742719089584
 30
0.0
 40
0.1100000000000136
  0
CIRCLE
  5
21C1
330
1F
100
AcDbEntity
  8
0
100
AcDbCircle
 10
407.1282325448803
 20
104.6742719089585
 30
0.0
 40
0.1100000000000136
  0
CIRCLE
  5
21C2
330
1F
100
AcDbEntity
  8
0
100
AcDbCircle
 10
407.1282325448803
 20
103.2742719089583
 30
0.0
 40
0.1100000000000136
  0
CIRCLE
  5
21C3
330
1F
100
AcDbEntity
  8
0
100
AcDbCircle
 10
407.1282325448803
 20
102.9242719089585
 30
0.0
 40
0.1100000000000136
  0
CIRCLE
  5
21C4
330
1F
100
AcDbEntity
  8
0
100
AcDbCircle
 10
407.1282325448803
 20
102.2242719089585
 30
0.0
 40
0.1100000000000136
  0
CIRCLE
  5
21C5
330
1F
100
AcDbEntity
  8
0
100
AcDbCircle
 10
407.1282325448803
 20
101.5242719089583
 30
0.0
 40
0.1099999999999568
  0
CIRCLE
  5
21C6
330
1F
100
AcDbEntity
  8
0
100
AcDbCircle
 10
407.1282325448803
 20
100.8242719089583
 30
0.0
 40
0.1100000000000136
  0
CIRCLE
  5
21C7
330
1F
100
AcDbEntity
  8
0
100
AcDbCircle
 10
407.4782325448802
 20
95.22427190895848
 30
0.0
 40
0.1100000000000136
  0
CIRCLE
  5
21C8
330
1F
100
AcDbEntity
  8
0
100
AcDbCircle
 10
407.4782325448802
 20
95.57427190895838
 30
0.0
 40
0.1100000000000136
  0
CIRCLE
  5
21C9
330
1F
100
AcDbEntity
  8
0
100
AcDbCircle
 10
407.4782325448802
 20
95.92427190895849
 30
0.0
 40
0.1100000000000136
  0
CIRCLE
  5
21CA
330
1F
100
AcDbEntity
  8
0
100
AcDbCircle
 10
407.4782325448802
 20
96.27427190895838
 30
0.0
 40
0.1100000000000136
  0
CIRCLE
  5
21CB
330
1F
100
AcDbEntity
  8
0
100
AcDbCircle
 10
407.4782325448802
 20
96.97427190895851
 30
0.0
 40
0.1100000000000136
  0
CIRCLE
  5
21CC
330
1F
100
AcDbEntity
  8
0
100
AcDbCircle
 10
407.4782325448802
 20
97.67427190895849
 30
0.0
 40
0.1100000000000136
  0
CIRCLE
  5
21CD
330
1F
100
AcDbEntity
  8
0
100
AcDbCircle
 10
407.4782325448802
 20
98.3742719089583
 30
0.0
 40
0.1100000000000136
  0
CIRCLE
  5
21CE
330
1F
100
AcDbEntity
  8
0
100
AcDbCircle
 10
407.4782325448802
 20
99.07427190895838
 30
0.0
 40
0.1100000000000136
  0
CIRCLE
  5
21CF
330
1F
100
AcDbEntity
  8
0
100
AcDbCircle
 10
407.4782325448802
 20
99.77427190895838
 30
0.0
 40
0.1100000000000136
  0
CIRCLE
  5
21D0
330
1F
100
AcDbEntity
  8
0
100
AcDbCircle
 10
407.4782325448802
 20
100.4742719089585
 30
0.0
 40
0.1100000000000136
  0
CIRCLE
  5
21D1
330
1F
100
AcDbEntity
  8
0
100
AcDbCircle
 10
407.4782325448802
 20
101.1742719089585
 30
0.0
 40
0.1100000000000705
  0
CIRCLE
  5
21D2
330
1F
100
AcDbEntity
  8
0
100
AcDbCircle
 10
407.4782325448802
 20
101.5242719089583
 30
0.0
 40
0.1100000000000705
  0
CIRCLE
  5
21D3
330
1F
100
AcDbEntity
  8
0
100
AcDbCircle
 10
407.4782325448802
 20
101.8742719089583
 30
0.0
 40
0.1100000000000705
  0
CIRCLE
  5
21D4
330
1F
100
AcDbEntity
  8
0
100
AcDbCircle
 10
407.4782325448802
 20
102.5742719089584
 30
0.0
 40
0.1100000000000136
  0
CIRCLE
  5
21D5
330
1F
100
AcDbEntity
  8
0
100
AcDbCircle
 10
407.4782325448802
 20
103.2742719089583
 30
0.0
 40
0.1100000000000136
  0
CIRCLE
  5
21D6
330
1F
100
AcDbEntity
  8
0
100
AcDbCircle
 10
407.4782325448802
 20
104.6742719089585
 30
0.0
 40
0.1100000000000136
  0
CIRCLE
  5
21D7
330
1F
100
AcDbEntity
  8
0
100
AcDbCircle
 10
406.7782325448805
 20
99.77427190895838
 30
0.0
 40
0.1100000000000136
  0
CIRCLE
  5
21D8
330
1F
100
AcDbEntity
  8
0
100
AcDbCircle
 10
406.7782325448805
 20
100.4742719089585
 30
0.0
 40
0.1100000000000136
  0
CIRCLE
  5
21D9
330
1F
100
AcDbEntity
  8
0
100
AcDbCircle
 10
406.7782325448805
 20
101.1742719089585
 30
0.0
 40
0.1100000000000136
  0
CIRCLE
  5
21DA
330
1F
100
AcDbEntity
  8
0
100
AcDbCircle
 10
406.7782325448804
 20
101.8742719089583
 30
0.0
 40
0.1099999999999568
  0
CIRCLE
  5
21DB
330
1F
100
AcDbEntity
  8
0
100
AcDbCircle
 10
406.7782325448804
 20
102.5742719089584
 30
0.0
 40
0.1100000000000136
  0
CIRCLE
  5
21DC
330
1F
100
AcDbEntity
  8
0
100
AcDbCircle
 10
406.7782325448804
 20
102.9242719089585
 30
0.0
 40
0.1100000000000136
  0
CIRCLE
  5
21DD
330
1F
100
AcDbEntity
  8
0
100
AcDbCircle
 10
406.7782325448804
 20
103.2742719089583
 30
0.0
 40
0.1100000000000136
  0
CIRCLE
  5
21DE
330
1F
100
AcDbEntity
  8
0
100
AcDbCircle
 10
406.7782325448804
 20
103.6242719089583
 30
0.0
 40
0.1100000000000136
  0
CIRCLE
  5
21DF
330
1F
100
AcDbEntity
  8
0
100
AcDbCircle
 10
406.7782325448804
 20
103.9742719089585
 30
0.0
 40
0.1100000000000136
  0
CIRCLE
  5
21E0
330
1F
100
AcDbEntity
  8
0
100
AcDbCircle
 10
406.7782325448804
 20
104.3242719089584
 30
0.0
 40
0.1100000000000136
  0
CIRCLE
  5
21E1
330
1F
100
AcDbEntity
  8
0
100
AcDbCircle
 10
406.7782325448804
 20
104.6742719089585
 30
0.0
 40
0.1100000000000136
  0
CIRCLE
  5
21E2
330
1F
100
AcDbEntity
  8
0
100
AcDbCircle
 10
406.7782325448804
 20
105.3742719089584
 30
0.0
 40
0.1100000000000136
  0
CIRCLE
  5
21E3
330
1F
100
AcDbEntity
  8
0
100
AcDbCircle
 10
406.7782325448804
 20
105.7242719089585
 30
0.0
 40
0.1100000000000136
  0
CIRCLE
  5
21E4
330
1F
100
AcDbEntity
  8
0
100
AcDbCircle
 10
406.7782325448804
 20
106.0742719089584
 30
0.0
 40
0.1100000000000136
  0
CIRCLE
  5
21E5
330
1F
100
AcDbEntity
  8
0
100
AcDbCircle
 10
406.7782325448804
 20
106.4242719089585
 30
0.0
 40
0.1100000000000136
  0
CIRCLE
  5
21E6
330
1F
100
AcDbEntity
  8
0
100
AcDbCircle
 10
406.7782325448804
 20
106.7742719089583
 30
0.0
 40
0.1100000000000136
  0
CIRCLE
  5
21E7
330
1F
100
AcDbEntity
  8
0
100
AcDbCircle
 10
407.1282325448803
 20
100.1242719089584
 30
0.0
 40
0.1100000000000136
  0
CIRCLE
  5
21E8
330
1F
100
AcDbEntity
  8
0
100
AcDbCircle
 10
407.1282325448803
 20
99.77427190895838
 30
0.0
 40
0.1100000000000136
  0
CIRCLE
  5
21E9
330
1F
100
AcDbEntity
  8
0
100
AcDbCircle
 10
407.1282325448803
 20
99.42427190895848
 30
0.0
 40
0.1100000000000136
  0
CIRCLE
  5
21EA
330
1F
100
AcDbEntity
  8
0
100
AcDbCircle
 10
407.1282325448803
 20
98.72427190895848
 30
0.0
 40
0.1100000000000136
  0
CIRCLE
  5
21EB
330
1F
100
AcDbEntity
  8
0
100
AcDbCircle
 10
407.1282325448803
 20
98.02427190895841
 30
0.0
 40
0.1100000000000136
  0
CIRCLE
  5
21EC
330
1F
100
AcDbEntity
  8
0
100
AcDbCircle
 10
407.1282325448803
 20
97.3242719089584
 30
0.0
 40
0.1100000000000136
  0
CIRCLE
  5
21ED
330
1F
100
AcDbEntity
  8
0
100
AcDbCircle
 10
407.1282325448803
 20
96.62427190895828
 30
0.0
 40
0.1100000000000136
  0
CIRCLE
  5
21EE
330
1F
100
AcDbEntity
  8
0
100
AcDbCircle
 10
407.1282325448803
 20
96.27427190895838
 30
0.0
 40
0.1100000000000136
  0
CIRCLE
  5
21EF
330
1F
100
AcDbEntity
  8
0
100
AcDbCircle
 10
406.7782325448804
 20
107.1242719089583
 30
0.0
 40
0.1100000000000136
  0
CIRCLE
  5
21F0
330
1F
100
AcDbEntity
  8
0
100
AcDbCircle
 10
406.7782325448804
 20
107.4742719089585
 30
0.0
 40
0.1100000000000705
  0
CIRCLE
  5
21F1
330
1F
100
AcDbEntity
  8
0
100
AcDbCircle
 10
407.1282325448803
 20
94.17427190895848
 30
0.0
 40
0.1100000000000136
  0
CIRCLE
  5
21F2
330
1F
100
AcDbEntity
  8
0
100
AcDbCircle
 10
407.1282325448803
 20
94.52427190895836
 30
0.0
 40
0.1100000000000136
  0
CIRCLE
  5
21F3
330
1F
100
AcDbEntity
  8
0
100
AcDbCircle
 10
407.1282325448803
 20
94.87427190895839
 30
0.0
 40
0.1100000000000136
  0
CIRCLE
  5
21F4
330
1F
100
AcDbEntity
  8
0
100
AcDbCircle
 10
407.1282325448803
 20
95.22427190895848
 30
0.0
 40
0.1100000000000136
  0
CIRCLE
  5
21F5
330
1F
100
AcDbEntity
  8
0
100
AcDbCircle
 10
407.1282325448803
 20
95.57427190895838
 30
0.0
 40
0.1100000000000136
  0
CIRCLE
  5
21F6
330
1F
100
AcDbEntity
  8
0
100
AcDbCircle
 10
407.1282325448803
 20
95.92427190895849
 30
0.0
 40
0.1100000000000136
  0
CIRCLE
  5
21F7
330
1F
100
AcDbEntity
  8
0
100
AcDbCircle
 10
408.1782325448806
 20
101.1742719089585
 30
0.0
 40
0.1100000000000136
  0
CIRCLE
  5
21F8
330
1F
100
AcDbEntity
  8
0
100
AcDbCircle
 10
408.1782325448806
 20
100.4742719089585
 30
0.0
 40
0.1099999999999568
  0
CIRCLE
  5
21F9
330
1F
100
AcDbEntity
  8
0
100
AcDbCircle
 10
408.1782325448806
 20
99.77427190895838
 30
0.0
 40
0.1099999999999568
  0
CIRCLE
  5
21FA
330
1F
100
AcDbEntity
  8
0
100
AcDbCircle
 10
408.1782325448806
 20
99.07427190895839
 30
0.0
 40
0.1099999999999568
  0
CIRCLE
  5
21FB
330
1F
100
AcDbEntity
  8
0
100
AcDbCircle
 10
408.1782325448806
 20
98.3742719089583
 30
0.0
 40
0.1099999999999568
  0
CIRCLE
  5
21FC
330
1F
100
AcDbEntity
  8
0
100
AcDbCircle
 10
408.1782325448806
 20
97.67427190895851
 30
0.0
 40
0.1099999999999568
  0
CIRCLE
  5
21FD
330
1F
100
AcDbEntity
  8
0
100
AcDbCircle
 10
408.1782325448806
 20
96.97427190895851
 30
0.0
 40
0.1099999999999568
  0
CIRCLE
  5
21FE
330
1F
100
AcDbEntity
  8
0
100
AcDbCircle
 10
408.1782325448806
 20
96.2742719089584
 30
0.0
 40
0.1099999999998999
  0
CIRCLE
  5
21FF
330
1F
100
AcDbEntity
  8
0
100
AcDbCircle
 10
407.82823254488
 20
107.1242719089583
 30
0.0
 40
0.1100000000000705
  0
CIRCLE
  5
2200
330
1F
100
AcDbEntity
  8
0
100
AcDbCircle
 10
407.82823254488
 20
107.4742719089585
 30
0.0
 40
0.1100000000000705
  0
CIRCLE
  5
2201
330
1F
100
AcDbEntity
  8
0
100
AcDbCircle
 10
408.1782325448806
 20
94.17427190895852
 30
0.0
 40
0.1099999999999568
  0
CIRCLE
  5
2202
330
1F
100
AcDbEntity
  8
0
100
AcDbCircle
 10
408.1782325448806
 20
94.52427190895839
 30
0.0
 40
0.1099999999999568
  0
CIRCLE
  5
2203
330
1F
100
AcDbEntity
  8
0
100
AcDbCircle
 10
408.1782325448806
 20
94.87427190895839
 30
0.0
 40
0.1099999999999568
  0
CIRCLE
  5
2204
330
1F
100
AcDbEntity
  8
0
100
AcDbCircle
 10
408.1782325448806
 20
95.22427190895852
 30
0.0
 40
0.1099999999999568
  0
CIRCLE
  5
2205
330
1F
100
AcDbEntity
  8
0
100
AcDbCircle
 10
408.1782325448806
 20
95.5742719089584
 30
0.0
 40
0.1099999999999568
  0
CIRCLE
  5
2206
330
1F
100
AcDbEntity
  8
0
100
AcDbCircle
 10
408.1782325448806
 20
95.92427190895849
 30
0.0
 40
0.1099999999999568
  0
CIRCLE
  5
2207
330
1F
100
AcDbEntity
  8
0
100
AcDbCircle
 10
408.1782325448805
 20
105.3742719089584
 30
0.0
 40
0.1099999999999568
  0
CIRCLE
  5
2208
330
1F
100
AcDbEntity
  8
0
100
AcDbCircle
 10
408.1782325448805
 20
105.7242719089585
 30
0.0
 40
0.1099999999999568
  0
CIRCLE
  5
2209
330
1F
100
AcDbEntity
  8
0
100
AcDbCircle
 10
408.1782325448805
 20
106.0742719089584
 30
0.0
 40
0.1099999999999568
  0
CIRCLE
  5
220A
330
1F
100
AcDbEntity
  8
0
100
AcDbCircle
 10
408.1782325448805
 20
106.4242719089585
 30
0.0
 40
0.1099999999999568
  0
CIRCLE
  5
220B
330
1F
100
AcDbEntity
  8
0
100
AcDbCircle
 10
408.1782325448805
 20
106.7742719089584
 30
0.0
 40
0.1099999999999568
  0
CIRCLE
  5
220C
330
1F
100
AcDbEntity
  8
0
100
AcDbCircle
 10
408.1782325448805
 20
107.4742719089585
 30
0.0
 40
0.1099999999999568
  0
CIRCLE
  5
220D
330
1F
100
AcDbEntity
  8
0
100
AcDbCircle
 10
408.5282325448805
 20
94.17427190895852
 30
0.0
 40
0.1099999999999568
  0
CIRCLE
  5
220E
330
1F
100
AcDbEntity
  8
0
100
AcDbCircle
 10
408.5282325448805
 20
94.52427190895839
 30
0.0
 40
0.1099999999999568
  0
CIRCLE
  5
220F
330
1F
100
AcDbEntity
  8
0
100
AcDbCircle
 10
408.1782325448805
 20
104.6742719089585
 30
0.0
 40
0.1099999999999568
  0
CIRCLE
  5
2210
330
1F
100
AcDbEntity
  8
0
100
AcDbCircle
 10
408.1782325448805
 20
104.3242719089584
 30
0.0
 40
0.1099999999999568
  0
CIRCLE
  5
2211
330
1F
100
AcDbEntity
  8
0
100
AcDbCircle
 10
408.1782325448805
 20
103.9742719089585
 30
0.0
 40
0.1099999999999568
  0
CIRCLE
  5
2212
330
1F
100
AcDbEntity
  8
0
100
AcDbCircle
 10
408.1782325448805
 20
103.6242719089583
 30
0.0
 40
0.1099999999999568
  0
CIRCLE
  5
2213
330
1F
100
AcDbEntity
  8
0
100
AcDbCircle
 10
408.1782325448805
 20
103.2742719089584
 30
0.0
 40
0.1099999999999568
  0
CIRCLE
  5
2214
330
1F
100
AcDbEntity
  8
0
100
AcDbCircle
 10
408.1782325448805
 20
102.5742719089584
 30
0.0
 40
0.1099999999999568
  0
CIRCLE
  5
2215
330
1F
100
AcDbEntity
  8
0
100
AcDbCircle
 10
408.1782325448806
 20
101.8742719089583
 30
0.0
 40
0.1100000000000136
  0
CIRCLE
  5
2216
330
1F
100
AcDbEntity
  8
0
100
AcDbCircle
 10
408.1782325448806
 20
101.5242719089584
 30
0.0
 40
0.1100000000000136
  0
CIRCLE
  5
2217
330
1F
100
AcDbEntity
  8
0
100
AcDbCircle
 10
407.4782325448802
 20
105.0242719089583
 30
0.0
 40
0.1100000000000136
  0
CIRCLE
  5
2218
330
1F
100
AcDbEntity
  8
0
100
AcDbCircle
 10
407.4782325448802
 20
105.3742719089584
 30
0.0
 40
0.1100000000000136
  0
CIRCLE
  5
2219
330
1F
100
AcDbEntity
  8
0
100
AcDbCircle
 10
407.4782325448802
 20
105.7242719089585
 30
0.0
 40
0.1100000000000136
  0
CIRCLE
  5
221A
330
1F
100
AcDbEntity
  8
0
100
AcDbCircle
 10
407.4782325448802
 20
106.0742719089584
 30
0.0
 40
0.1100000000000136
  0
CIRCLE
  5
221B
330
1F
100
AcDbEntity
  8
0
100
AcDbCircle
 10
407.4782325448802
 20
106.4242719089585
 30
0.0
 40
0.1100000000000136
  0
CIRCLE
  5
221C
330
1F
100
AcDbEntity
  8
0
100
AcDbCircle
 10
407.4782325448802
 20
106.7742719089583
 30
0.0
 40
0.1100000000000136
  0
CIRCLE
  5
221D
330
1F
100
AcDbEntity
  8
0
100
AcDbCircle
 10
407.4782325448801
 20
107.1242719089583
 30
0.0
 40
0.1099999999999568
  0
CIRCLE
  5
221E
330
1F
100
AcDbEntity
  8
0
100
AcDbCircle
 10
407.4782325448801
 20
107.4742719089585
 30
0.0
 40
0.1099999999999568
  0
CIRCLE
  5
221F
330
1F
100
AcDbEntity
  8
0
100
AcDbCircle
 10
407.8282325448801
 20
94.17427190895848
 30
0.0
 40
0.1100000000000136
  0
CIRCLE
  5
2220
330
1F
100
AcDbEntity
  8
0
100
AcDbCircle
 10
407.8282325448801
 20
94.52427190895836
 30
0.0
 40
0.1100000000000136
  0
CIRCLE
  5
2221
330
1F
100
AcDbEntity
  8
0
100
AcDbCircle
 10
407.8282325448801
 20
94.87427190895839
 30
0.0
 40
0.1100000000000136
  0
CIRCLE
  5
2222
330
1F
100
AcDbEntity
  8
0
100
AcDbCircle
 10
407.8282325448801
 20
95.22427190895848
 30
0.0
 40
0.1100000000000136
  0
CIRCLE
  5
2223
330
1F
100
AcDbEntity
  8
0
100
AcDbCircle
 10
407.8282325448801
 20
95.57427190895838
 30
0.0
 40
0.1100000000000136
  0
CIRCLE
  5
2224
330
1F
100
AcDbEntity
  8
0
100
AcDbCircle
 10
407.8282325448801
 20
95.92427190895849
 30
0.0
 40
0.1100000000000136
  0
CIRCLE
  5
2225
330
1F
100
AcDbEntity
  8
0
100
AcDbCircle
 10
407.8282325448801
 20
96.27427190895838
 30
0.0
 40
0.1100000000000705
  0
CIRCLE
  5
2226
330
1F
100
AcDbEntity
  8
0
100
AcDbCircle
 10
407.8282325448801
 20
96.62427190895828
 30
0.0
 40
0.1100000000000136
  0
CIRCLE
  5
2227
330
1F
100
AcDbEntity
  8
0
100
AcDbCircle
 10
407.8282325448801
 20
97.3242719089584
 30
0.0
 40
0.1100000000000136
  0
CIRCLE
  5
2228
330
1F
100
AcDbEntity
  8
0
100
AcDbCircle
 10
407.8282325448801
 20
98.02427190895841
 30
0.0
 40
0.1100000000000136
  0
CIRCLE
  5
2229
330
1F
100
AcDbEntity
  8
0
100
AcDbCircle
 10
407.8282325448801
 20
98.72427190895848
 30
0.0
 40
0.1100000000000136
  0
CIRCLE
  5
222A
330
1F
100
AcDbEntity
  8
0
100
AcDbCircle
 10
407.8282325448801
 20
100.1242719089584
 30
0.0
 40
0.1100000000000136
  0
CIRCLE
  5
222B
330
1F
100
AcDbEntity
  8
0
100
AcDbCircle
 10
407.8282325448801
 20
100.8242719089583
 30
0.0
 40
0.1100000000000136
  0
CIRCLE
  5
222C
330
1F
100
AcDbEntity
  8
0
100
AcDbCircle
 10
407.82823254488
 20
101.5242719089583
 30
0.0
 40
0.1099999999999568
  0
CIRCLE
  5
222D
330
1F
100
AcDbEntity
  8
0
100
AcDbCircle
 10
407.82823254488
 20
102.2242719089585
 30
0.0
 40
0.1100000000000136
  0
CIRCLE
  5
222E
330
1F
100
AcDbEntity
  8
0
100
AcDbCircle
 10
407.82823254488
 20
102.9242719089585
 30
0.0
 40
0.1100000000000136
  0
CIRCLE
  5
222F
330
1F
100
AcDbEntity
  8
0
100
AcDbCircle
 10
407.82823254488
 20
103.2742719089583
 30
0.0
 40
0.1100000000000136
  0
CIRCLE
  5
2230
330
1F
100
AcDbEntity
  8
0
100
AcDbCircle
 10
407.82823254488
 20
104.6742719089585
 30
0.0
 40
0.1100000000000136
  0
CIRCLE
  5
2231
330
1F
100
AcDbEntity
  8
0
100
AcDbCircle
 10
407.82823254488
 20
105.0242719089583
 30
0.0
 40
0.1100000000000136
  0
CIRCLE
  5
2232
330
1F
100
AcDbEntity
  8
0
100
AcDbCircle
 10
407.82823254488
 20
105.3742719089584
 30
0.0
 40
0.1100000000000136
  0
CIRCLE
  5
2233
330
1F
100
AcDbEntity
  8
0
100
AcDbCircle
 10
407.82823254488
 20
105.7242719089585
 30
0.0
 40
0.1100000000000136
  0
CIRCLE
  5
2234
330
1F
100
AcDbEntity
  8
0
100
AcDbCircle
 10
407.82823254488
 20
106.0742719089584
 30
0.0
 40
0.1100000000000136
  0
CIRCLE
  5
2235
330
1F
100
AcDbEntity
  8
0
100
AcDbCircle
 10
407.82823254488
 20
106.4242719089585
 30
0.0
 40
0.1100000000000136
  0
CIRCLE
  5
2236
330
1F
100
AcDbEntity
  8
0
100
AcDbCircle
 10
407.82823254488
 20
106.7742719089583
 30
0.0
 40
0.1100000000000136
  0
CIRCLE
  5
2237
330
1F
100
AcDbEntity
  8
0
100
AcDbCircle
 10
405.7282325448801
 20
97.32427190895835
 30
0.0
 40
0.1099999999999568
  0
CIRCLE
  5
2238
330
1F
100
AcDbEntity
  8
0
100
AcDbCircle
 10
405.7282325448801
 20
97.67427190895846
 30
0.0
 40
0.1099999999999568
  0
CIRCLE
  5
2239
330
1F
100
AcDbEntity
  8
0
100
AcDbCircle
 10
405.7282325448801
 20
98.02427190895835
 30
0.0
 40
0.1099999999999568
  0
CIRCLE
  5
223A
330
1F
100
AcDbEntity
  8
0
100
AcDbCircle
 10
405.7282325448801
 20
99.42427190895848
 30
0.0
 40
0.1099999999999568
  0
CIRCLE
  5
223B
330
1F
100
AcDbEntity
  8
0
100
AcDbCircle
 10
405.7282325448801
 20
100.1242719089584
 30
0.0
 40
0.1099999999999568
  0
CIRCLE
  5
223C
330
1F
100
AcDbEntity
  8
0
100
AcDbCircle
 10
405.7282325448801
 20
100.8242719089583
 30
0.0
 40
0.1099999999999568
  0
CIRCLE
  5
223D
330
1F
100
AcDbEntity
  8
0
100
AcDbCircle
 10
405.7282325448801
 20
101.5242719089583
 30
0.0
 40
0.1099999999998999
  0
CIRCLE
  5
223E
330
1F
100
AcDbEntity
  8
0
100
AcDbCircle
 10
405.7282325448801
 20
101.8742719089582
 30
0.0
 40
0.1099999999998999
  0
CIRCLE
  5
223F
330
1F
100
AcDbEntity
  8
0
100
AcDbCircle
 10
405.7282325448801
 20
102.2242719089585
 30
0.0
 40
0.1099999999999568
  0
CIRCLE
  5
2240
330
1F
100
AcDbEntity
  8
0
100
AcDbCircle
 10
405.7282325448801
 20
102.5742719089583
 30
0.0
 40
0.1099999999999568
  0
CIRCLE
  5
2241
330
1F
100
AcDbEntity
  8
0
100
AcDbCircle
 10
405.7282325448801
 20
102.9242719089584
 30
0.0
 40
0.1099999999999568
  0
CIRCLE
  5
2242
330
1F
100
AcDbEntity
  8
0
100
AcDbCircle
 10
405.7282325448801
 20
103.2742719089583
 30
0.0
 40
0.1099999999999568
  0
CIRCLE
  5
2243
330
1F
100
AcDbEntity
  8
0
100
AcDbCircle
 10
405.7282325448801
 20
103.6242719089582
 30
0.0
 40
0.1099999999999568
  0
CIRCLE
  5
2244
330
1F
100
AcDbEntity
  8
0
100
AcDbCircle
 10
405.7282325448801
 20
103.9742719089585
 30
0.0
 40
0.1099999999999568
  0
CIRCLE
  5
2245
330
1F
100
AcDbEntity
  8
0
100
AcDbCircle
 10
405.7282325448801
 20
104.3242719089583
 30
0.0
 40
0.1099999999999568
  0
CIRCLE
  5
2246
330
1F
100
AcDbEntity
  8
0
100
AcDbCircle
 10
405.7282325448801
 20
104.6742719089584
 30
0.0
 40
0.1099999999999568
  0
CIRCLE
  5
2247
330
1F
100
AcDbEntity
  8
0
100
AcDbCircle
 10
406.0782325448801
 20
98.02427190895835
 30
0.0
 40
0.1100000000000136
  0
CIRCLE
  5
2248
330
1F
100
AcDbEntity
  8
0
100
AcDbCircle
 10
406.0782325448801
 20
97.67427190895849
 30
0.0
 40
0.1100000000000136
  0
CIRCLE
  5
2249
330
1F
100
AcDbEntity
  8
0
100
AcDbCircle
 10
406.0782325448801
 20
97.32427190895835
 30
0.0
 40
0.1100000000000136
  0
CIRCLE
  5
224A
330
1F
100
AcDbEntity
  8
0
100
AcDbCircle
 10
406.0782325448802
 20
95.92427190895849
 30
0.0
 40
0.1100000000000136
  0
CIRCLE
  5
224B
330
1F
100
AcDbEntity
  8
0
100
AcDbCircle
 10
406.0782325448802
 20
95.57427190895834
 30
0.0
 40
0.1100000000000136
  0
CIRCLE
  5
224C
330
1F
100
AcDbEntity
  8
0
100
AcDbCircle
 10
406.0782325448802
 20
95.22427190895848
 30
0.0
 40
0.1100000000000136
  0
CIRCLE
  5
224D
330
1F
100
AcDbEntity
  8
0
100
AcDbCircle
 10
406.0782325448802
 20
94.87427190895839
 30
0.0
 40
0.1100000000000136
  0
CIRCLE
  5
224E
330
1F
100
AcDbEntity
  8
0
100
AcDbCircle
 10
406.0782325448802
 20
94.52427190895836
 30
0.0
 40
0.1100000000000136
  0
CIRCLE
  5
224F
330
1F
100
AcDbEntity
  8
0
100
AcDbCircle
 10
405.7282325448801
 20
105.0242719089583
 30
0.0
 40
0.1099999999999568
  0
CIRCLE
  5
2250
330
1F
100
AcDbEntity
  8
0
100
AcDbCircle
 10
405.7282325448801
 20
105.7242719089584
 30
0.0
 40
0.1099999999999568
  0
CIRCLE
  5
2251
330
1F
100
AcDbEntity
  8
0
100
AcDbCircle
 10
405.7282325448801
 20
106.0742719089583
 30
0.0
 40
0.1099999999999568
  0
CIRCLE
  5
2252
330
1F
100
AcDbEntity
  8
0
100
AcDbCircle
 10
405.7282325448801
 20
106.4242719089584
 30
0.0
 40
0.1099999999999568
  0
CIRCLE
  5
2253
330
1F
100
AcDbEntity
  8
0
100
AcDbCircle
 10
406.0782325448802
 20
94.17427190895848
 30
0.0
 40
0.1100000000000136
  0
CIRCLE
  5
2254
330
1F
100
AcDbEntity
  8
0
100
AcDbCircle
 10
405.7282325448801
 20
107.4742719089584
 30
0.0
 40
0.1100000000000136
  0
CIRCLE
  5
2255
330
1F
100
AcDbEntity
  8
0
100
AcDbCircle
 10
405.7282325448801
 20
107.1242719089582
 30
0.0
 40
0.1100000000000136
  0
CIRCLE
  5
2256
330
1F
100
AcDbEntity
  8
0
100
AcDbCircle
 10
405.7282325448801
 20
106.7742719089583
 30
0.0
 40
0.1099999999999568
  0
CIRCLE
  5
2257
330
1F
100
AcDbEntity
  8
0
100
AcDbCircle
 10
405.3782325448803
 20
94.52427190895836
 30
0.0
 40
0.1099999999999568
  0
CIRCLE
  5
2258
330
1F
100
AcDbEntity
  8
0
100
AcDbCircle
 10
405.3782325448803
 20
94.87427190895838
 30
0.0
 40
0.1099999999999568
  0
CIRCLE
  5
2259
330
1F
100
AcDbEntity
  8
0
100
AcDbCircle
 10
405.3782325448803
 20
95.22427190895848
 30
0.0
 40
0.1099999999999568
  0
CIRCLE
  5
225A
330
1F
100
AcDbEntity
  8
0
100
AcDbCircle
 10
405.3782325448803
 20
95.57427190895834
 30
0.0
 40
0.1099999999999568
  0
CIRCLE
  5
225B
330
1F
100
AcDbEntity
  8
0
100
AcDbCircle
 10
405.3782325448803
 20
95.92427190895843
 30
0.0
 40
0.1099999999999568
  0
CIRCLE
  5
225C
330
1F
100
AcDbEntity
  8
0
100
AcDbCircle
 10
405.3782325448802
 20
97.32427190895835
 30
0.0
 40
0.1099999999999568
  0
CIRCLE
  5
225D
330
1F
100
AcDbEntity
  8
0
100
AcDbCircle
 10
405.3782325448802
 20
97.67427190895846
 30
0.0
 40
0.1099999999999568
  0
CIRCLE
  5
225E
330
1F
100
AcDbEntity
  8
0
100
AcDbCircle
 10
405.3782325448802
 20
98.02427190895835
 30
0.0
 40
0.1099999999999568
  0
CIRCLE
  5
225F
330
1F
100
AcDbEntity
  8
0
100
AcDbCircle
 10
405.3782325448802
 20
99.42427190895848
 30
0.0
 40
0.1099999999999568
  0
CIRCLE
  5
2260
330
1F
100
AcDbEntity
  8
0
100
AcDbCircle
 10
405.3782325448802
 20
99.77427190895834
 30
0.0
 40
0.1099999999999568
  0
CIRCLE
  5
2261
330
1F
100
AcDbEntity
  8
0
100
AcDbCircle
 10
405.3782325448802
 20
100.4742719089585
 30
0.0
 40
0.1099999999999568
  0
CIRCLE
  5
2262
330
1F
100
AcDbEntity
  8
0
100
AcDbCircle
 10
405.3782325448802
 20
101.1742719089584
 30
0.0
 40
0.1100000000000136
  0
CIRCLE
  5
2263
330
1F
100
AcDbEntity
  8
0
100
AcDbCircle
 10
405.3782325448802
 20
101.8742719089582
 30
0.0
 40
0.1100000000000136
  0
CIRCLE
  5
2264
330
1F
100
AcDbEntity
  8
0
100
AcDbCircle
 10
405.3782325448802
 20
102.5742719089583
 30
0.0
 40
0.1099999999999568
  0
CIRCLE
  5
2265
330
1F
100
AcDbEntity
  8
0
100
AcDbCircle
 10
405.3782325448802
 20
102.9242719089584
 30
0.0
 40
0.1099999999999568
  0
CIRCLE
  5
2266
330
1F
100
AcDbEntity
  8
0
100
AcDbCircle
 10
405.3782325448802
 20
103.2742719089583
 30
0.0
 40
0.1099999999999568
  0
CIRCLE
  5
2267
330
1F
100
AcDbEntity
  8
0
100
AcDbCircle
 10
405.3782325448801
 20
107.1242719089582
 30
0.0
 40
0.1099999999998999
  0
CIRCLE
  5
2268
330
1F
100
AcDbEntity
  8
0
100
AcDbCircle
 10
405.3782325448801
 20
107.4742719089584
 30
0.0
 40
0.1099999999998999
  0
CIRCLE
  5
2269
330
1F
100
AcDbEntity
  8
0
100
AcDbCircle
 10
405.7282325448801
 20
94.17427190895848
 30
0.0
 40
0.1100000000000136
  0
CIRCLE
  5
226A
330
1F
100
AcDbEntity
  8
0
100
AcDbCircle
 10
405.7282325448801
 20
94.52427190895836
 30
0.0
 40
0.1100000000000136
  0
CIRCLE
  5
226B
330
1F
100
AcDbEntity
  8
0
100
AcDbCircle
 10
405.7282325448801
 20
94.87427190895838
 30
0.0
 40
0.1100000000000136
  0
CIRCLE
  5
226C
330
1F
100
AcDbEntity
  8
0
100
AcDbCircle
 10
405.7282325448801
 20
95.22427190895848
 30
0.0
 40
0.1100000000000136
  0
CIRCLE
  5
226D
330
1F
100
AcDbEntity
  8
0
100
AcDbCircle
 10
405.7282325448801
 20
95.57427190895834
 30
0.0
 40
0.1100000000000136
  0
CIRCLE
  5
226E
330
1F
100
AcDbEntity
  8
0
100
AcDbCircle
 10
405.7282325448801
 20
95.92427190895843
 30
0.0
 40
0.1100000000000136
  0
CIRCLE
  5
226F
330
1F
100
AcDbEntity
  8
0
100
AcDbCircle
 10
405.3782325448802
 20
106.7742719089583
 30
0.0
 40
0.1099999999999568
  0
CIRCLE
  5
2270
330
1F
100
AcDbEntity
  8
0
100
AcDbCircle
 10
405.3782325448802
 20
106.4242719089584
 30
0.0
 40
0.1099999999999568
  0
CIRCLE
  5
2271
330
1F
100
AcDbEntity
  8
0
100
AcDbCircle
 10
405.3782325448802
 20
106.0742719089583
 30
0.0
 40
0.1099999999999568
  0
CIRCLE
  5
2272
330
1F
100
AcDbEntity
  8
0
100
AcDbCircle
 10
405.3782325448802
 20
105.3742719089584
 30
0.0
 40
0.1099999999999568
  0
CIRCLE
  5
2273
330
1F
100
AcDbEntity
  8
0
100
AcDbCircle
 10
405.3782325448802
 20
104.6742719089584
 30
0.0
 40
0.1099999999999568
  0
CIRCLE
  5
2274
330
1F
100
AcDbEntity
  8
0
100
AcDbCircle
 10
405.3782325448802
 20
104.3242719089583
 30
0.0
 40
0.1099999999999568
  0
CIRCLE
  5
2275
330
1F
100
AcDbEntity
  8
0
100
AcDbCircle
 10
405.3782325448802
 20
103.9742719089585
 30
0.0
 40
0.1099999999999568
  0
CIRCLE
  5
2276
330
1F
100
AcDbEntity
  8
0
100
AcDbCircle
 10
405.3782325448802
 20
103.6242719089582
 30
0.0
 40
0.1099999999999568
  0
CIRCLE
  5
2277
330
1F
100
AcDbEntity
  8
0
100
AcDbCircle
 10
406.4282325448806
 20
98.72427190895848
 30
0.0
 40
0.1100000000000136
  0
CIRCLE
  5
2278
330
1F
100
AcDbEntity
  8
0
100
AcDbCircle
 10
406.4282325448806
 20
99.07427190895838
 30
0.0
 40
0.1100000000000136
  0
CIRCLE
  5
2279
330
1F
100
AcDbEntity
  8
0
100
AcDbCircle
 10
406.4282325448806
 20
99.42427190895848
 30
0.0
 40
0.1100000000000136
  0
CIRCLE
  5
227A
330
1F
100
AcDbEntity
  8
0
100
AcDbCircle
 10
406.4282325448806
 20
100.1242719089584
 30
0.0
 40
0.1100000000000136
  0
CIRCLE
  5
227B
330
1F
100
AcDbEntity
  8
0
100
AcDbCircle
 10
406.4282325448806
 20
100.8242719089583
 30
0.0
 40
0.1100000000000136
  0
CIRCLE
  5
227C
330
1F
100
AcDbEntity
  8
0
100
AcDbCircle
 10
406.4282325448806
 20
101.5242719089583
 30
0.0
 40
0.1100000000000705
  0
CIRCLE
  5
227D
330
1F
100
AcDbEntity
  8
0
100
AcDbCircle
 10
406.4282325448805
 20
102.2242719089585
 30
0.0
 40
0.1100000000000136
  0
CIRCLE
  5
227E
330
1F
100
AcDbEntity
  8
0
100
AcDbCircle
 10
406.4282325448805
 20
102.5742719089584
 30
0.0
 40
0.1100000000000136
  0
CIRCLE
  5
227F
330
1F
100
AcDbEntity
  8
0
100
AcDbCircle
 10
406.4282325448805
 20
102.9242719089585
 30
0.0
 40
0.1100000000000136
  0
CIRCLE
  5
2280
330
1F
100
AcDbEntity
  8
0
100
AcDbCircle
 10
406.4282325448805
 20
103.2742719089583
 30
0.0
 40
0.1100000000000136
  0
CIRCLE
  5
2281
330
1F
100
AcDbEntity
  8
0
100
AcDbCircle
 10
406.4282325448805
 20
103.6242719089583
 30
0.0
 40
0.1100000000000136
  0
CIRCLE
  5
2282
330
1F
100
AcDbEntity
  8
0
100
AcDbCircle
 10
406.4282325448805
 20
104.3242719089584
 30
0.0
 40
0.1100000000000136
  0
CIRCLE
  5
2283
330
1F
100
AcDbEntity
  8
0
100
AcDbCircle
 10
406.4282325448805
 20
104.6742719089585
 30
0.0
 40
0.1100000000000136
  0
CIRCLE
  5
2284
330
1F
100
AcDbEntity
  8
0
100
AcDbCircle
 10
406.4282325448805
 20
105.0242719089583
 30
0.0
 40
0.1100000000000136
  0
CIRCLE
  5
2285
330
1F
100
AcDbEntity
  8
0
100
AcDbCircle
 10
406.4282325448805
 20
105.3742719089584
 30
0.0
 40
0.1100000000000136
  0
CIRCLE
  5
2286
330
1F
100
AcDbEntity
  8
0
100
AcDbCircle
 10
406.4282325448805
 20
105.7242719089585
 30
0.0
 40
0.1100000000000136
  0
CIRCLE
  5
2287
330
1F
100
AcDbEntity
  8
0
100
AcDbCircle
 10
406.7782325448805
 20
99.07427190895838
 30
0.0
 40
0.1100000000000136
  0
CIRCLE
  5
2288
330
1F
100
AcDbEntity
  8
0
100
AcDbCircle
 10
406.7782325448805
 20
98.3742719089583
 30
0.0
 40
0.1100000000000136
  0
CIRCLE
  5
2289
330
1F
100
AcDbEntity
  8
0
100
AcDbCircle
 10
406.7782325448805
 20
97.67427190895849
 30
0.0
 40
0.1100000000000136
  0
CIRCLE
  5
228A
330
1F
100
AcDbEntity
  8
0
100
AcDbCircle
 10
406.7782325448805
 20
96.97427190895851
 30
0.0
 40
0.1100000000000136
  0
CIRCLE
  5
228B
330
1F
100
AcDbEntity
  8
0
100
AcDbCircle
 10
406.7782325448805
 20
96.27427190895838
 30
0.0
 40
0.1100000000000136
  0
CIRCLE
  5
228C
330
1F
100
AcDbEntity
  8
0
100
AcDbCircle
 10
406.7782325448805
 20
95.92427190895849
 30
0.0
 40
0.1100000000000136
  0
CIRCLE
  5
228D
330
1F
100
AcDbEntity
  8
0
100
AcDbCircle
 10
406.7782325448805
 20
95.57427190895838
 30
0.0
 40
0.1100000000000136
  0
CIRCLE
  5
228E
330
1F
100
AcDbEntity
  8
0
100
AcDbCircle
 10
406.7782325448805
 20
95.22427190895848
 30
0.0
 40
0.1100000000000136
  0
CIRCLE
  5
228F
330
1F
100
AcDbEntity
  8
0
100
AcDbCircle
 10
406.4282325448805
 20
106.0742719089584
 30
0.0
 40
0.1100000000000136
  0
CIRCLE
  5
2290
330
1F
100
AcDbEntity
  8
0
100
AcDbCircle
 10
406.4282325448805
 20
106.4242719089585
 30
0.0
 40
0.1100000000000136
  0
CIRCLE
  5
2291
330
1F
100
AcDbEntity
  8
0
100
AcDbCircle
 10
406.4282325448805
 20
106.7742719089583
 30
0.0
 40
0.1100000000000136
  0
CIRCLE
  5
2292
330
1F
100
AcDbEntity
  8
0
100
AcDbCircle
 10
406.4282325448805
 20
107.1242719089583
 30
0.0
 40
0.1100000000000136
  0
CIRCLE
  5
2293
330
1F
100
AcDbEntity
  8
0
100
AcDbCircle
 10
406.7782325448805
 20
94.87427190895839
 30
0.0
 40
0.1100000000000136
  0
CIRCLE
  5
2294
330
1F
100
AcDbEntity
  8
0
100
AcDbCircle
 10
406.7782325448805
 20
94.52427190895836
 30
0.0
 40
0.1100000000000136
  0
CIRCLE
  5
2295
330
1F
100
AcDbEntity
  8
0
100
AcDbCircle
 10
406.7782325448805
 20
94.17427190895848
 30
0.0
 40
0.1100000000000136
  0
CIRCLE
  5
2296
330
1F
100
AcDbEntity
  8
0
100
AcDbCircle
 10
406.4282325448805
 20
107.4742719089585
 30
0.0
 40
0.1099999999999568
  0
CIRCLE
  5
2297
330
1F
100
AcDbEntity
  8
0
100
AcDbCircle
 10
406.0782325448801
 20
99.42427190895848
 30
0.0
 40
0.1100000000000136
  0
CIRCLE
  5
2298
330
1F
100
AcDbEntity
  8
0
100
AcDbCircle
 10
406.0782325448801
 20
99.77427190895836
 30
0.0
 40
0.1100000000000136
  0
CIRCLE
  5
2299
330
1F
100
AcDbEntity
  8
0
100
AcDbCircle
 10
406.0782325448801
 20
100.4742719089585
 30
0.0
 40
0.1100000000000136
  0
CIRCLE
  5
229A
330
1F
100
AcDbEntity
  8
0
100
AcDbCircle
 10
406.0782325448801
 20
101.1742719089584
 30
0.0
 40
0.1100000000000705
  0
CIRCLE
  5
229B
330
1F
100
AcDbEntity
  8
0
100
AcDbCircle
 10
406.0782325448801
 20
101.8742719089583
 30
0.0
 40
0.1100000000000705
  0
CIRCLE
  5
229C
330
1F
100
AcDbEntity
  8
0
100
AcDbCircle
 10
406.07823254488
 20
102.5742719089584
 30
0.0
 40
0.1100000000000136
  0
CIRCLE
  5
229D
330
1F
100
AcDbEntity
  8
0
100
AcDbCircle
 10
406.07823254488
 20
102.9242719089584
 30
0.0
 40
0.1100000000000136
  0
CIRCLE
  5
229E
330
1F
100
AcDbEntity
  8
0
100
AcDbCircle
 10
406.07823254488
 20
103.2742719089583
 30
0.0
 40
0.1100000000000136
  0
CIRCLE
  5
229F
330
1F
100
AcDbEntity
  8
0
100
AcDbCircle
 10
406.07823254488
 20
103.6242719089582
 30
0.0
 40
0.1100000000000136
  0
CIRCLE
  5
22A0
330
1F
100
AcDbEntity
  8
0
100
AcDbCircle
 10
406.07823254488
 20
103.9742719089585
 30
0.0
 40
0.1100000000000136
  0
CIRCLE
  5
22A1
330
1F
100
AcDbEntity
  8
0
100
AcDbCircle
 10
406.07823254488
 20
104.3242719089584
 30
0.0
 40
0.1100000000000136
  0
CIRCLE
  5
22A2
330
1F
100
AcDbEntity
  8
0
100
AcDbCircle
 10
406.07823254488
 20
104.6742719089585
 30
0.0
 40
0.1100000000000136
  0
CIRCLE
  5
22A3
330
1F
100
AcDbEntity
  8
0
100
AcDbCircle
 10
406.07823254488
 20
105.3742719089584
 30
0.0
 40
0.1100000000000136
  0
CIRCLE
  5
22A4
330
1F
100
AcDbEntity
  8
0
100
AcDbCircle
 10
406.07823254488
 20
105.7242719089585
 30
0.0
 40
0.1100000000000136
  0
CIRCLE
  5
22A5
330
1F
100
AcDbEntity
  8
0
100
AcDbCircle
 10
406.07823254488
 20
106.0742719089583
 30
0.0
 40
0.1100000000000136
  0
CIRCLE
  5
22A6
330
1F
100
AcDbEntity
  8
0
100
AcDbCircle
 10
406.07823254488
 20
106.4242719089584
 30
0.0
 40
0.1100000000000136
  0
CIRCLE
  5
22A7
330
1F
100
AcDbEntity
  8
0
100
AcDbCircle
 10
406.4282325448806
 20
98.3742719089583
 30
0.0
 40
0.1100000000000136
  0
CIRCLE
  5
22A8
330
1F
100
AcDbEntity
  8
0
100
AcDbCircle
 10
406.4282325448806
 20
98.02427190895841
 30
0.0
 40
0.1100000000000136
  0
CIRCLE
  5
22A9
330
1F
100
AcDbEntity
  8
0
100
AcDbCircle
 10
406.4282325448806
 20
97.67427190895849
 30
0.0
 40
0.1100000000000136
  0
CIRCLE
  5
22AA
330
1F
100
AcDbEntity
  8
0
100
AcDbCircle
 10
406.4282325448806
 20
97.3242719089584
 30
0.0
 40
0.1100000000000136
  0
CIRCLE
  5
22AB
330
1F
100
AcDbEntity
  8
0
100
AcDbCircle
 10
406.4282325448806
 20
96.97427190895851
 30
0.0
 40
0.1100000000000136
  0
CIRCLE
  5
22AC
330
1F
100
AcDbEntity
  8
0
100
AcDbCircle
 10
406.4282325448806
 20
96.62427190895828
 30
0.0
 40
0.1100000000000136
  0
CIRCLE
  5
22AD
330
1F
100
AcDbEntity
  8
0
100
AcDbCircle
 10
406.4282325448806
 20
96.27427190895838
 30
0.0
 40
0.1100000000000136
  0
CIRCLE
  5
22AE
330
1F
100
AcDbEntity
  8
0
100
AcDbCircle
 10
406.4282325448806
 20
95.92427190895849
 30
0.0
 40
0.1100000000000136
  0
CIRCLE
  5
22AF
330
1F
100
AcDbEntity
  8
0
100
AcDbCircle
 10
406.4282325448806
 20
94.17427190895848
 30
0.0
 40
0.1100000000000136
  0
CIRCLE
  5
22B0
330
1F
100
AcDbEntity
  8
0
100
AcDbCircle
 10
406.07823254488
 20
107.4742719089584
 30
0.0
 40
0.1099999999999568
  0
CIRCLE
  5
22B1
330
1F
100
AcDbEntity
  8
0
100
AcDbCircle
 10
406.07823254488
 20
107.1242719089582
 30
0.0
 40
0.1099999999999568
  0
CIRCLE
  5
22B2
330
1F
100
AcDbEntity
  8
0
100
AcDbCircle
 10
406.07823254488
 20
106.7742719089583
 30
0.0
 40
0.1100000000000136
  0
CIRCLE
  5
22B3
330
1F
100
AcDbEntity
  8
0
100
AcDbCircle
 10
406.4282325448806
 20
94.52427190895836
 30
0.0
 40
0.1100000000000136
  0
CIRCLE
  5
22B4
330
1F
100
AcDbEntity
  8
0
100
AcDbCircle
 10
406.4282325448806
 20
94.87427190895839
 30
0.0
 40
0.1100000000000136
  0
CIRCLE
  5
22B5
330
1F
100
AcDbEntity
  8
0
100
AcDbCircle
 10
406.4282325448806
 20
95.22427190895848
 30
0.0
 40
0.1100000000000136
  0
CIRCLE
  5
22B6
330
1F
100
AcDbEntity
  8
0
100
AcDbCircle
 10
406.4282325448806
 20
95.57427190895838
 30
0.0
 40
0.1100000000000136
  0
CIRCLE
  5
22B7
330
1F
100
AcDbEntity
  8
0
100
AcDbCircle
 10
398.0282325448804
 20
107.1242719089582
 30
0.0
 40
0.1099999999998999
  0
CIRCLE
  5
22B8
330
1F
100
AcDbEntity
  8
0
100
AcDbCircle
 10
398.0282325448805
 20
106.7742719089582
 30
0.0
 40
0.1099999999999568
  0
CIRCLE
  5
22B9
330
1F
100
AcDbEntity
  8
0
100
AcDbCircle
 10
398.0282325448805
 20
106.4242719089584
 30
0.0
 40
0.1099999999999568
  0
CIRCLE
  5
22BA
330
1F
100
AcDbEntity
  8
0
100
AcDbCircle
 10
398.0282325448805
 20
106.0742719089583
 30
0.0
 40
0.1099999999999568
  0
CIRCLE
  5
22BB
330
1F
100
AcDbEntity
  8
0
100
AcDbCircle
 10
398.0282325448805
 20
105.7242719089584
 30
0.0
 40
0.1099999999999568
  0
CIRCLE
  5
22BC
330
1F
100
AcDbEntity
  8
0
100
AcDbCircle
 10
398.0282325448805
 20
105.3742719089583
 30
0.0
 40
0.1099999999999568
  0
CIRCLE
  5
22BD
330
1F
100
AcDbEntity
  8
0
100
AcDbCircle
 10
398.0282325448805
 20
105.0242719089582
 30
0.0
 40
0.1099999999999568
  0
CIRCLE
  5
22BE
330
1F
100
AcDbEntity
  8
0
100
AcDbCircle
 10
398.0282325448805
 20
104.6742719089584
 30
0.0
 40
0.1099999999999568
  0
CIRCLE
  5
22BF
330
1F
100
AcDbEntity
  8
0
100
AcDbCircle
 10
398.0282325448805
 20
104.3242719089583
 30
0.0
 40
0.1099999999999568
  0
CIRCLE
  5
22C0
330
1F
100
AcDbEntity
  8
0
100
AcDbCircle
 10
398.0282325448805
 20
103.9742719089584
 30
0.0
 40
0.1099999999999568
  0
CIRCLE
  5
22C1
330
1F
100
AcDbEntity
  8
0
100
AcDbCircle
 10
398.0282325448805
 20
103.6242719089581
 30
0.0
 40
0.1099999999999568
  0
CIRCLE
  5
22C2
330
1F
100
AcDbEntity
  8
0
100
AcDbCircle
 10
398.0282325448805
 20
103.2742719089583
 30
0.0
 40
0.1099999999999568
  0
CIRCLE
  5
22C3
330
1F
100
AcDbEntity
  8
0
100
AcDbCircle
 10
398.0282325448805
 20
102.9242719089584
 30
0.0
 40
0.1099999999999568
  0
CIRCLE
  5
22C4
330
1F
100
AcDbEntity
  8
0
100
AcDbCircle
 10
398.0282325448805
 20
102.5742719089583
 30
0.0
 40
0.1099999999999568
  0
CIRCLE
  5
22C5
330
1F
100
AcDbEntity
  8
0
100
AcDbCircle
 10
398.0282325448805
 20
102.2242719089584
 30
0.0
 40
0.1099999999999568
  0
CIRCLE
  5
22C6
330
1F
100
AcDbEntity
  8
0
100
AcDbCircle
 10
398.0282325448805
 20
101.8742719089582
 30
0.0
 40
0.1100000000000136
  0
CIRCLE
  5
22C7
330
1F
100
AcDbEntity
  8
0
100
AcDbCircle
 10
398.0282325448805
 20
101.5242719089582
 30
0.0
 40
0.1100000000000136
  0
CIRCLE
  5
22C8
330
1F
100
AcDbEntity
  8
0
100
AcDbCircle
 10
398.0282325448805
 20
101.1742719089584
 30
0.0
 40
0.1100000000000136
  0
CIRCLE
  5
22C9
330
1F
100
AcDbEntity
  8
0
100
AcDbCircle
 10
398.0282325448805
 20
100.8242719089583
 30
0.0
 40
0.1100000000000136
  0
CIRCLE
  5
22CA
330
1F
100
AcDbEntity
  8
0
100
AcDbCircle
 10
398.0282325448805
 20
100.4742719089584
 30
0.0
 40
0.1100000000000136
  0
CIRCLE
  5
22CB
330
1F
100
AcDbEntity
  8
0
100
AcDbCircle
 10
398.0282325448805
 20
100.1242719089583
 30
0.0
 40
0.1100000000000136
  0
CIRCLE
  5
22CC
330
1F
100
AcDbEntity
  8
0
100
AcDbCircle
 10
398.0282325448805
 20
99.77427190895829
 30
0.0
 40
0.1100000000000136
  0
CIRCLE
  5
22CD
330
1F
100
AcDbEntity
  8
0
100
AcDbCircle
 10
398.0282325448805
 20
99.42427190895841
 30
0.0
 40
0.1100000000000136
  0
CIRCLE
  5
22CE
330
1F
100
AcDbEntity
  8
0
100
AcDbCircle
 10
398.0282325448805
 20
99.07427190895829
 30
0.0
 40
0.1100000000000136
  0
CIRCLE
  5
22CF
330
1F
100
AcDbEntity
  8
0
100
AcDbCircle
 10
398.0282325448805
 20
98.72427190895841
 30
0.0
 40
0.1100000000000136
  0
CIRCLE
  5
22D0
330
1F
100
AcDbEntity
  8
0
100
AcDbCircle
 10
398.0282325448805
 20
98.37427190895821
 30
0.0
 40
0.1100000000000136
  0
CIRCLE
  5
22D1
330
1F
100
AcDbEntity
  8
0
100
AcDbCircle
 10
398.0282325448805
 20
98.0242719089583
 30
0.0
 40
0.1100000000000136
  0
CIRCLE
  5
22D2
330
1F
100
AcDbEntity
  8
0
100
AcDbCircle
 10
398.0282325448805
 20
97.6742719089584
 30
0.0
 40
0.1100000000000136
  0
CIRCLE
  5
22D3
330
1F
100
AcDbEntity
  8
0
100
AcDbCircle
 10
398.0282325448805
 20
97.32427190895828
 30
0.0
 40
0.1100000000000136
  0
CIRCLE
  5
22D4
330
1F
100
AcDbEntity
  8
0
100
AcDbCircle
 10
398.0282325448805
 20
96.97427190895842
 30
0.0
 40
0.1100000000000136
  0
CIRCLE
  5
22D5
330
1F
100
AcDbEntity
  8
0
100
AcDbCircle
 10
398.0282325448805
 20
96.62427190895821
 30
0.0
 40
0.1100000000000136
  0
CIRCLE
  5
22D6
330
1F
100
AcDbEntity
  8
0
100
AcDbCircle
 10
398.0282325448805
 20
96.27427190895829
 30
0.0
 40
0.1099999999999568
  0
CIRCLE
  5
22D7
330
1F
100
AcDbEntity
  8
0
100
AcDbCircle
 10
397.6782325448805
 20
98.72427190895841
 30
0.0
 40
0.1099999999999568
  0
CIRCLE
  5
22D8
330
1F
100
AcDbEntity
  8
0
100
AcDbCircle
 10
397.6782325448805
 20
99.07427190895829
 30
0.0
 40
0.1099999999999568
  0
CIRCLE
  5
22D9
330
1F
100
AcDbEntity
  8
0
100
AcDbCircle
 10
397.6782325448805
 20
99.42427190895838
 30
0.0
 40
0.1099999999999568
  0
CIRCLE
  5
22DA
330
1F
100
AcDbEntity
  8
0
100
AcDbCircle
 10
397.6782325448805
 20
99.77427190895824
 30
0.0
 40
0.1099999999999568
  0
CIRCLE
  5
22DB
330
1F
100
AcDbEntity
  8
0
100
AcDbCircle
 10
397.6782325448805
 20
100.1242719089583
 30
0.0
 40
0.1099999999999568
  0
CIRCLE
  5
22DC
330
1F
100
AcDbEntity
  8
0
100
AcDbCircle
 10
397.6782325448805
 20
100.4742719089584
 30
0.0
 40
0.1099999999999568
  0
CIRCLE
  5
22DD
330
1F
100
AcDbEntity
  8
0
100
AcDbCircle
 10
397.6782325448805
 20
100.8242719089583
 30
0.0
 40
0.1099999999999568
  0
CIRCLE
  5
22DE
330
1F
100
AcDbEntity
  8
0
100
AcDbCircle
 10
397.6782325448803
 20
101.1742719089584
 30
0.0
 40
0.1099999999998999
  0
CIRCLE
  5
22DF
330
1F
100
AcDbEntity
  8
0
100
AcDbCircle
 10
397.6782325448803
 20
101.5242719089582
 30
0.0
 40
0.1099999999998999
  0
CIRCLE
  5
22E0
330
1F
100
AcDbEntity
  8
0
100
AcDbCircle
 10
397.6782325448803
 20
101.8742719089582
 30
0.0
 40
0.1099999999998999
  0
CIRCLE
  5
22E1
330
1F
100
AcDbEntity
  8
0
100
AcDbCircle
 10
397.6782325448803
 20
102.2242719089584
 30
0.0
 40
0.1099999999999568
  0
CIRCLE
  5
22E2
330
1F
100
AcDbEntity
  8
0
100
AcDbCircle
 10
397.6782325448803
 20
102.5742719089583
 30
0.0
 40
0.1099999999999568
  0
CIRCLE
  5
22E3
330
1F
100
AcDbEntity
  8
0
100
AcDbCircle
 10
397.6782325448803
 20
102.9242719089584
 30
0.0
 40
0.1099999999999568
  0
CIRCLE
  5
22E4
330
1F
100
AcDbEntity
  8
0
100
AcDbCircle
 10
397.6782325448803
 20
103.2742719089582
 30
0.0
 40
0.1099999999999568
  0
CIRCLE
  5
22E5
330
1F
100
AcDbEntity
  8
0
100
AcDbCircle
 10
397.6782325448803
 20
103.6242719089581
 30
0.0
 40
0.1099999999999568
  0
CIRCLE
  5
22E6
330
1F
100
AcDbEntity
  8
0
100
AcDbCircle
 10
397.6782325448803
 20
103.9742719089584
 30
0.0
 40
0.1099999999999568
  0
CIRCLE
  5
22E7
330
1F
100
AcDbEntity
  8
0
100
AcDbCircle
 10
397.6782325448803
 20
107.1242719089581
 30
0.0
 40
0.1100000000000136
  0
CIRCLE
  5
22E8
330
1F
100
AcDbEntity
  8
0
100
AcDbCircle
 10
397.6782325448803
 20
107.4742719089583
 30
0.0
 40
0.1100000000000136
  0
CIRCLE
  5
22E9
330
1F
100
AcDbEntity
  8
0
100
AcDbCircle
 10
398.0282325448806
 20
94.17427190895841
 30
0.0
 40
0.1100000000000136
  0
CIRCLE
  5
22EA
330
1F
100
AcDbEntity
  8
0
100
AcDbCircle
 10
398.0282325448806
 20
94.52427190895829
 30
0.0
 40
0.1100000000000136
  0
CIRCLE
  5
22EB
330
1F
100
AcDbEntity
  8
0
100
AcDbCircle
 10
398.0282325448806
 20
94.8742719089583
 30
0.0
 40
0.1100000000000136
  0
CIRCLE
  5
22EC
330
1F
100
AcDbEntity
  8
0
100
AcDbCircle
 10
398.0282325448806
 20
95.22427190895839
 30
0.0
 40
0.1100000000000136
  0
CIRCLE
  5
22ED
330
1F
100
AcDbEntity
  8
0
100
AcDbCircle
 10
398.0282325448806
 20
95.57427190895827
 30
0.0
 40
0.1100000000000136
  0
CIRCLE
  5
22EE
330
1F
100
AcDbEntity
  8
0
100
AcDbCircle
 10
398.0282325448806
 20
95.92427190895838
 30
0.0
 40
0.1100000000000136
  0
CIRCLE
  5
22EF
330
1F
100
AcDbEntity
  8
0
100
AcDbCircle
 10
397.6782325448803
 20
106.7742719089582
 30
0.0
 40
0.1099999999999568
  0
CIRCLE
  5
22F0
330
1F
100
AcDbEntity
  8
0
100
AcDbCircle
 10
397.6782325448803
 20
106.4242719089584
 30
0.0
 40
0.1099999999999568
  0
CIRCLE
  5
22F1
330
1F
100
AcDbEntity
  8
0
100
AcDbCircle
 10
397.6782325448803
 20
106.0742719089583
 30
0.0
 40
0.1099999999999568
  0
CIRCLE
  5
22F2
330
1F
100
AcDbEntity
  8
0
100
AcDbCircle
 10
397.6782325448803
 20
105.7242719089583
 30
0.0
 40
0.1099999999999568
  0
CIRCLE
  5
22F3
330
1F
100
AcDbEntity
  8
0
100
AcDbCircle
 10
397.6782325448803
 20
105.3742719089583
 30
0.0
 40
0.1099999999999568
  0
CIRCLE
  5
22F4
330
1F
100
AcDbEntity
  8
0
100
AcDbCircle
 10
397.6782325448803
 20
105.0242719089582
 30
0.0
 40
0.1099999999999568
  0
CIRCLE
  5
22F5
330
1F
100
AcDbEntity
  8
0
100
AcDbCircle
 10
397.6782325448803
 20
104.6742719089583
 30
0.0
 40
0.1099999999999568
  0
CIRCLE
  5
22F6
330
1F
100
AcDbEntity
  8
0
100
AcDbCircle
 10
397.6782325448803
 20
104.3242719089582
 30
0.0
 40
0.1099999999999568
  0
CIRCLE
  5
22F7
330
1F
100
AcDbEntity
  8
0
100
AcDbCircle
 10
398.7282325448802
 20
99.42427190895841
 30
0.0
 40
0.1100000000000136
  0
CIRCLE
  5
22F8
330
1F
100
AcDbEntity
  8
0
100
AcDbCircle
 10
398.7282325448802
 20
98.02427190895834
 30
0.0
 40
0.1100000000000136
  0
CIRCLE
  5
22F9
330
1F
100
AcDbEntity
  8
0
100
AcDbCircle
 10
398.7282325448802
 20
97.3242719089583
 30
0.0
 40
0.1100000000000136
  0
CIRCLE
  5
22FA
330
1F
100
AcDbEntity
  8
0
100
AcDbCircle
 10
398.7282325448802
 20
96.62427190895821
 30
0.0
 40
0.1100000000000136
  0
CIRCLE
  5
22FB
330
1F
100
AcDbEntity
  8
0
100
AcDbCircle
 10
398.7282325448803
 20
96.27427190895829
 30
0.0
 40
0.1100000000000705
  0
CIRCLE
  5
22FC
330
1F
100
AcDbEntity
  8
0
100
AcDbCircle
 10
398.7282325448803
 20
95.9242719089584
 30
0.0
 40
0.1100000000000136
  0
CIRCLE
  5
22FD
330
1F
100
AcDbEntity
  8
0
100
AcDbCircle
 10
398.7282325448803
 20
95.57427190895827
 30
0.0
 40
0.1100000000000136
  0
CIRCLE
  5
22FE
330
1F
100
AcDbEntity
  8
0
100
AcDbCircle
 10
398.7282325448803
 20
95.22427190895839
 30
0.0
 40
0.1100000000000136
  0
CIRCLE
  5
22FF
330
1F
100
AcDbEntity
  8
0
100
AcDbCircle
 10
398.3782325448803
 20
106.0742719089583
 30
0.0
 40
0.1100000000000136
  0
CIRCLE
  5
2300
330
1F
100
AcDbEntity
  8
0
100
AcDbCircle
 10
398.3782325448803
 20
106.4242719089584
 30
0.0
 40
0.1100000000000136
  0
CIRCLE
  5
2301
330
1F
100
AcDbEntity
  8
0
100
AcDbCircle
 10
398.3782325448803
 20
106.7742719089583
 30
0.0
 40
0.1100000000000136
  0
CIRCLE
  5
2302
330
1F
100
AcDbEntity
  8
0
100
AcDbCircle
 10
398.3782325448802
 20
107.1242719089582
 30
0.0
 40
0.1099999999999568
  0
CIRCLE
  5
2303
330
1F
100
AcDbEntity
  8
0
100
AcDbCircle
 10
398.7282325448803
 20
94.87427190895832
 30
0.0
 40
0.1100000000000136
  0
CIRCLE
  5
2304
330
1F
100
AcDbEntity
  8
0
100
AcDbCircle
 10
398.7282325448803
 20
94.5242719089583
 30
0.0
 40
0.1100000000000136
  0
CIRCLE
  5
2305
330
1F
100
AcDbEntity
  8
0
100
AcDbCircle
 10
398.7282325448803
 20
94.17427190895843
 30
0.0
 40
0.1100000000000136
  0
CIRCLE
  5
2306
330
1F
100
AcDbEntity
  8
0
100
AcDbCircle
 10
398.3782325448802
 20
107.4742719089584
 30
0.0
 40
0.1099999999999568
  0
CIRCLE
  5
2307
330
1F
100
AcDbEntity
  8
0
100
AcDbCircle
 10
398.7282325448802
 20
99.77427190895829
 30
0.0
 40
0.1100000000000136
  0
CIRCLE
  5
2308
330
1F
100
AcDbEntity
  8
0
100
AcDbCircle
 10
398.7282325448802
 20
100.1242719089583
 30
0.0
 40
0.1100000000000136
  0
CIRCLE
  5
2309
330
1F
100
AcDbEntity
  8
0
100
AcDbCircle
 10
398.7282325448802
 20
100.4742719089584
 30
0.0
 40
0.1100000000000136
  0
CIRCLE
  5
230A
330
1F
100
AcDbEntity
  8
0
100
AcDbCircle
 10
398.7282325448802
 20
100.8242719089583
 30
0.0
 40
0.1100000000000136
  0
CIRCLE
  5
230B
330
1F
100
AcDbEntity
  8
0
100
AcDbCircle
 10
398.7282325448802
 20
101.1742719089584
 30
0.0
 40
0.1099999999999568
  0
CIRCLE
  5
230C
330
1F
100
AcDbEntity
  8
0
100
AcDbCircle
 10
398.7282325448802
 20
101.5242719089582
 30
0.0
 40
0.1099999999999568
  0
CIRCLE
  5
230D
330
1F
100
AcDbEntity
  8
0
100
AcDbCircle
 10
398.7282325448802
 20
101.8742719089582
 30
0.0
 40
0.1099999999999568
  0
CIRCLE
  5
230E
330
1F
100
AcDbEntity
  8
0
100
AcDbCircle
 10
398.7282325448802
 20
102.5742719089583
 30
0.0
 40
0.1100000000000136
  0
CIRCLE
  5
230F
330
1F
100
AcDbEntity
  8
0
100
AcDbCircle
 10
398.7282325448802
 20
103.2742719089583
 30
0.0
 40
0.1100000000000136
  0
CIRCLE
  5
2310
330
1F
100
AcDbEntity
  8
0
100
AcDbCircle
 10
398.7282325448802
 20
103.9742719089584
 30
0.0
 40
0.1100000000000136
  0
CIRCLE
  5
2311
330
1F
100
AcDbEntity
  8
0
100
AcDbCircle
 10
398.7282325448802
 20
104.6742719089584
 30
0.0
 40
0.1100000000000136
  0
CIRCLE
  5
2312
330
1F
100
AcDbEntity
  8
0
100
AcDbCircle
 10
398.7282325448802
 20
105.0242719089583
 30
0.0
 40
0.1100000000000136
  0
CIRCLE
  5
2313
330
1F
100
AcDbEntity
  8
0
100
AcDbCircle
 10
398.7282325448802
 20
105.3742719089583
 30
0.0
 40
0.1100000000000136
  0
CIRCLE
  5
2314
330
1F
100
AcDbEntity
  8
0
100
AcDbCircle
 10
398.7282325448802
 20
105.7242719089584
 30
0.0
 40
0.1100000000000136
  0
CIRCLE
  5
2315
330
1F
100
AcDbEntity
  8
0
100
AcDbCircle
 10
398.7282325448802
 20
106.4242719089584
 30
0.0
 40
0.1100000000000136
  0
CIRCLE
  5
2316
330
1F
100
AcDbEntity
  8
0
100
AcDbCircle
 10
398.7282325448802
 20
106.7742719089583
 30
0.0
 40
0.1100000000000136
  0
CIRCLE
  5
2317
330
1F
100
AcDbEntity
  8
0
100
AcDbCircle
 10
398.3782325448803
 20
100.1242719089583
 30
0.0
 40
0.1100000000000136
  0
CIRCLE
  5
2318
330
1F
100
AcDbEntity
  8
0
100
AcDbCircle
 10
398.3782325448803
 20
99.77427190895829
 30
0.0
 40
0.1100000000000136
  0
CIRCLE
  5
2319
330
1F
100
AcDbEntity
  8
0
100
AcDbCircle
 10
398.3782325448803
 20
99.42427190895841
 30
0.0
 40
0.1100000000000136
  0
CIRCLE
  5
231A
330
1F
100
AcDbEntity
  8
0
100
AcDbCircle
 10
398.3782325448803
 20
99.0742719089583
 30
0.0
 40
0.1100000000000136
  0
CIRCLE
  5
231B
330
1F
100
AcDbEntity
  8
0
100
AcDbCircle
 10
398.3782325448803
 20
98.37427190895821
 30
0.0
 40
0.1100000000000136
  0
CIRCLE
  5
231C
330
1F
100
AcDbEntity
  8
0
100
AcDbCircle
 10
398.3782325448803
 20
98.0242719089583
 30
0.0
 40
0.1100000000000136
  0
CIRCLE
  5
231D
330
1F
100
AcDbEntity
  8
0
100
AcDbCircle
 10
398.3782325448803
 20
97.6742719089584
 30
0.0
 40
0.1100000000000136
  0
CIRCLE
  5
231E
330
1F
100
AcDbEntity
  8
0
100
AcDbCircle
 10
398.3782325448803
 20
97.32427190895828
 30
0.0
 40
0.1100000000000136
  0
CIRCLE
  5
231F
330
1F
100
AcDbEntity
  8
0
100
AcDbCircle
 10
398.3782325448803
 20
94.8742719089583
 30
0.0
 40
0.1100000000000136
  0
CIRCLE
  5
2320
330
1F
100
AcDbEntity
  8
0
100
AcDbCircle
 10
398.3782325448803
 20
94.52427190895829
 30
0.0
 40
0.1100000000000136
  0
CIRCLE
  5
2321
330
1F
100
AcDbEntity
  8
0
100
AcDbCircle
 10
398.3782325448803
 20
94.17427190895841
 30
0.0
 40
0.1100000000000136
  0
CIRCLE
  5
2322
330
1F
100
AcDbEntity
  8
0
100
AcDbCircle
 10
398.0282325448804
 20
107.4742719089584
 30
0.0
 40
0.1099999999998999
  0
CIRCLE
  5
2323
330
1F
100
AcDbEntity
  8
0
100
AcDbCircle
 10
398.3782325448803
 20
95.22427190895839
 30
0.0
 40
0.1100000000000136
  0
CIRCLE
  5
2324
330
1F
100
AcDbEntity
  8
0
100
AcDbCircle
 10
398.3782325448803
 20
95.92427190895838
 30
0.0
 40
0.1100000000000136
  0
CIRCLE
  5
2325
330
1F
100
AcDbEntity
  8
0
100
AcDbCircle
 10
398.3782325448803
 20
96.27427190895829
 30
0.0
 40
0.1099999999999568
  0
CIRCLE
  5
2326
330
1F
100
AcDbEntity
  8
0
100
AcDbCircle
 10
398.3782325448803
 20
96.97427190895842
 30
0.0
 40
0.1100000000000136
  0
CIRCLE
  5
2327
330
1F
100
AcDbEntity
  8
0
100
AcDbCircle
 10
398.3782325448803
 20
100.4742719089584
 30
0.0
 40
0.1100000000000136
  0
CIRCLE
  5
2328
330
1F
100
AcDbEntity
  8
0
100
AcDbCircle
 10
398.3782325448803
 20
100.8242719089583
 30
0.0
 40
0.1100000000000136
  0
CIRCLE
  5
2329
330
1F
100
AcDbEntity
  8
0
100
AcDbCircle
 10
398.3782325448803
 20
101.1742719089584
 30
0.0
 40
0.1100000000000705
  0
CIRCLE
  5
232A
330
1F
100
AcDbEntity
  8
0
100
AcDbCircle
 10
398.3782325448803
 20
101.5242719089582
 30
0.0
 40
0.1100000000000705
  0
CIRCLE
  5
232B
330
1F
100
AcDbEntity
  8
0
100
AcDbCircle
 10
398.3782325448803
 20
101.8742719089582
 30
0.0
 40
0.1100000000000705
  0
CIRCLE
  5
232C
330
1F
100
AcDbEntity
  8
0
100
AcDbCircle
 10
398.3782325448803
 20
102.2242719089584
 30
0.0
 40
0.1100000000000136
  0
CIRCLE
  5
232D
330
1F
100
AcDbEntity
  8
0
100
AcDbCircle
 10
398.3782325448803
 20
102.5742719089583
 30
0.0
 40
0.1100000000000136
  0
CIRCLE
  5
232E
330
1F
100
AcDbEntity
  8
0
100
AcDbCircle
 10
398.3782325448803
 20
102.9242719089584
 30
0.0
 40
0.1100000000000136
  0
CIRCLE
  5
232F
330
1F
100
AcDbEntity
  8
0
100
AcDbCircle
 10
398.3782325448803
 20
103.2742719089583
 30
0.0
 40
0.1100000000000136
  0
CIRCLE
  5
2330
330
1F
100
AcDbEntity
  8
0
100
AcDbCircle
 10
398.3782325448803
 20
103.6242719089582
 30
0.0
 40
0.1100000000000136
  0
CIRCLE
  5
2331
330
1F
100
AcDbEntity
  8
0
100
AcDbCircle
 10
398.3782325448803
 20
103.9742719089584
 30
0.0
 40
0.1100000000000136
  0
CIRCLE
  5
2332
330
1F
100
AcDbEntity
  8
0
100
AcDbCircle
 10
398.3782325448803
 20
104.3242719089583
 30
0.0
 40
0.1100000000000136
  0
CIRCLE
  5
2333
330
1F
100
AcDbEntity
  8
0
100
AcDbCircle
 10
398.3782325448803
 20
104.6742719089584
 30
0.0
 40
0.1100000000000136
  0
CIRCLE
  5
2334
330
1F
100
AcDbEntity
  8
0
100
AcDbCircle
 10
398.3782325448803
 20
105.0242719089583
 30
0.0
 40
0.1100000000000136
  0
CIRCLE
  5
2335
330
1F
100
AcDbEntity
  8
0
100
AcDbCircle
 10
398.3782325448803
 20
105.3742719089583
 30
0.0
 40
0.1100000000000136
  0
CIRCLE
  5
2336
330
1F
100
AcDbEntity
  8
0
100
AcDbCircle
 10
398.3782325448803
 20
105.7242719089584
 30
0.0
 40
0.1100000000000136
  0
CIRCLE
  5
2337
330
1F
100
AcDbEntity
  8
0
100
AcDbCircle
 10
396.9782325448802
 20
97.67427190895837
 30
0.0
 40
0.1100000000000136
  0
CIRCLE
  5
2338
330
1F
100
AcDbEntity
  8
0
100
AcDbCircle
 10
396.9782325448802
 20
97.32427190895826
 30
0.0
 40
0.1100000000000136
  0
CIRCLE
  5
2339
330
1F
100
AcDbEntity
  8
0
100
AcDbCircle
 10
396.9782325448802
 20
96.9742719089584
 30
0.0
 40
0.1100000000000136
  0
CIRCLE
  5
233A
330
1F
100
AcDbEntity
  8
0
100
AcDbCircle
 10
396.9782325448802
 20
96.62427190895821
 30
0.0
 40
0.1100000000000136
  0
CIRCLE
  5
233B
330
1F
100
AcDbEntity
  8
0
100
AcDbCircle
 10
396.9782325448803
 20
96.27427190895829
 30
0.0
 40
0.1100000000000705
  0
CIRCLE
  5
233C
330
1F
100
AcDbEntity
  8
0
100
AcDbCircle
 10
396.9782325448803
 20
95.92427190895838
 30
0.0
 40
0.1100000000000136
  0
CIRCLE
  5
233D
330
1F
100
AcDbEntity
  8
0
100
AcDbCircle
 10
396.9782325448803
 20
95.57427190895827
 30
0.0
 40
0.1100000000000136
  0
CIRCLE
  5
233E
330
1F
100
AcDbEntity
  8
0
100
AcDbCircle
 10
396.9782325448803
 20
95.22427190895838
 30
0.0
 40
0.1100000000000136
  0
CIRCLE
  5
233F
330
1F
100
AcDbEntity
  8
0
100
AcDbCircle
 10
396.6282325448803
 20
106.0742719089583
 30
0.0
 40
0.1100000000000136
  0
CIRCLE
  5
2340
330
1F
100
AcDbEntity
  8
0
100
AcDbCircle
 10
396.6282325448803
 20
106.4242719089584
 30
0.0
 40
0.1100000000000136
  0
CIRCLE
  5
2341
330
1F
100
AcDbEntity
  8
0
100
AcDbCircle
 10
396.6282325448803
 20
106.7742719089582
 30
0.0
 40
0.1100000000000136
  0
CIRCLE
  5
2342
330
1F
100
AcDbEntity
  8
0
100
AcDbCircle
 10
396.6282325448802
 20
107.1242719089581
 30
0.0
 40
0.1099999999999568
  0
CIRCLE
  5
2343
330
1F
100
AcDbEntity
  8
0
100
AcDbCircle
 10
396.9782325448803
 20
94.87427190895827
 30
0.0
 40
0.1100000000000136
  0
CIRCLE
  5
2344
330
1F
100
AcDbEntity
  8
0
100
AcDbCircle
 10
396.9782325448803
 20
94.52427190895829
 30
0.0
 40
0.1100000000000136
  0
CIRCLE
  5
2345
330
1F
100
AcDbEntity
  8
0
100
AcDbCircle
 10
396.9782325448803
 20
94.17427190895841
 30
0.0
 40
0.1100000000000136
  0
CIRCLE
  5
2346
330
1F
100
AcDbEntity
  8
0
100
AcDbCircle
 10
396.6282325448802
 20
107.4742719089583
 30
0.0
 40
0.1099999999999568
  0
CIRCLE
  5
2347
330
1F
100
AcDbEntity
  8
0
100
AcDbCircle
 10
396.9782325448802
 20
98.02427190895828
 30
0.0
 40
0.1100000000000136
  0
CIRCLE
  5
2348
330
1F
100
AcDbEntity
  8
0
100
AcDbCircle
 10
396.9782325448802
 20
98.37427190895821
 30
0.0
 40
0.1100000000000136
  0
CIRCLE
  5
2349
330
1F
100
AcDbEntity
  8
0
100
AcDbCircle
 10
396.9782325448802
 20
98.72427190895841
 30
0.0
 40
0.1100000000000136
  0
CIRCLE
  5
234A
330
1F
100
AcDbEntity
  8
0
100
AcDbCircle
 10
396.9782325448802
 20
99.07427190895829
 30
0.0
 40
0.1100000000000136
  0
CIRCLE
  5
234B
330
1F
100
AcDbEntity
  8
0
100
AcDbCircle
 10
396.9782325448802
 20
99.42427190895838
 30
0.0
 40
0.1100000000000136
  0
CIRCLE
  5
234C
330
1F
100
AcDbEntity
  8
0
100
AcDbCircle
 10
396.9782325448802
 20
99.77427190895824
 30
0.0
 40
0.1100000000000136
  0
CIRCLE
  5
234D
330
1F
100
AcDbEntity
  8
0
100
AcDbCircle
 10
396.9782325448802
 20
100.1242719089583
 30
0.0
 40
0.1100000000000136
  0
CIRCLE
  5
234E
330
1F
100
AcDbEntity
  8
0
100
AcDbCircle
 10
396.9782325448802
 20
100.4742719089584
 30
0.0
 40
0.1100000000000136
  0
CIRCLE
  5
234F
330
1F
100
AcDbEntity
  8
0
100
AcDbCircle
 10
396.9782325448802
 20
100.8242719089583
 30
0.0
 40
0.1100000000000136
  0
CIRCLE
  5
2350
330
1F
100
AcDbEntity
  8
0
100
AcDbCircle
 10
396.9782325448802
 20
101.1742719089584
 30
0.0
 40
0.1099999999999568
  0
CIRCLE
  5
2351
330
1F
100
AcDbEntity
  8
0
100
AcDbCircle
 10
396.9782325448802
 20
101.5242719089582
 30
0.0
 40
0.1099999999999568
  0
CIRCLE
  5
2352
330
1F
100
AcDbEntity
  8
0
100
AcDbCircle
 10
396.9782325448802
 20
101.8742719089582
 30
0.0
 40
0.1099999999999568
  0
CIRCLE
  5
2353
330
1F
100
AcDbEntity
  8
0
100
AcDbCircle
 10
396.9782325448802
 20
102.2242719089584
 30
0.0
 40
0.1100000000000136
  0
CIRCLE
  5
2354
330
1F
100
AcDbEntity
  8
0
100
AcDbCircle
 10
396.9782325448802
 20
102.5742719089583
 30
0.0
 40
0.1100000000000136
  0
CIRCLE
  5
2355
330
1F
100
AcDbEntity
  8
0
100
AcDbCircle
 10
396.9782325448802
 20
102.9242719089584
 30
0.0
 40
0.1100000000000136
  0
CIRCLE
  5
2356
330
1F
100
AcDbEntity
  8
0
100
AcDbCircle
 10
396.9782325448802
 20
103.2742719089582
 30
0.0
 40
0.1100000000000136
  0
CIRCLE
  5
2357
330
1F
100
AcDbEntity
  8
0
100
AcDbCircle
 10
396.6282325448803
 20
105.7242719089583
 30
0.0
 40
0.1100000000000136
  0
CIRCLE
  5
2358
330
1F
100
AcDbEntity
  8
0
100
AcDbCircle
 10
396.6282325448803
 20
105.3742719089583
 30
0.0
 40
0.1100000000000136
  0
CIRCLE
  5
2359
330
1F
100
AcDbEntity
  8
0
100
AcDbCircle
 10
396.6282325448803
 20
105.0242719089582
 30
0.0
 40
0.1100000000000136
  0
CIRCLE
  5
235A
330
1F
100
AcDbEntity
  8
0
100
AcDbCircle
 10
396.6282325448803
 20
104.6742719089583
 30
0.0
 40
0.1100000000000136
  0
CIRCLE
  5
235B
330
1F
100
AcDbEntity
  8
0
100
AcDbCircle
 10
396.6282325448803
 20
104.3242719089582
 30
0.0
 40
0.1100000000000136
  0
CIRCLE
  5
235C
330
1F
100
AcDbEntity
  8
0
100
AcDbCircle
 10
396.6282325448803
 20
103.9742719089584
 30
0.0
 40
0.1100000000000136
  0
CIRCLE
  5
235D
330
1F
100
AcDbEntity
  8
0
100
AcDbCircle
 10
396.6282325448803
 20
103.6242719089581
 30
0.0
 40
0.1100000000000136
  0
CIRCLE
  5
235E
330
1F
100
AcDbEntity
  8
0
100
AcDbCircle
 10
396.6282325448803
 20
103.2742719089582
 30
0.0
 40
0.1100000000000136
  0
CIRCLE
  5
235F
330
1F
100
AcDbEntity
  8
0
100
AcDbCircle
 10
396.6282325448803
 20
102.9242719089584
 30
0.0
 40
0.1100000000000136
  0
CIRCLE
  5
2360
330
1F
100
AcDbEntity
  8
0
100
AcDbCircle
 10
396.6282325448803
 20
102.5742719089583
 30
0.0
 40
0.1100000000000136
  0
CIRCLE
  5
2361
330
1F
100
AcDbEntity
  8
0
100
AcDbCircle
 10
396.6282325448803
 20
102.2242719089584
 30
0.0
 40
0.1100000000000136
  0
CIRCLE
  5
2362
330
1F
100
AcDbEntity
  8
0
100
AcDbCircle
 10
396.6282325448803
 20
101.8742719089582
 30
0.0
 40
0.1100000000000705
  0
CIRCLE
  5
2363
330
1F
100
AcDbEntity
  8
0
100
AcDbCircle
 10
396.6282325448803
 20
101.5242719089582
 30
0.0
 40
0.1100000000000705
  0
CIRCLE
  5
2364
330
1F
100
AcDbEntity
  8
0
100
AcDbCircle
 10
396.6282325448803
 20
101.1742719089584
 30
0.0
 40
0.1100000000000705
  0
CIRCLE
  5
2365
330
1F
100
AcDbEntity
  8
0
100
AcDbCircle
 10
396.6282325448803
 20
100.8242719089583
 30
0.0
 40
0.1100000000000136
  0
CIRCLE
  5
2366
330
1F
100
AcDbEntity
  8
0
100
AcDbCircle
 10
396.6282325448803
 20
100.4742719089584
 30
0.0
 40
0.1100000000000136
  0
CIRCLE
  5
2367
330
1F
100
AcDbEntity
  8
0
100
AcDbCircle
 10
396.6282325448803
 20
100.1242719089583
 30
0.0
 40
0.1100000000000136
  0
CIRCLE
  5
2368
330
1F
100
AcDbEntity
  8
0
100
AcDbCircle
 10
396.6282325448803
 20
99.77427190895824
 30
0.0
 40
0.1100000000000136
  0
CIRCLE
  5
2369
330
1F
100
AcDbEntity
  8
0
100
AcDbCircle
 10
396.6282325448803
 20
99.42427190895838
 30
0.0
 40
0.1100000000000136
  0
CIRCLE
  5
236A
330
1F
100
AcDbEntity
  8
0
100
AcDbCircle
 10
396.6282325448803
 20
99.07427190895829
 30
0.0
 40
0.1100000000000136
  0
CIRCLE
  5
236B
330
1F
100
AcDbEntity
  8
0
100
AcDbCircle
 10
396.6282325448803
 20
98.72427190895841
 30
0.0
 40
0.1100000000000136
  0
CIRCLE
  5
236C
330
1F
100
AcDbEntity
  8
0
100
AcDbCircle
 10
396.6282325448803
 20
98.37427190895821
 30
0.0
 40
0.1100000000000136
  0
CIRCLE
  5
236D
330
1F
100
AcDbEntity
  8
0
100
AcDbCircle
 10
396.6282325448803
 20
98.02427190895828
 30
0.0
 40
0.1100000000000136
  0
CIRCLE
  5
236E
330
1F
100
AcDbEntity
  8
0
100
AcDbCircle
 10
396.6282325448803
 20
97.67427190895837
 30
0.0
 40
0.1100000000000136
  0
CIRCLE
  5
236F
330
1F
100
AcDbEntity
  8
0
100
AcDbCircle
 10
396.6282325448803
 20
97.32427190895826
 30
0.0
 40
0.1100000000000136
  0
CIRCLE
  5
2370
330
1F
100
AcDbEntity
  8
0
100
AcDbCircle
 10
396.6282325448803
 20
96.9742719089584
 30
0.0
 40
0.1100000000000136
  0
CIRCLE
  5
2371
330
1F
100
AcDbEntity
  8
0
100
AcDbCircle
 10
396.6282325448803
 20
96.62427190895821
 30
0.0
 40
0.1100000000000136
  0
CIRCLE
  5
2372
330
1F
100
AcDbEntity
  8
0
100
AcDbCircle
 10
396.6282325448803
 20
96.27427190895829
 30
0.0
 40
0.1099999999999568
  0
CIRCLE
  5
2373
330
1F
100
AcDbEntity
  8
0
100
AcDbCircle
 10
396.6282325448803
 20
95.92427190895838
 30
0.0
 40
0.1100000000000136
  0
CIRCLE
  5
2374
330
1F
100
AcDbEntity
  8
0
100
AcDbCircle
 10
396.6282325448803
 20
95.57427190895827
 30
0.0
 40
0.1100000000000136
  0
CIRCLE
  5
2375
330
1F
100
AcDbEntity
  8
0
100
AcDbCircle
 10
396.6282325448803
 20
95.22427190895838
 30
0.0
 40
0.1100000000000136
  0
CIRCLE
  5
2376
330
1F
100
AcDbEntity
  8
0
100
AcDbCircle
 10
396.6282325448803
 20
94.52427190895829
 30
0.0
 40
0.1100000000000136
  0
CIRCLE
  5
2377
330
1F
100
AcDbEntity
  8
0
100
AcDbCircle
 10
397.3282325448802
 20
101.1742719089584
 30
0.0
 40
0.1099999999999568
  0
CIRCLE
  5
2378
330
1F
100
AcDbEntity
  8
0
100
AcDbCircle
 10
397.3282325448802
 20
101.5242719089582
 30
0.0
 40
0.1099999999999568
  0
CIRCLE
  5
2379
330
1F
100
AcDbEntity
  8
0
100
AcDbCircle
 10
397.3282325448802
 20
101.8742719089582
 30
0.0
 40
0.1099999999999568
  0
CIRCLE
  5
237A
330
1F
100
AcDbEntity
  8
0
100
AcDbCircle
 10
397.3282325448802
 20
102.2242719089584
 30
0.0
 40
0.1100000000000136
  0
CIRCLE
  5
237B
330
1F
100
AcDbEntity
  8
0
100
AcDbCircle
 10
397.3282325448802
 20
102.5742719089583
 30
0.0
 40
0.1100000000000136
  0
CIRCLE
  5
237C
330
1F
100
AcDbEntity
  8
0
100
AcDbCircle
 10
397.3282325448802
 20
102.9242719089584
 30
0.0
 40
0.1100000000000136
  0
CIRCLE
  5
237D
330
1F
100
AcDbEntity
  8
0
100
AcDbCircle
 10
397.3282325448802
 20
103.2742719089582
 30
0.0
 40
0.1100000000000136
  0
CIRCLE
  5
237E
330
1F
100
AcDbEntity
  8
0
100
AcDbCircle
 10
397.3282325448802
 20
103.6242719089581
 30
0.0
 40
0.1100000000000136
  0
CIRCLE
  5
237F
330
1F
100
AcDbEntity
  8
0
100
AcDbCircle
 10
397.3282325448802
 20
103.9742719089584
 30
0.0
 40
0.1100000000000136
  0
CIRCLE
  5
2380
330
1F
100
AcDbEntity
  8
0
100
AcDbCircle
 10
397.3282325448802
 20
104.3242719089582
 30
0.0
 40
0.1100000000000136
  0
CIRCLE
  5
2381
330
1F
100
AcDbEntity
  8
0
100
AcDbCircle
 10
397.3282325448802
 20
104.6742719089583
 30
0.0
 40
0.1100000000000136
  0
CIRCLE
  5
2382
330
1F
100
AcDbEntity
  8
0
100
AcDbCircle
 10
397.3282325448802
 20
105.0242719089582
 30
0.0
 40
0.1100000000000136
  0
CIRCLE
  5
2383
330
1F
100
AcDbEntity
  8
0
100
AcDbCircle
 10
397.3282325448802
 20
105.3742719089583
 30
0.0
 40
0.1100000000000136
  0
CIRCLE
  5
2384
330
1F
100
AcDbEntity
  8
0
100
AcDbCircle
 10
397.3282325448802
 20
105.7242719089583
 30
0.0
 40
0.1100000000000136
  0
CIRCLE
  5
2385
330
1F
100
AcDbEntity
  8
0
100
AcDbCircle
 10
397.3282325448802
 20
106.0742719089583
 30
0.0
 40
0.1100000000000136
  0
CIRCLE
  5
2386
330
1F
100
AcDbEntity
  8
0
100
AcDbCircle
 10
397.3282325448802
 20
106.4242719089584
 30
0.0
 40
0.1100000000000136
  0
CIRCLE
  5
2387
330
1F
100
AcDbEntity
  8
0
100
AcDbCircle
 10
397.6782325448805
 20
98.37427190895821
 30
0.0
 40
0.1099999999999568
  0
CIRCLE
  5
2388
330
1F
100
AcDbEntity
  8
0
100
AcDbCircle
 10
397.6782325448805
 20
98.02427190895828
 30
0.0
 40
0.1099999999999568
  0
CIRCLE
  5
2389
330
1F
100
AcDbEntity
  8
0
100
AcDbCircle
 10
397.6782325448805
 20
97.67427190895837
 30
0.0
 40
0.1099999999999568
  0
CIRCLE
  5
238A
330
1F
100
AcDbEntity
  8
0
100
AcDbCircle
 10
397.6782325448805
 20
97.32427190895826
 30
0.0
 40
0.1099999999999568
  0
CIRCLE
  5
238B
330
1F
100
AcDbEntity
  8
0
100
AcDbCircle
 10
397.6782325448805
 20
96.9742719089584
 30
0.0
 40
0.1099999999999568
  0
CIRCLE
  5
238C
330
1F
100
AcDbEntity
  8
0
100
AcDbCircle
 10
397.6782325448805
 20
96.62427190895821
 30
0.0
 40
0.1099999999999568
  0
CIRCLE
  5
238D
330
1F
100
AcDbEntity
  8
0
100
AcDbCircle
 10
397.6782325448805
 20
96.27427190895829
 30
0.0
 40
0.1100000000000136
  0
CIRCLE
  5
238E
330
1F
100
AcDbEntity
  8
0
100
AcDbCircle
 10
397.6782325448805
 20
95.92427190895838
 30
0.0
 40
0.1099999999999568
  0
CIRCLE
  5
238F
330
1F
100
AcDbEntity
  8
0
100
AcDbCircle
 10
397.6782325448805
 20
94.17427190895841
 30
0.0
 40
0.1099999999999568
  0
CIRCLE
  5
2390
330
1F
100
AcDbEntity
  8
0
100
AcDbCircle
 10
397.3282325448802
 20
107.4742719089583
 30
0.0
 40
0.1100000000000705
  0
CIRCLE
  5
2391
330
1F
100
AcDbEntity
  8
0
100
AcDbCircle
 10
397.3282325448802
 20
107.1242719089581
 30
0.0
 40
0.1100000000000705
  0
CIRCLE
  5
2392
330
1F
100
AcDbEntity
  8
0
100
AcDbCircle
 10
397.3282325448802
 20
106.7742719089582
 30
0.0
 40
0.1100000000000136
  0
CIRCLE
  5
2393
330
1F
100
AcDbEntity
  8
0
100
AcDbCircle
 10
397.6782325448805
 20
94.52427190895829
 30
0.0
 40
0.1099999999999568
  0
CIRCLE
  5
2394
330
1F
100
AcDbEntity
  8
0
100
AcDbCircle
 10
397.6782325448805
 20
94.87427190895827
 30
0.0
 40
0.1099999999999568
  0
CIRCLE
  5
2395
330
1F
100
AcDbEntity
  8
0
100
AcDbCircle
 10
397.6782325448805
 20
95.22427190895838
 30
0.0
 40
0.1099999999999568
  0
CIRCLE
  5
2396
330
1F
100
AcDbEntity
  8
0
100
AcDbCircle
 10
397.6782325448805
 20
95.57427190895827
 30
0.0
 40
0.1099999999999568
  0
CIRCLE
  5
2397
330
1F
100
AcDbEntity
  8
0
100
AcDbCircle
 10
397.3282325448803
 20
95.22427190895838
 30
0.0
 40
0.1100000000000136
  0
CIRCLE
  5
2398
330
1F
100
AcDbEntity
  8
0
100
AcDbCircle
 10
397.3282325448803
 20
94.87427190895827
 30
0.0
 40
0.1100000000000136
  0
CIRCLE
  5
2399
330
1F
100
AcDbEntity
  8
0
100
AcDbCircle
 10
397.3282325448803
 20
94.52427190895829
 30
0.0
 40
0.1100000000000136
  0
CIRCLE
  5
239A
330
1F
100
AcDbEntity
  8
0
100
AcDbCircle
 10
397.3282325448803
 20
94.17427190895841
 30
0.0
 40
0.1100000000000136
  0
CIRCLE
  5
239B
330
1F
100
AcDbEntity
  8
0
100
AcDbCircle
 10
396.9782325448802
 20
107.4742719089583
 30
0.0
 40
0.1100000000000705
  0
CIRCLE
  5
239C
330
1F
100
AcDbEntity
  8
0
100
AcDbCircle
 10
396.9782325448802
 20
107.1242719089581
 30
0.0
 40
0.1100000000000705
  0
CIRCLE
  5
239D
330
1F
100
AcDbEntity
  8
0
100
AcDbCircle
 10
396.9782325448802
 20
106.7742719089582
 30
0.0
 40
0.1100000000000136
  0
CIRCLE
  5
239E
330
1F
100
AcDbEntity
  8
0
100
AcDbCircle
 10
396.9782325448802
 20
106.4242719089584
 30
0.0
 40
0.1100000000000136
  0
CIRCLE
  5
239F
330
1F
100
AcDbEntity
  8
0
100
AcDbCircle
 10
396.9782325448802
 20
106.0742719089583
 30
0.0
 40
0.1100000000000136
  0
CIRCLE
  5
23A0
330
1F
100
AcDbEntity
  8
0
100
AcDbCircle
 10
396.9782325448802
 20
105.7242719089583
 30
0.0
 40
0.1100000000000136
  0
CIRCLE
  5
23A1
330
1F
100
AcDbEntity
  8
0
100
AcDbCircle
 10
396.9782325448802
 20
105.3742719089583
 30
0.0
 40
0.1100000000000136
  0
CIRCLE
  5
23A2
330
1F
100
AcDbEntity
  8
0
100
AcDbCircle
 10
396.9782325448802
 20
105.0242719089582
 30
0.0
 40
0.1100000000000136
  0
CIRCLE
  5
23A3
330
1F
100
AcDbEntity
  8
0
100
AcDbCircle
 10
396.9782325448802
 20
104.6742719089583
 30
0.0
 40
0.1100000000000136
  0
CIRCLE
  5
23A4
330
1F
100
AcDbEntity
  8
0
100
AcDbCircle
 10
396.9782325448802
 20
104.3242719089582
 30
0.0
 40
0.1100000000000136
  0
CIRCLE
  5
23A5
330
1F
100
AcDbEntity
  8
0
100
AcDbCircle
 10
396.9782325448802
 20
103.9742719089584
 30
0.0
 40
0.1100000000000136
  0
CIRCLE
  5
23A6
330
1F
100
AcDbEntity
  8
0
100
AcDbCircle
 10
396.9782325448802
 20
103.6242719089581
 30
0.0
 40
0.1100000000000136
  0
CIRCLE
  5
23A7
330
1F
100
AcDbEntity
  8
0
100
AcDbCircle
 10
397.3282325448803
 20
95.57427190895827
 30
0.0
 40
0.1100000000000136
  0
CIRCLE
  5
23A8
330
1F
100
AcDbEntity
  8
0
100
AcDbCircle
 10
397.3282325448803
 20
95.92427190895838
 30
0.0
 40
0.1100000000000136
  0
CIRCLE
  5
23A9
330
1F
100
AcDbEntity
  8
0
100
AcDbCircle
 10
397.3282325448803
 20
96.27427190895829
 30
0.0
 40
0.1100000000000705
  0
CIRCLE
  5
23AA
330
1F
100
AcDbEntity
  8
0
100
AcDbCircle
 10
397.3282325448802
 20
96.62427190895821
 30
0.0
 40
0.1100000000000136
  0
CIRCLE
  5
23AB
330
1F
100
AcDbEntity
  8
0
100
AcDbCircle
 10
397.3282325448802
 20
96.9742719089584
 30
0.0
 40
0.1100000000000136
  0
CIRCLE
  5
23AC
330
1F
100
AcDbEntity
  8
0
100
AcDbCircle
 10
397.3282325448802
 20
97.32427190895826
 30
0.0
 40
0.1100000000000136
  0
CIRCLE
  5
23AD
330
1F
100
AcDbEntity
  8
0
100
AcDbCircle
 10
397.3282325448802
 20
97.67427190895837
 30
0.0
 40
0.1100000000000136
  0
CIRCLE
  5
23AE
330
1F
100
AcDbEntity
  8
0
100
AcDbCircle
 10
397.3282325448802
 20
98.02427190895828
 30
0.0
 40
0.1100000000000136
  0
CIRCLE
  5
23AF
330
1F
100
AcDbEntity
  8
0
100
AcDbCircle
 10
397.3282325448802
 20
98.37427190895821
 30
0.0
 40
0.1100000000000136
  0
CIRCLE
  5
23B0
330
1F
100
AcDbEntity
  8
0
100
AcDbCircle
 10
397.3282325448802
 20
98.72427190895841
 30
0.0
 40
0.1100000000000136
  0
CIRCLE
  5
23B1
330
1F
100
AcDbEntity
  8
0
100
AcDbCircle
 10
397.3282325448802
 20
99.07427190895829
 30
0.0
 40
0.1100000000000136
  0
CIRCLE
  5
23B2
330
1F
100
AcDbEntity
  8
0
100
AcDbCircle
 10
397.3282325448802
 20
99.42427190895838
 30
0.0
 40
0.1100000000000136
  0
CIRCLE
  5
23B3
330
1F
100
AcDbEntity
  8
0
100
AcDbCircle
 10
397.3282325448802
 20
99.77427190895824
 30
0.0
 40
0.1100000000000136
  0
CIRCLE
  5
23B4
330
1F
100
AcDbEntity
  8
0
100
AcDbCircle
 10
397.3282325448802
 20
100.1242719089583
 30
0.0
 40
0.1100000000000136
  0
CIRCLE
  5
23B5
330
1F
100
AcDbEntity
  8
0
100
AcDbCircle
 10
397.3282325448802
 20
100.4742719089584
 30
0.0
 40
0.1100000000000136
  0
CIRCLE
  5
23B6
330
1F
100
AcDbEntity
  8
0
100
AcDbCircle
 10
397.3282325448802
 20
100.8242719089583
 30
0.0
 40
0.1100000000000136
  0
CIRCLE
  5
23B7
330
1F
100
AcDbEntity
  8
0
100
AcDbCircle
 10
401.1782325448804
 20
94.87427190895834
 30
0.0
 40
0.1099999999999568
  0
CIRCLE
  5
23B8
330
1F
100
AcDbEntity
  8
0
100
AcDbCircle
 10
401.1782325448804
 20
94.5242719089583
 30
0.0
 40
0.1099999999999568
  0
CIRCLE
  5
23B9
330
1F
100
AcDbEntity
  8
0
100
AcDbCircle
 10
401.1782325448804
 20
94.17427190895843
 30
0.0
 40
0.1099999999999568
  0
CIRCLE
  5
23BA
330
1F
100
AcDbEntity
  8
0
100
AcDbCircle
 10
400.8282325448801
 20
107.4742719089584
 30
0.0
 40
0.1100000000000705
  0
CIRCLE
  5
23BB
330
1F
100
AcDbEntity
  8
0
100
AcDbCircle
 10
401.1782325448804
 20
95.22427190895843
 30
0.0
 40
0.1099999999999568
  0
CIRCLE
  5
23BC
330
1F
100
AcDbEntity
  8
0
100
AcDbCircle
 10
401.1782325448804
 20
95.57427190895833
 30
0.0
 40
0.1099999999999568
  0
CIRCLE
  5
23BD
330
1F
100
AcDbEntity
  8
0
100
AcDbCircle
 10
401.1782325448804
 20
95.92427190895842
 30
0.0
 40
0.1099999999999568
  0
CIRCLE
  5
23BE
330
1F
100
AcDbEntity
  8
0
100
AcDbCircle
 10
401.1782325448804
 20
96.27427190895833
 30
0.0
 40
0.1099999999999568
  0
CIRCLE
  5
23BF
330
1F
100
AcDbEntity
  8
0
100
AcDbCircle
 10
400.8282325448801
 20
107.1242719089582
 30
0.0
 40
0.1100000000000705
  0
CIRCLE
  5
23C0
330
1F
100
AcDbEntity
  8
0
100
AcDbCircle
 10
400.8282325448801
 20
106.7742719089583
 30
0.0
 40
0.1100000000000136
  0
CIRCLE
  5
23C1
330
1F
100
AcDbEntity
  8
0
100
AcDbCircle
 10
400.8282325448801
 20
106.4242719089584
 30
0.0
 40
0.1100000000000136
  0
CIRCLE
  5
23C2
330
1F
100
AcDbEntity
  8
0
100
AcDbCircle
 10
400.8282325448801
 20
105.7242719089584
 30
0.0
 40
0.1100000000000136
  0
CIRCLE
  5
23C3
330
1F
100
AcDbEntity
  8
0
100
AcDbCircle
 10
400.8282325448801
 20
105.3742719089583
 30
0.0
 40
0.1100000000000136
  0
CIRCLE
  5
23C4
330
1F
100
AcDbEntity
  8
0
100
AcDbCircle
 10
400.8282325448801
 20
104.6742719089584
 30
0.0
 40
0.1100000000000136
  0
CIRCLE
  5
23C5
330
1F
100
AcDbEntity
  8
0
100
AcDbCircle
 10
400.8282325448801
 20
104.3242719089583
 30
0.0
 40
0.1100000000000136
  0
CIRCLE
  5
23C6
330
1F
100
AcDbEntity
  8
0
100
AcDbCircle
 10
400.8282325448801
 20
103.9742719089584
 30
0.0
 40
0.1100000000000136
  0
CIRCLE
  5
23C7
330
1F
100
AcDbEntity
  8
0
100
AcDbCircle
 10
401.1782325448804
 20
96.97427190895844
 30
0.0
 40
0.1099999999999568
  0
CIRCLE
  5
23C8
330
1F
100
AcDbEntity
  8
0
100
AcDbCircle
 10
401.1782325448804
 20
97.67427190895842
 30
0.0
 40
0.1099999999999568
  0
CIRCLE
  5
23C9
330
1F
100
AcDbEntity
  8
0
100
AcDbCircle
 10
401.1782325448804
 20
98.02427190895834
 30
0.0
 40
0.1099999999999568
  0
CIRCLE
  5
23CA
330
1F
100
AcDbEntity
  8
0
100
AcDbCircle
 10
401.1782325448804
 20
98.37427190895823
 30
0.0
 40
0.1099999999999568
  0
CIRCLE
  5
23CB
330
1F
100
AcDbEntity
  8
0
100
AcDbCircle
 10
401.1782325448804
 20
99.0742719089583
 30
0.0
 40
0.1099999999999568
  0
CIRCLE
  5
23CC
330
1F
100
AcDbEntity
  8
0
100
AcDbCircle
 10
401.1782325448804
 20
99.77427190895832
 30
0.0
 40
0.1099999999999568
  0
CIRCLE
  5
23CD
330
1F
100
AcDbEntity
  8
0
100
AcDbCircle
 10
401.1782325448804
 20
100.1242719089583
 30
0.0
 40
0.1099999999999568
  0
CIRCLE
  5
23CE
330
1F
100
AcDbEntity
  8
0
100
AcDbCircle
 10
401.1782325448804
 20
100.4742719089584
 30
0.0
 40
0.1099999999999568
  0
CIRCLE
  5
23CF
330
1F
100
AcDbEntity
  8
0
100
AcDbCircle
 10
401.1782325448804
 20
101.1742719089584
 30
0.0
 40
0.1100000000000136
  0
CIRCLE
  5
23D0
330
1F
100
AcDbEntity
  8
0
100
AcDbCircle
 10
401.1782325448804
 20
101.5242719089583
 30
0.0
 40
0.1100000000000136
  0
CIRCLE
  5
23D1
330
1F
100
AcDbEntity
  8
0
100
AcDbCircle
 10
401.1782325448804
 20
101.8742719089582
 30
0.0
 40
0.1100000000000136
  0
CIRCLE
  5
23D2
330
1F
100
AcDbEntity
  8
0
100
AcDbCircle
 10
401.1782325448804
 20
102.5742719089583
 30
0.0
 40
0.1099999999999568
  0
CIRCLE
  5
23D3
330
1F
100
AcDbEntity
  8
0
100
AcDbCircle
 10
401.1782325448804
 20
103.2742719089583
 30
0.0
 40
0.1099999999999568
  0
CIRCLE
  5
23D4
330
1F
100
AcDbEntity
  8
0
100
AcDbCircle
 10
401.1782325448804
 20
103.9742719089584
 30
0.0
 40
0.1099999999999568
  0
CIRCLE
  5
23D5
330
1F
100
AcDbEntity
  8
0
100
AcDbCircle
 10
401.1782325448804
 20
104.6742719089584
 30
0.0
 40
0.1099999999999568
  0
CIRCLE
  5
23D6
330
1F
100
AcDbEntity
  8
0
100
AcDbCircle
 10
401.1782325448804
 20
105.3742719089583
 30
0.0
 40
0.1099999999999568
  0
CIRCLE
  5
23D7
330
1F
100
AcDbEntity
  8
0
100
AcDbCircle
 10
400.8282325448802
 20
94.17427190895843
 30
0.0
 40
0.1100000000000136
  0
CIRCLE
  5
23D8
330
1F
100
AcDbEntity
  8
0
100
AcDbCircle
 10
400.4782325448801
 20
107.4742719089584
 30
0.0
 40
0.1099999999999568
  0
CIRCLE
  5
23D9
330
1F
100
AcDbEntity
  8
0
100
AcDbCircle
 10
400.4782325448801
 20
107.1242719089582
 30
0.0
 40
0.1099999999999568
  0
CIRCLE
  5
23DA
330
1F
100
AcDbEntity
  8
0
100
AcDbCircle
 10
400.4782325448801
 20
106.7742719089583
 30
0.0
 40
0.1100000000000136
  0
CIRCLE
  5
23DB
330
1F
100
AcDbEntity
  8
0
100
AcDbCircle
 10
400.8282325448802
 20
94.5242719089583
 30
0.0
 40
0.1100000000000136
  0
CIRCLE
  5
23DC
330
1F
100
AcDbEntity
  8
0
100
AcDbCircle
 10
400.8282325448802
 20
94.87427190895834
 30
0.0
 40
0.1100000000000136
  0
CIRCLE
  5
23DD
330
1F
100
AcDbEntity
  8
0
100
AcDbCircle
 10
400.8282325448802
 20
95.22427190895843
 30
0.0
 40
0.1100000000000136
  0
CIRCLE
  5
23DE
330
1F
100
AcDbEntity
  8
0
100
AcDbCircle
 10
400.8282325448802
 20
95.57427190895833
 30
0.0
 40
0.1100000000000136
  0
CIRCLE
  5
23DF
330
1F
100
AcDbEntity
  8
0
100
AcDbCircle
 10
400.4782325448801
 20
106.4242719089584
 30
0.0
 40
0.1100000000000136
  0
CIRCLE
  5
23E0
330
1F
100
AcDbEntity
  8
0
100
AcDbCircle
 10
400.4782325448801
 20
106.0742719089583
 30
0.0
 40
0.1100000000000136
  0
CIRCLE
  5
23E1
330
1F
100
AcDbEntity
  8
0
100
AcDbCircle
 10
400.4782325448801
 20
105.7242719089584
 30
0.0
 40
0.1100000000000136
  0
CIRCLE
  5
23E2
330
1F
100
AcDbEntity
  8
0
100
AcDbCircle
 10
400.4782325448801
 20
105.3742719089583
 30
0.0
 40
0.1100000000000136
  0
CIRCLE
  5
23E3
330
1F
100
AcDbEntity
  8
0
100
AcDbCircle
 10
400.4782325448801
 20
104.6742719089584
 30
0.0
 40
0.1100000000000136
  0
CIRCLE
  5
23E4
330
1F
100
AcDbEntity
  8
0
100
AcDbCircle
 10
400.4782325448801
 20
103.2742719089583
 30
0.0
 40
0.1100000000000136
  0
CIRCLE
  5
23E5
330
1F
100
AcDbEntity
  8
0
100
AcDbCircle
 10
400.4782325448801
 20
101.8742719089582
 30
0.0
 40
0.1100000000000705
  0
CIRCLE
  5
23E6
330
1F
100
AcDbEntity
  8
0
100
AcDbCircle
 10
400.4782325448801
 20
101.1742719089584
 30
0.0
 40
0.1100000000000705
  0
CIRCLE
  5
23E7
330
1F
100
AcDbEntity
  8
0
100
AcDbCircle
 10
400.8282325448802
 20
95.92427190895842
 30
0.0
 40
0.1100000000000136
  0
CIRCLE
  5
23E8
330
1F
100
AcDbEntity
  8
0
100
AcDbCircle
 10
400.8282325448801
 20
96.27427190895833
 30
0.0
 40
0.1100000000000136
  0
CIRCLE
  5
23E9
330
1F
100
AcDbEntity
  8
0
100
AcDbCircle
 10
400.8282325448801
 20
96.62427190895822
 30
0.0
 40
0.1100000000000136
  0
CIRCLE
  5
23EA
330
1F
100
AcDbEntity
  8
0
100
AcDbCircle
 10
400.8282325448801
 20
96.97427190895844
 30
0.0
 40
0.1100000000000136
  0
CIRCLE
  5
23EB
330
1F
100
AcDbEntity
  8
0
100
AcDbCircle
 10
400.8282325448801
 20
97.32427190895833
 30
0.0
 40
0.1100000000000136
  0
CIRCLE
  5
23EC
330
1F
100
AcDbEntity
  8
0
100
AcDbCircle
 10
400.8282325448801
 20
98.02427190895834
 30
0.0
 40
0.1100000000000136
  0
CIRCLE
  5
23ED
330
1F
100
AcDbEntity
  8
0
100
AcDbCircle
 10
400.8282325448801
 20
99.42427190895841
 30
0.0
 40
0.1100000000000136
  0
CIRCLE
  5
23EE
330
1F
100
AcDbEntity
  8
0
100
AcDbCircle
 10
400.8282325448801
 20
100.1242719089583
 30
0.0
 40
0.1100000000000136
  0
CIRCLE
  5
23EF
330
1F
100
AcDbEntity
  8
0
100
AcDbCircle
 10
400.8282325448801
 20
100.8242719089583
 30
0.0
 40
0.1100000000000136
  0
CIRCLE
  5
23F0
330
1F
100
AcDbEntity
  8
0
100
AcDbCircle
 10
400.8282325448801
 20
101.5242719089583
 30
0.0
 40
0.1099999999999568
  0
CIRCLE
  5
23F1
330
1F
100
AcDbEntity
  8
0
100
AcDbCircle
 10
400.8282325448801
 20
101.8742719089582
 30
0.0
 40
0.1099999999999568
  0
CIRCLE
  5
23F2
330
1F
100
AcDbEntity
  8
0
100
AcDbCircle
 10
400.8282325448801
 20
102.2242719089584
 30
0.0
 40
0.1100000000000136
  0
CIRCLE
  5
23F3
330
1F
100
AcDbEntity
  8
0
100
AcDbCircle
 10
400.8282325448801
 20
102.5742719089583
 30
0.0
 40
0.1100000000000136
  0
CIRCLE
  5
23F4
330
1F
100
AcDbEntity
  8
0
100
AcDbCircle
 10
400.8282325448801
 20
102.9242719089584
 30
0.0
 40
0.1100000000000136
  0
CIRCLE
  5
23F5
330
1F
100
AcDbEntity
  8
0
100
AcDbCircle
 10
400.8282325448801
 20
103.2742719089583
 30
0.0
 40
0.1100000000000136
  0
CIRCLE
  5
23F6
330
1F
100
AcDbEntity
  8
0
100
AcDbCircle
 10
400.8282325448801
 20
103.6242719089582
 30
0.0
 40
0.1100000000000136
  0
CIRCLE
  5
23F7
330
1F
100
AcDbEntity
  8
0
100
AcDbCircle
 10
401.8782325448801
 20
98.72427190895843
 30
0.0
 40
0.1099999999999568
  0
CIRCLE
  5
23F8
330
1F
100
AcDbEntity
  8
0
100
AcDbCircle
 10
401.8782325448801
 20
98.37427190895823
 30
0.0
 40
0.1099999999999568
  0
CIRCLE
  5
23F9
330
1F
100
AcDbEntity
  8
0
100
AcDbCircle
 10
401.8782325448801
 20
98.02427190895834
 30
0.0
 40
0.1099999999999568
  0
CIRCLE
  5
23FA
330
1F
100
AcDbEntity
  8
0
100
AcDbCircle
 10
401.8782325448801
 20
97.67427190895842
 30
0.0
 40
0.1099999999999568
  0
CIRCLE
  5
23FB
330
1F
100
AcDbEntity
  8
0
100
AcDbCircle
 10
401.8782325448801
 20
97.32427190895833
 30
0.0
 40
0.1099999999999568
  0
CIRCLE
  5
23FC
330
1F
100
AcDbEntity
  8
0
100
AcDbCircle
 10
401.8782325448801
 20
96.97427190895844
 30
0.0
 40
0.1099999999999568
  0
CIRCLE
  5
23FD
330
1F
100
AcDbEntity
  8
0
100
AcDbCircle
 10
401.8782325448801
 20
96.62427190895822
 30
0.0
 40
0.1099999999999568
  0
CIRCLE
  5
23FE
330
1F
100
AcDbEntity
  8
0
100
AcDbCircle
 10
401.8782325448801
 20
96.27427190895833
 30
0.0
 40
0.1099999999999568
  0
CIRCLE
  5
23FF
330
1F
100
AcDbEntity
  8
0
100
AcDbCircle
 10
401.5282325448803
 20
107.1242719089582
 30
0.0
 40
0.1100000000000136
  0
CIRCLE
  5
2400
330
1F
100
AcDbEntity
  8
0
100
AcDbCircle
 10
401.5282325448803
 20
107.4742719089584
 30
0.0
 40
0.1100000000000136
  0
CIRCLE
  5
2401
330
1F
100
AcDbEntity
  8
0
100
AcDbCircle
 10
401.8782325448801
 20
94.17427190895843
 30
0.0
 40
0.1100000000000136
  0
CIRCLE
  5
2402
330
1F
100
AcDbEntity
  8
0
100
AcDbCircle
 10
401.8782325448801
 20
94.5242719089583
 30
0.0
 40
0.1100000000000136
  0
CIRCLE
  5
2403
330
1F
100
AcDbEntity
  8
0
100
AcDbCircle
 10
401.8782325448801
 20
94.87427190895834
 30
0.0
 40
0.1100000000000136
  0
CIRCLE
  5
2404
330
1F
100
AcDbEntity
  8
0
100
AcDbCircle
 10
401.8782325448801
 20
95.22427190895843
 30
0.0
 40
0.1100000000000136
  0
CIRCLE
  5
2405
330
1F
100
AcDbEntity
  8
0
100
AcDbCircle
 10
401.8782325448801
 20
95.57427190895833
 30
0.0
 40
0.1100000000000136
  0
CIRCLE
  5
2406
330
1F
100
AcDbEntity
  8
0
100
AcDbCircle
 10
401.8782325448801
 20
95.92427190895842
 30
0.0
 40
0.1100000000000136
  0
CIRCLE
  5
2407
330
1F
100
AcDbEntity
  8
0
100
AcDbCircle
 10
401.8782325448801
 20
104.6742719089584
 30
0.0
 40
0.1099999999999568
  0
CIRCLE
  5
2408
330
1F
100
AcDbEntity
  8
0
100
AcDbCircle
 10
401.8782325448801
 20
105.3742719089583
 30
0.0
 40
0.1099999999999568
  0
CIRCLE
  5
2409
330
1F
100
AcDbEntity
  8
0
100
AcDbCircle
 10
401.8782325448801
 20
106.4242719089584
 30
0.0
 40
0.1099999999999568
  0
CIRCLE
  5
240A
330
1F
100
AcDbEntity
  8
0
100
AcDbCircle
 10
401.8782325448801
 20
106.7742719089583
 30
0.0
 40
0.1099999999999568
  0
CIRCLE
  5
240B
330
1F
100
AcDbEntity
  8
0
100
AcDbCircle
 10
401.8782325448801
 20
107.1242719089582
 30
0.0
 40
0.1100000000000136
  0
CIRCLE
  5
240C
330
1F
100
AcDbEntity
  8
0
100
AcDbCircle
 10
401.8782325448801
 20
107.4742719089584
 30
0.0
 40
0.1100000000000136
  0
CIRCLE
  5
240D
330
1F
100
AcDbEntity
  8
0
100
AcDbCircle
 10
402.2282325448803
 20
94.17427190895846
 30
0.0
 40
0.1100000000000136
  0
CIRCLE
  5
240E
330
1F
100
AcDbEntity
  8
0
100
AcDbCircle
 10
402.2282325448803
 20
94.52427190895834
 30
0.0
 40
0.1100000000000136
  0
CIRCLE
  5
240F
330
1F
100
AcDbEntity
  8
0
100
AcDbCircle
 10
401.8782325448801
 20
103.9742719089584
 30
0.0
 40
0.1099999999999568
  0
CIRCLE
  5
2410
330
1F
100
AcDbEntity
  8
0
100
AcDbCircle
 10
401.8782325448801
 20
103.2742719089583
 30
0.0
 40
0.1099999999999568
  0
CIRCLE
  5
2411
330
1F
100
AcDbEntity
  8
0
100
AcDbCircle
 10
401.8782325448801
 20
102.5742719089583
 30
0.0
 40
0.1099999999999568
  0
CIRCLE
  5
2412
330
1F
100
AcDbEntity
  8
0
100
AcDbCircle
 10
401.8782325448801
 20
101.8742719089582
 30
0.0
 40
0.1099999999998999
  0
CIRCLE
  5
2413
330
1F
100
AcDbEntity
  8
0
100
AcDbCircle
 10
401.8782325448801
 20
101.1742719089584
 30
0.0
 40
0.1099999999998999
  0
CIRCLE
  5
2414
330
1F
100
AcDbEntity
  8
0
100
AcDbCircle
 10
401.8782325448801
 20
100.4742719089584
 30
0.0
 40
0.1099999999999568
  0
CIRCLE
  5
2415
330
1F
100
AcDbEntity
  8
0
100
AcDbCircle
 10
401.8782325448801
 20
99.77427190895832
 30
0.0
 40
0.1099999999999568
  0
CIRCLE
  5
2416
330
1F
100
AcDbEntity
  8
0
100
AcDbCircle
 10
401.8782325448801
 20
99.0742719089583
 30
0.0
 40
0.1099999999999568
  0
CIRCLE
  5
2417
330
1F
100
AcDbEntity
  8
0
100
AcDbCircle
 10
401.5282325448803
 20
99.42427190895841
 30
0.0
 40
0.1099999999999568
  0
CIRCLE
  5
2418
330
1F
100
AcDbEntity
  8
0
100
AcDbCircle
 10
401.5282325448803
 20
98.72427190895843
 30
0.0
 40
0.1099999999999568
  0
CIRCLE
  5
2419
330
1F
100
AcDbEntity
  8
0
100
AcDbCircle
 10
401.5282325448803
 20
97.32427190895833
 30
0.0
 40
0.1099999999999568
  0
CIRCLE
  5
241A
330
1F
100
AcDbEntity
  8
0
100
AcDbCircle
 10
401.5282325448803
 20
96.62427190895822
 30
0.0
 40
0.1099999999999568
  0
CIRCLE
  5
241B
330
1F
100
AcDbEntity
  8
0
100
AcDbCircle
 10
401.5282325448803
 20
95.92427190895842
 30
0.0
 40
0.1099999999999568
  0
CIRCLE
  5
241C
330
1F
100
AcDbEntity
  8
0
100
AcDbCircle
 10
401.5282325448803
 20
95.57427190895833
 30
0.0
 40
0.1099999999999568
  0
CIRCLE
  5
241D
330
1F
100
AcDbEntity
  8
0
100
AcDbCircle
 10
401.5282325448803
 20
95.22427190895843
 30
0.0
 40
0.1099999999999568
  0
CIRCLE
  5
241E
330
1F
100
AcDbEntity
  8
0
100
AcDbCircle
 10
401.5282325448803
 20
94.87427190895834
 30
0.0
 40
0.1099999999999568
  0
CIRCLE
  5
241F
330
1F
100
AcDbEntity
  8
0
100
AcDbCircle
 10
401.1782325448804
 20
105.7242719089584
 30
0.0
 40
0.1099999999999568
  0
CIRCLE
  5
2420
330
1F
100
AcDbEntity
  8
0
100
AcDbCircle
 10
401.1782325448804
 20
106.0742719089583
 30
0.0
 40
0.1099999999999568
  0
CIRCLE
  5
2421
330
1F
100
AcDbEntity
  8
0
100
AcDbCircle
 10
401.1782325448804
 20
106.4242719089584
 30
0.0
 40
0.1099999999999568
  0
CIRCLE
  5
2422
330
1F
100
AcDbEntity
  8
0
100
AcDbCircle
 10
401.1782325448804
 20
106.7742719089583
 30
0.0
 40
0.1099999999999568
  0
CIRCLE
  5
2423
330
1F
100
AcDbEntity
  8
0
100
AcDbCircle
 10
401.1782325448804
 20
107.1242719089582
 30
0.0
 40
0.1099999999998999
  0
CIRCLE
  5
2424
330
1F
100
AcDbEntity
  8
0
100
AcDbCircle
 10
401.1782325448804
 20
107.4742719089584
 30
0.0
 40
0.1099999999998999
  0
CIRCLE
  5
2425
330
1F
100
AcDbEntity
  8
0
100
AcDbCircle
 10
401.5282325448803
 20
94.17427190895843
 30
0.0
 40
0.1099999999999568
  0
CIRCLE
  5
2426
330
1F
100
AcDbEntity
  8
0
100
AcDbCircle
 10
401.5282325448803
 20
94.5242719089583
 30
0.0
 40
0.1099999999999568
  0
CIRCLE
  5
2427
330
1F
100
AcDbEntity
  8
0
100
AcDbCircle
 10
401.5282325448803
 20
100.1242719089583
 30
0.0
 40
0.1099999999999568
  0
CIRCLE
  5
2428
330
1F
100
AcDbEntity
  8
0
100
AcDbCircle
 10
401.5282325448803
 20
100.8242719089583
 30
0.0
 40
0.1099999999999568
  0
CIRCLE
  5
2429
330
1F
100
AcDbEntity
  8
0
100
AcDbCircle
 10
401.5282325448803
 20
101.1742719089584
 30
0.0
 40
0.1099999999998999
  0
CIRCLE
  5
242A
330
1F
100
AcDbEntity
  8
0
100
AcDbCircle
 10
401.5282325448803
 20
101.5242719089583
 30
0.0
 40
0.1099999999998999
  0
CIRCLE
  5
242B
330
1F
100
AcDbEntity
  8
0
100
AcDbCircle
 10
401.5282325448803
 20
102.2242719089584
 30
0.0
 40
0.1099999999999568
  0
CIRCLE
  5
242C
330
1F
100
AcDbEntity
  8
0
100
AcDbCircle
 10
401.5282325448803
 20
102.5742719089583
 30
0.0
 40
0.1099999999999568
  0
CIRCLE
  5
242D
330
1F
100
AcDbEntity
  8
0
100
AcDbCircle
 10
401.5282325448803
 20
102.9242719089584
 30
0.0
 40
0.1099999999999568
  0
CIRCLE
  5
242E
330
1F
100
AcDbEntity
  8
0
100
AcDbCircle
 10
401.5282325448803
 20
103.2742719089583
 30
0.0
 40
0.1099999999999568
  0
CIRCLE
  5
242F
330
1F
100
AcDbEntity
  8
0
100
AcDbCircle
 10
401.5282325448803
 20
103.6242719089582
 30
0.0
 40
0.1099999999999568
  0
CIRCLE
  5
2430
330
1F
100
AcDbEntity
  8
0
100
AcDbCircle
 10
401.5282325448803
 20
103.9742719089584
 30
0.0
 40
0.1099999999999568
  0
CIRCLE
  5
2431
330
1F
100
AcDbEntity
  8
0
100
AcDbCircle
 10
401.5282325448803
 20
104.3242719089583
 30
0.0
 40
0.1099999999999568
  0
CIRCLE
  5
2432
330
1F
100
AcDbEntity
  8
0
100
AcDbCircle
 10
401.5282325448803
 20
105.0242719089583
 30
0.0
 40
0.1099999999999568
  0
CIRCLE
  5
2433
330
1F
100
AcDbEntity
  8
0
100
AcDbCircle
 10
401.5282325448803
 20
105.7242719089584
 30
0.0
 40
0.1099999999999568
  0
CIRCLE
  5
2434
330
1F
100
AcDbEntity
  8
0
100
AcDbCircle
 10
401.5282325448803
 20
106.0742719089583
 30
0.0
 40
0.1099999999999568
  0
CIRCLE
  5
2435
330
1F
100
AcDbEntity
  8
0
100
AcDbCircle
 10
401.5282325448803
 20
106.4242719089584
 30
0.0
 40
0.1099999999999568
  0
CIRCLE
  5
2436
330
1F
100
AcDbEntity
  8
0
100
AcDbCircle
 10
401.5282325448803
 20
106.7742719089583
 30
0.0
 40
0.1099999999999568
  0
CIRCLE
  5
2437
330
1F
100
AcDbEntity
  8
0
100
AcDbCircle
 10
400.1282325448802
 20
96.62427190895822
 30
0.0
 40
0.1100000000000136
  0
CIRCLE
  5
2438
330
1F
100
AcDbEntity
  8
0
100
AcDbCircle
 10
400.1282325448802
 20
96.27427190895833
 30
0.0
 40
0.1100000000000136
  0
CIRCLE
  5
2439
330
1F
100
AcDbEntity
  8
0
100
AcDbCircle
 10
400.1282325448802
 20
95.92427190895842
 30
0.0
 40
0.1100000000000136
  0
CIRCLE
  5
243A
330
1F
100
AcDbEntity
  8
0
100
AcDbCircle
 10
400.1282325448802
 20
95.57427190895833
 30
0.0
 40
0.1100000000000136
  0
CIRCLE
  5
243B
330
1F
100
AcDbEntity
  8
0
100
AcDbCircle
 10
400.1282325448802
 20
95.22427190895843
 30
0.0
 40
0.1100000000000136
  0
CIRCLE
  5
243C
330
1F
100
AcDbEntity
  8
0
100
AcDbCircle
 10
400.1282325448802
 20
94.87427190895834
 30
0.0
 40
0.1100000000000136
  0
CIRCLE
  5
243D
330
1F
100
AcDbEntity
  8
0
100
AcDbCircle
 10
400.1282325448802
 20
94.5242719089583
 30
0.0
 40
0.1100000000000136
  0
CIRCLE
  5
243E
330
1F
100
AcDbEntity
  8
0
100
AcDbCircle
 10
400.1282325448802
 20
94.17427190895843
 30
0.0
 40
0.1100000000000136
  0
CIRCLE
  5
243F
330
1F
100
AcDbEntity
  8
0
100
AcDbCircle
 10
399.7782325448804
 20
107.4742719089584
 30
0.0
 40
0.1100000000000705
  0
CIRCLE
  5
2440
330
1F
100
AcDbEntity
  8
0
100
AcDbCircle
 10
399.7782325448804
 20
106.7742719089583
 30
0.0
 40
0.1100000000000136
  0
CIRCLE
  5
2441
330
1F
100
AcDbEntity
  8
0
100
AcDbCircle
 10
399.7782325448804
 20
106.4242719089584
 30
0.0
 40
0.1100000000000136
  0
CIRCLE
  5
2442
330
1F
100
AcDbEntity
  8
0
100
AcDbCircle
 10
399.7782325448804
 20
106.0742719089583
 30
0.0
 40
0.1100000000000136
  0
CIRCLE
  5
2443
330
1F
100
AcDbEntity
  8
0
100
AcDbCircle
 10
399.7782325448804
 20
105.7242719089584
 30
0.0
 40
0.1100000000000136
  0
CIRCLE
  5
2444
330
1F
100
AcDbEntity
  8
0
100
AcDbCircle
 10
399.7782325448804
 20
105.3742719089583
 30
0.0
 40
0.1100000000000136
  0
CIRCLE
  5
2445
330
1F
100
AcDbEntity
  8
0
100
AcDbCircle
 10
399.7782325448804
 20
104.6742719089584
 30
0.0
 40
0.1100000000000136
  0
CIRCLE
  5
2446
330
1F
100
AcDbEntity
  8
0
100
AcDbCircle
 10
399.7782325448804
 20
103.2742719089583
 30
0.0
 40
0.1100000000000136
  0
CIRCLE
  5
2447
330
1F
100
AcDbEntity
  8
0
100
AcDbCircle
 10
399.7782325448804
 20
101.8742719089582
 30
0.0
 40
0.1099999999999568
  0
CIRCLE
  5
2448
330
1F
100
AcDbEntity
  8
0
100
AcDbCircle
 10
399.7782325448804
 20
101.1742719089584
 30
0.0
 40
0.1099999999999568
  0
CIRCLE
  5
2449
330
1F
100
AcDbEntity
  8
0
100
AcDbCircle
 10
399.7782325448805
 20
100.8242719089583
 30
0.0
 40
0.1100000000000136
  0
CIRCLE
  5
244A
330
1F
100
AcDbEntity
  8
0
100
AcDbCircle
 10
399.7782325448805
 20
100.4742719089584
 30
0.0
 40
0.1100000000000136
  0
CIRCLE
  5
244B
330
1F
100
AcDbEntity
  8
0
100
AcDbCircle
 10
399.7782325448805
 20
99.77427190895829
 30
0.0
 40
0.1100000000000136
  0
CIRCLE
  5
244C
330
1F
100
AcDbEntity
  8
0
100
AcDbCircle
 10
399.7782325448805
 20
99.0742719089583
 30
0.0
 40
0.1100000000000136
  0
CIRCLE
  5
244D
330
1F
100
AcDbEntity
  8
0
100
AcDbCircle
 10
399.7782325448805
 20
97.6742719089584
 30
0.0
 40
0.1100000000000136
  0
CIRCLE
  5
244E
330
1F
100
AcDbEntity
  8
0
100
AcDbCircle
 10
399.7782325448805
 20
97.3242719089583
 30
0.0
 40
0.1100000000000136
  0
CIRCLE
  5
244F
330
1F
100
AcDbEntity
  8
0
100
AcDbCircle
 10
399.7782325448805
 20
96.97427190895844
 30
0.0
 40
0.1100000000000136
  0
CIRCLE
  5
2450
330
1F
100
AcDbEntity
  8
0
100
AcDbCircle
 10
399.7782325448805
 20
96.27427190895829
 30
0.0
 40
0.1100000000000136
  0
CIRCLE
  5
2451
330
1F
100
AcDbEntity
  8
0
100
AcDbCircle
 10
399.7782325448806
 20
95.9242719089584
 30
0.0
 40
0.1100000000000136
  0
CIRCLE
  5
2452
330
1F
100
AcDbEntity
  8
0
100
AcDbCircle
 10
399.7782325448806
 20
95.57427190895827
 30
0.0
 40
0.1100000000000136
  0
CIRCLE
  5
2453
330
1F
100
AcDbEntity
  8
0
100
AcDbCircle
 10
399.7782325448806
 20
95.22427190895839
 30
0.0
 40
0.1100000000000136
  0
CIRCLE
  5
2454
330
1F
100
AcDbEntity
  8
0
100
AcDbCircle
 10
399.7782325448806
 20
94.87427190895832
 30
0.0
 40
0.1100000000000136
  0
CIRCLE
  5
2455
330
1F
100
AcDbEntity
  8
0
100
AcDbCircle
 10
399.7782325448806
 20
94.5242719089583
 30
0.0
 40
0.1100000000000136
  0
CIRCLE
  5
2456
330
1F
100
AcDbEntity
  8
0
100
AcDbCircle
 10
399.7782325448806
 20
94.17427190895843
 30
0.0
 40
0.1100000000000136
  0
CIRCLE
  5
2457
330
1F
100
AcDbEntity
  8
0
100
AcDbCircle
 10
400.4782325448803
 20
95.57427190895833
 30
0.0
 40
0.1100000000000136
  0
CIRCLE
  5
2458
330
1F
100
AcDbEntity
  8
0
100
AcDbCircle
 10
400.4782325448803
 20
95.22427190895843
 30
0.0
 40
0.1100000000000136
  0
CIRCLE
  5
2459
330
1F
100
AcDbEntity
  8
0
100
AcDbCircle
 10
400.4782325448803
 20
94.87427190895834
 30
0.0
 40
0.1100000000000136
  0
CIRCLE
  5
245A
330
1F
100
AcDbEntity
  8
0
100
AcDbCircle
 10
400.4782325448803
 20
94.5242719089583
 30
0.0
 40
0.1100000000000136
  0
CIRCLE
  5
245B
330
1F
100
AcDbEntity
  8
0
100
AcDbCircle
 10
400.1282325448802
 20
106.7742719089583
 30
0.0
 40
0.1100000000000136
  0
CIRCLE
  5
245C
330
1F
100
AcDbEntity
  8
0
100
AcDbCircle
 10
400.1282325448802
 20
107.1242719089582
 30
0.0
 40
0.1100000000000705
  0
CIRCLE
  5
245D
330
1F
100
AcDbEntity
  8
0
100
AcDbCircle
 10
400.1282325448802
 20
107.4742719089584
 30
0.0
 40
0.1100000000000705
  0
CIRCLE
  5
245E
330
1F
100
AcDbEntity
  8
0
100
AcDbCircle
 10
400.4782325448803
 20
94.17427190895843
 30
0.0
 40
0.1100000000000136
  0
CIRCLE
  5
245F
330
1F
100
AcDbEntity
  8
0
100
AcDbCircle
 10
400.4782325448803
 20
95.92427190895842
 30
0.0
 40
0.1100000000000136
  0
CIRCLE
  5
2460
330
1F
100
AcDbEntity
  8
0
100
AcDbCircle
 10
400.4782325448801
 20
96.27427190895833
 30
0.0
 40
0.1100000000000136
  0
CIRCLE
  5
2461
330
1F
100
AcDbEntity
  8
0
100
AcDbCircle
 10
400.4782325448801
 20
96.97427190895844
 30
0.0
 40
0.1100000000000136
  0
CIRCLE
  5
2462
330
1F
100
AcDbEntity
  8
0
100
AcDbCircle
 10
400.4782325448801
 20
97.67427190895842
 30
0.0
 40
0.1100000000000136
  0
CIRCLE
  5
2463
330
1F
100
AcDbEntity
  8
0
100
AcDbCircle
 10
400.4782325448801
 20
99.0742719089583
 30
0.0
 40
0.1100000000000136
  0
CIRCLE
  5
2464
330
1F
100
AcDbEntity
  8
0
100
AcDbCircle
 10
400.4782325448801
 20
99.77427190895832
 30
0.0
 40
0.1100000000000136
  0
CIRCLE
  5
2465
330
1F
100
AcDbEntity
  8
0
100
AcDbCircle
 10
400.4782325448801
 20
100.4742719089584
 30
0.0
 40
0.1100000000000136
  0
CIRCLE
  5
2466
330
1F
100
AcDbEntity
  8
0
100
AcDbCircle
 10
400.4782325448801
 20
100.8242719089583
 30
0.0
 40
0.1100000000000136
  0
CIRCLE
  5
2467
330
1F
100
AcDbEntity
  8
0
100
AcDbCircle
 10
400.1282325448802
 20
106.4242719089584
 30
0.0
 40
0.1100000000000136
  0
CIRCLE
  5
2468
330
1F
100
AcDbEntity
  8
0
100
AcDbCircle
 10
400.1282325448802
 20
106.0742719089583
 30
0.0
 40
0.1100000000000136
  0
CIRCLE
  5
2469
330
1F
100
AcDbEntity
  8
0
100
AcDbCircle
 10
400.1282325448802
 20
105.7242719089584
 30
0.0
 40
0.1100000000000136
  0
CIRCLE
  5
246A
330
1F
100
AcDbEntity
  8
0
100
AcDbCircle
 10
400.1282325448802
 20
105.3742719089583
 30
0.0
 40
0.1100000000000136
  0
CIRCLE
  5
246B
330
1F
100
AcDbEntity
  8
0
100
AcDbCircle
 10
400.1282325448802
 20
105.0242719089583
 30
0.0
 40
0.1100000000000136
  0
CIRCLE
  5
246C
330
1F
100
AcDbEntity
  8
0
100
AcDbCircle
 10
400.1282325448802
 20
104.6742719089584
 30
0.0
 40
0.1100000000000136
  0
CIRCLE
  5
246D
330
1F
100
AcDbEntity
  8
0
100
AcDbCircle
 10
400.1282325448802
 20
103.2742719089583
 30
0.0
 40
0.1100000000000136
  0
CIRCLE
  5
246E
330
1F
100
AcDbEntity
  8
0
100
AcDbCircle
 10
400.1282325448802
 20
101.8742719089582
 30
0.0
 40
0.1099999999999568
  0
CIRCLE
  5
246F
330
1F
100
AcDbEntity
  8
0
100
AcDbCircle
 10
400.1282325448802
 20
101.5242719089583
 30
0.0
 40
0.1099999999999568
  0
CIRCLE
  5
2470
330
1F
100
AcDbEntity
  8
0
100
AcDbCircle
 10
400.1282325448802
 20
101.1742719089584
 30
0.0
 40
0.1099999999999568
  0
CIRCLE
  5
2471
330
1F
100
AcDbEntity
  8
0
100
AcDbCircle
 10
400.1282325448802
 20
100.8242719089583
 30
0.0
 40
0.1100000000000136
  0
CIRCLE
  5
2472
330
1F
100
AcDbEntity
  8
0
100
AcDbCircle
 10
400.1282325448802
 20
100.1242719089583
 30
0.0
 40
0.1100000000000136
  0
CIRCLE
  5
2473
330
1F
100
AcDbEntity
  8
0
100
AcDbCircle
 10
400.1282325448802
 20
99.42427190895841
 30
0.0
 40
0.1100000000000136
  0
CIRCLE
  5
2474
330
1F
100
AcDbEntity
  8
0
100
AcDbCircle
 10
400.1282325448802
 20
99.0742719089583
 30
0.0
 40
0.1100000000000136
  0
CIRCLE
  5
2475
330
1F
100
AcDbEntity
  8
0
100
AcDbCircle
 10
400.1282325448802
 20
97.67427190895842
 30
0.0
 40
0.1100000000000136
  0
CIRCLE
  5
2476
330
1F
100
AcDbEntity
  8
0
100
AcDbCircle
 10
400.1282325448802
 20
97.32427190895833
 30
0.0
 40
0.1100000000000136
  0
CIRCLE
  5
2477
330
1F
100
AcDbEntity
  8
0
100
AcDbCircle
 10
399.0782325448802
 20
101.8742719089582
 30
0.0
 40
0.1100000000000705
  0
CIRCLE
  5
2478
330
1F
100
AcDbEntity
  8
0
100
AcDbCircle
 10
399.0782325448802
 20
102.2242719089584
 30
0.0
 40
0.1100000000000136
  0
CIRCLE
  5
2479
330
1F
100
AcDbEntity
  8
0
100
AcDbCircle
 10
399.0782325448802
 20
102.9242719089584
 30
0.0
 40
0.1100000000000136
  0
CIRCLE
  5
247A
330
1F
100
AcDbEntity
  8
0
100
AcDbCircle
 10
399.0782325448802
 20
103.6242719089582
 30
0.0
 40
0.1100000000000136
  0
CIRCLE
  5
247B
330
1F
100
AcDbEntity
  8
0
100
AcDbCircle
 10
399.0782325448802
 20
104.3242719089583
 30
0.0
 40
0.1100000000000136
  0
CIRCLE
  5
247C
330
1F
100
AcDbEntity
  8
0
100
AcDbCircle
 10
399.0782325448802
 20
105.0242719089583
 30
0.0
 40
0.1100000000000136
  0
CIRCLE
  5
247D
330
1F
100
AcDbEntity
  8
0
100
AcDbCircle
 10
399.0782325448802
 20
105.3742719089583
 30
0.0
 40
0.1100000000000136
  0
CIRCLE
  5
247E
330
1F
100
AcDbEntity
  8
0
100
AcDbCircle
 10
399.0782325448802
 20
106.0742719089583
 30
0.0
 40
0.1100000000000136
  0
CIRCLE
  5
247F
330
1F
100
AcDbEntity
  8
0
100
AcDbCircle
 10
399.0782325448802
 20
106.4242719089584
 30
0.0
 40
0.1100000000000136
  0
CIRCLE
  5
2480
330
1F
100
AcDbEntity
  8
0
100
AcDbCircle
 10
399.0782325448802
 20
106.7742719089583
 30
0.0
 40
0.1100000000000136
  0
CIRCLE
  5
2481
330
1F
100
AcDbEntity
  8
0
100
AcDbCircle
 10
399.0782325448802
 20
107.1242719089582
 30
0.0
 40
0.1099999999999568
  0
CIRCLE
  5
2482
330
1F
100
AcDbEntity
  8
0
100
AcDbCircle
 10
399.0782325448802
 20
107.4742719089584
 30
0.0
 40
0.1099999999999568
  0
CIRCLE
  5
2483
330
1F
100
AcDbEntity
  8
0
100
AcDbCircle
 10
399.4282325448805
 20
94.17427190895843
 30
0.0
 40
0.1100000000000136
  0
CIRCLE
  5
2484
330
1F
100
AcDbEntity
  8
0
100
AcDbCircle
 10
399.4282325448805
 20
94.5242719089583
 30
0.0
 40
0.1100000000000136
  0
CIRCLE
  5
2485
330
1F
100
AcDbEntity
  8
0
100
AcDbCircle
 10
399.4282325448805
 20
94.87427190895832
 30
0.0
 40
0.1100000000000136
  0
CIRCLE
  5
2486
330
1F
100
AcDbEntity
  8
0
100
AcDbCircle
 10
399.4282325448805
 20
95.22427190895839
 30
0.0
 40
0.1100000000000136
  0
CIRCLE
  5
2487
330
1F
100
AcDbEntity
  8
0
100
AcDbCircle
 10
399.0782325448802
 20
95.9242719089584
 30
0.0
 40
0.1100000000000136
  0
CIRCLE
  5
2488
330
1F
100
AcDbEntity
  8
0
100
AcDbCircle
 10
399.0782325448802
 20
95.57427190895827
 30
0.0
 40
0.1100000000000136
  0
CIRCLE
  5
2489
330
1F
100
AcDbEntity
  8
0
100
AcDbCircle
 10
399.0782325448802
 20
95.22427190895839
 30
0.0
 40
0.1100000000000136
  0
CIRCLE
  5
248A
330
1F
100
AcDbEntity
  8
0
100
AcDbCircle
 10
399.0782325448802
 20
94.87427190895832
 30
0.0
 40
0.1100000000000136
  0
CIRCLE
  5
248B
330
1F
100
AcDbEntity
  8
0
100
AcDbCircle
 10
399.0782325448802
 20
94.5242719089583
 30
0.0
 40
0.1100000000000136
  0
CIRCLE
  5
248C
330
1F
100
AcDbEntity
  8
0
100
AcDbCircle
 10
399.0782325448802
 20
94.17427190895843
 30
0.0
 40
0.1100000000000136
  0
CIRCLE
  5
248D
330
1F
100
AcDbEntity
  8
0
100
AcDbCircle
 10
398.7282325448802
 20
107.4742719089584
 30
0.0
 40
0.1100000000000705
  0
CIRCLE
  5
248E
330
1F
100
AcDbEntity
  8
0
100
AcDbCircle
 10
398.7282325448802
 20
107.1242719089582
 30
0.0
 40
0.1100000000000705
  0
CIRCLE
  5
248F
330
1F
100
AcDbEntity
  8
0
100
AcDbCircle
 10
399.0782325448802
 20
96.27427190895829
 30
0.0
 40
0.1099999999999568
  0
CIRCLE
  5
2490
330
1F
100
AcDbEntity
  8
0
100
AcDbCircle
 10
399.0782325448802
 20
96.97427190895844
 30
0.0
 40
0.1100000000000136
  0
CIRCLE
  5
2491
330
1F
100
AcDbEntity
  8
0
100
AcDbCircle
 10
399.0782325448802
 20
97.6742719089584
 30
0.0
 40
0.1100000000000136
  0
CIRCLE
  5
2492
330
1F
100
AcDbEntity
  8
0
100
AcDbCircle
 10
399.0782325448802
 20
98.37427190895821
 30
0.0
 40
0.1100000000000136
  0
CIRCLE
  5
2493
330
1F
100
AcDbEntity
  8
0
100
AcDbCircle
 10
399.0782325448802
 20
99.0742719089583
 30
0.0
 40
0.1100000000000136
  0
CIRCLE
  5
2494
330
1F
100
AcDbEntity
  8
0
100
AcDbCircle
 10
399.0782325448802
 20
99.77427190895829
 30
0.0
 40
0.1100000000000136
  0
CIRCLE
  5
2495
330
1F
100
AcDbEntity
  8
0
100
AcDbCircle
 10
399.0782325448802
 20
100.4742719089584
 30
0.0
 40
0.1100000000000136
  0
CIRCLE
  5
2496
330
1F
100
AcDbEntity
  8
0
100
AcDbCircle
 10
399.0782325448802
 20
101.1742719089584
 30
0.0
 40
0.1100000000000705
  0
CIRCLE
  5
2497
330
1F
100
AcDbEntity
  8
0
100
AcDbCircle
 10
399.4282325448805
 20
95.57427190895827
 30
0.0
 40
0.1100000000000136
  0
CIRCLE
  5
2498
330
1F
100
AcDbEntity
  8
0
100
AcDbCircle
 10
399.4282325448805
 20
95.9242719089584
 30
0.0
 40
0.1100000000000136
  0
CIRCLE
  5
2499
330
1F
100
AcDbEntity
  8
0
100
AcDbCircle
 10
399.4282325448805
 20
96.27427190895829
 30
0.0
 40
0.1099999999999568
  0
CIRCLE
  5
249A
330
1F
100
AcDbEntity
  8
0
100
AcDbCircle
 10
399.4282325448805
 20
96.62427190895821
 30
0.0
 40
0.1100000000000136
  0
CIRCLE
  5
249B
330
1F
100
AcDbEntity
  8
0
100
AcDbCircle
 10
399.4282325448805
 20
97.3242719089583
 30
0.0
 40
0.1100000000000136
  0
CIRCLE
  5
249C
330
1F
100
AcDbEntity
  8
0
100
AcDbCircle
 10
399.4282325448805
 20
98.02427190895834
 30
0.0
 40
0.1100000000000136
  0
CIRCLE
  5
249D
330
1F
100
AcDbEntity
  8
0
100
AcDbCircle
 10
399.4282325448805
 20
98.37427190895821
 30
0.0
 40
0.1100000000000136
  0
CIRCLE
  5
249E
330
1F
100
AcDbEntity
  8
0
100
AcDbCircle
 10
399.4282325448805
 20
98.72427190895843
 30
0.0
 40
0.1100000000000136
  0
CIRCLE
  5
249F
330
1F
100
AcDbEntity
  8
0
100
AcDbCircle
 10
399.4282325448805
 20
99.0742719089583
 30
0.0
 40
0.1100000000000136
  0
CIRCLE
  5
24A0
330
1F
100
AcDbEntity
  8
0
100
AcDbCircle
 10
399.4282325448805
 20
99.42427190895841
 30
0.0
 40
0.1100000000000136
  0
CIRCLE
  5
24A1
330
1F
100
AcDbEntity
  8
0
100
AcDbCircle
 10
399.4282325448805
 20
100.1242719089583
 30
0.0
 40
0.1100000000000136
  0
CIRCLE
  5
24A2
330
1F
100
AcDbEntity
  8
0
100
AcDbCircle
 10
399.4282325448805
 20
100.4742719089584
 30
0.0
 40
0.1100000000000136
  0
CIRCLE
  5
24A3
330
1F
100
AcDbEntity
  8
0
100
AcDbCircle
 10
399.4282325448805
 20
100.8242719089583
 30
0.0
 40
0.1100000000000136
  0
CIRCLE
  5
24A4
330
1F
100
AcDbEntity
  8
0
100
AcDbCircle
 10
399.4282325448805
 20
101.1742719089584
 30
0.0
 40
0.1100000000000705
  0
CIRCLE
  5
24A5
330
1F
100
AcDbEntity
  8
0
100
AcDbCircle
 10
399.4282325448805
 20
101.5242719089582
 30
0.0
 40
0.1100000000000705
  0
CIRCLE
  5
24A6
330
1F
100
AcDbEntity
  8
0
100
AcDbCircle
 10
399.4282325448805
 20
101.8742719089582
 30
0.0
 40
0.1100000000000705
  0
CIRCLE
  5
24A7
330
1F
100
AcDbEntity
  8
0
100
AcDbCircle
 10
399.4282325448804
 20
102.2242719089584
 30
0.0
 40
0.1100000000000136
  0
CIRCLE
  5
24A8
330
1F
100
AcDbEntity
  8
0
100
AcDbCircle
 10
399.4282325448804
 20
102.5742719089583
 30
0.0
 40
0.1100000000000136
  0
CIRCLE
  5
24A9
330
1F
100
AcDbEntity
  8
0
100
AcDbCircle
 10
399.4282325448804
 20
102.9242719089584
 30
0.0
 40
0.1100000000000136
  0
CIRCLE
  5
24AA
330
1F
100
AcDbEntity
  8
0
100
AcDbCircle
 10
399.4282325448804
 20
103.2742719089583
 30
0.0
 40
0.1100000000000136
  0
CIRCLE
  5
24AB
330
1F
100
AcDbEntity
  8
0
100
AcDbCircle
 10
399.4282325448804
 20
103.6242719089582
 30
0.0
 40
0.1100000000000136
  0
CIRCLE
  5
24AC
330
1F
100
AcDbEntity
  8
0
100
AcDbCircle
 10
399.4282325448804
 20
103.9742719089584
 30
0.0
 40
0.1100000000000136
  0
CIRCLE
  5
24AD
330
1F
100
AcDbEntity
  8
0
100
AcDbCircle
 10
399.4282325448804
 20
104.3242719089583
 30
0.0
 40
0.1100000000000136
  0
CIRCLE
  5
24AE
330
1F
100
AcDbEntity
  8
0
100
AcDbCircle
 10
399.4282325448804
 20
104.6742719089584
 30
0.0
 40
0.1100000000000136
  0
CIRCLE
  5
24AF
330
1F
100
AcDbEntity
  8
0
100
AcDbCircle
 10
399.4282325448804
 20
105.0242719089583
 30
0.0
 40
0.1100000000000136
  0
CIRCLE
  5
24B0
330
1F
100
AcDbEntity
  8
0
100
AcDbCircle
 10
399.4282325448804
 20
105.3742719089583
 30
0.0
 40
0.1100000000000136
  0
CIRCLE
  5
24B1
330
1F
100
AcDbEntity
  8
0
100
AcDbCircle
 10
399.4282325448804
 20
105.7242719089584
 30
0.0
 40
0.1100000000000136
  0
CIRCLE
  5
24B2
330
1F
100
AcDbEntity
  8
0
100
AcDbCircle
 10
399.4282325448804
 20
106.0742719089583
 30
0.0
 40
0.1100000000000136
  0
CIRCLE
  5
24B3
330
1F
100
AcDbEntity
  8
0
100
AcDbCircle
 10
399.4282325448804
 20
106.4242719089584
 30
0.0
 40
0.1100000000000136
  0
CIRCLE
  5
24B4
330
1F
100
AcDbEntity
  8
0
100
AcDbCircle
 10
399.4282325448804
 20
106.7742719089583
 30
0.0
 40
0.1100000000000136
  0
CIRCLE
  5
24B5
330
1F
100
AcDbEntity
  8
0
100
AcDbCircle
 10
399.4282325448804
 20
107.1242719089582
 30
0.0
 40
0.1099999999999568
  0
CIRCLE
  5
24B6
330
1F
100
AcDbEntity
  8
0
100
AcDbCircle
 10
399.4282325448804
 20
107.4742719089584
 30
0.0
 40
0.1099999999999568
  0
CIRCLE
  5
24B7
330
1F
100
AcDbEntity
  8
0
100
AcDbCircle
 10
409.9282325448802
 20
100.4742719089585
 30
0.0
 40
0.1100000000000136
  0
CIRCLE
  5
24B8
330
1F
100
AcDbEntity
  8
0
100
AcDbCircle
 10
409.9282325448802
 20
100.8242719089584
 30
0.0
 40
0.1100000000000136
  0
CIRCLE
  5
24B9
330
1F
100
AcDbEntity
  8
0
100
AcDbCircle
 10
409.9282325448802
 20
101.1742719089585
 30
0.0
 40
0.1099999999999568
  0
CIRCLE
  5
24BA
330
1F
100
AcDbEntity
  8
0
100
AcDbCircle
 10
409.9282325448802
 20
101.5242719089584
 30
0.0
 40
0.1099999999999568
  0
CIRCLE
  5
24BB
330
1F
100
AcDbEntity
  8
0
100
AcDbCircle
 10
409.9282325448802
 20
101.8742719089583
 30
0.0
 40
0.1099999999999568
  0
CIRCLE
  5
24BC
330
1F
100
AcDbEntity
  8
0
100
AcDbCircle
 10
409.9282325448802
 20
102.2242719089585
 30
0.0
 40
0.1100000000000136
  0
CIRCLE
  5
24BD
330
1F
100
AcDbEntity
  8
0
100
AcDbCircle
 10
409.9282325448802
 20
102.5742719089584
 30
0.0
 40
0.1100000000000136
  0
CIRCLE
  5
24BE
330
1F
100
AcDbEntity
  8
0
100
AcDbCircle
 10
409.9282325448802
 20
102.9242719089585
 30
0.0
 40
0.1100000000000136
  0
CIRCLE
  5
24BF
330
1F
100
AcDbEntity
  8
0
100
AcDbCircle
 10
409.9282325448802
 20
103.2742719089584
 30
0.0
 40
0.1100000000000136
  0
CIRCLE
  5
24C0
330
1F
100
AcDbEntity
  8
0
100
AcDbCircle
 10
409.9282325448802
 20
103.6242719089583
 30
0.0
 40
0.1100000000000136
  0
CIRCLE
  5
24C1
330
1F
100
AcDbEntity
  8
0
100
AcDbCircle
 10
409.9282325448802
 20
103.9742719089585
 30
0.0
 40
0.1100000000000136
  0
CIRCLE
  5
24C2
330
1F
100
AcDbEntity
  8
0
100
AcDbCircle
 10
409.9282325448802
 20
104.3242719089584
 30
0.0
 40
0.1100000000000136
  0
CIRCLE
  5
24C3
330
1F
100
AcDbEntity
  8
0
100
AcDbCircle
 10
409.9282325448802
 20
104.6742719089585
 30
0.0
 40
0.1100000000000136
  0
CIRCLE
  5
24C4
330
1F
100
AcDbEntity
  8
0
100
AcDbCircle
 10
409.9282325448802
 20
105.0242719089584
 30
0.0
 40
0.1100000000000136
  0
CIRCLE
  5
24C5
330
1F
100
AcDbEntity
  8
0
100
AcDbCircle
 10
409.9282325448802
 20
105.3742719089584
 30
0.0
 40
0.1100000000000136
  0
CIRCLE
  5
24C6
330
1F
100
AcDbEntity
  8
0
100
AcDbCircle
 10
409.9282325448802
 20
105.7242719089585
 30
0.0
 40
0.1100000000000136
  0
CIRCLE
  5
24C7
330
1F
100
AcDbEntity
  8
0
100
AcDbCircle
 10
410.2782325448805
 20
97.67427190895851
 30
0.0
 40
0.1100000000000136
  0
CIRCLE
  5
24C8
330
1F
100
AcDbEntity
  8
0
100
AcDbCircle
 10
410.2782325448805
 20
97.32427190895842
 30
0.0
 40
0.1100000000000136
  0
CIRCLE
  5
24C9
330
1F
100
AcDbEntity
  8
0
100
AcDbCircle
 10
410.2782325448805
 20
96.97427190895858
 30
0.0
 40
0.1100000000000136
  0
CIRCLE
  5
24CA
330
1F
100
AcDbEntity
  8
0
100
AcDbCircle
 10
410.2782325448805
 20
96.62427190895833
 30
0.0
 40
0.1100000000000136
  0
CIRCLE
  5
24CB
330
1F
100
AcDbEntity
  8
0
100
AcDbCircle
 10
410.2782325448805
 20
96.27427190895843
 30
0.0
 40
0.1100000000000136
  0
CIRCLE
  5
24CC
330
1F
100
AcDbEntity
  8
0
100
AcDbCircle
 10
410.2782325448805
 20
95.92427190895852
 30
0.0
 40
0.1100000000000136
  0
CIRCLE
  5
24CD
330
1F
100
AcDbEntity
  8
0
100
AcDbCircle
 10
410.2782325448805
 20
95.5742719089584
 30
0.0
 40
0.1100000000000136
  0
CIRCLE
  5
24CE
330
1F
100
AcDbEntity
  8
0
100
AcDbCircle
 10
410.2782325448805
 20
95.22427190895857
 30
0.0
 40
0.1100000000000136
  0
CIRCLE
  5
24CF
330
1F
100
AcDbEntity
  8
0
100
AcDbCircle
 10
409.9282325448802
 20
106.0742719089584
 30
0.0
 40
0.1100000000000136
  0
CIRCLE
  5
24D0
330
1F
100
AcDbEntity
  8
0
100
AcDbCircle
 10
409.9282325448802
 20
106.4242719089585
 30
0.0
 40
0.1100000000000136
  0
CIRCLE
  5
24D1
330
1F
100
AcDbEntity
  8
0
100
AcDbCircle
 10
409.9282325448802
 20
106.7742719089584
 30
0.0
 40
0.1100000000000136
  0
CIRCLE
  5
24D2
330
1F
100
AcDbEntity
  8
0
100
AcDbCircle
 10
409.9282325448802
 20
107.1242719089583
 30
0.0
 40
0.1100000000000705
  0
CIRCLE
  5
24D3
330
1F
100
AcDbEntity
  8
0
100
AcDbCircle
 10
410.2782325448805
 20
94.87427190895843
 30
0.0
 40
0.1100000000000136
  0
CIRCLE
  5
24D4
330
1F
100
AcDbEntity
  8
0
100
AcDbCircle
 10
410.2782325448805
 20
94.52427190895845
 30
0.0
 40
0.1100000000000136
  0
CIRCLE
  5
24D5
330
1F
100
AcDbEntity
  8
0
100
AcDbCircle
 10
410.2782325448805
 20
94.17427190895857
 30
0.0
 40
0.1100000000000136
  0
CIRCLE
  5
24D6
330
1F
100
AcDbEntity
  8
0
100
AcDbCircle
 10
409.9282325448802
 20
107.4742719089585
 30
0.0
 40
0.1100000000000705
  0
CIRCLE
  5
24D7
330
1F
100
AcDbEntity
  8
0
100
AcDbCircle
 10
409.5782325448801
 20
105.7242719089585
 30
0.0
 40
0.1099999999999568
  0
CIRCLE
  5
24D8
330
1F
100
AcDbEntity
  8
0
100
AcDbCircle
 10
409.5782325448801
 20
106.0742719089584
 30
0.0
 40
0.1099999999999568
  0
CIRCLE
  5
24D9
330
1F
100
AcDbEntity
  8
0
100
AcDbCircle
 10
409.5782325448801
 20
106.4242719089585
 30
0.0
 40
0.1099999999999568
  0
CIRCLE
  5
24DA
330
1F
100
AcDbEntity
  8
0
100
AcDbCircle
 10
409.5782325448801
 20
106.7742719089584
 30
0.0
 40
0.1099999999999568
  0
CIRCLE
  5
24DB
330
1F
100
AcDbEntity
  8
0
100
AcDbCircle
 10
409.5782325448801
 20
107.1242719089583
 30
0.0
 40
0.1100000000000136
  0
CIRCLE
  5
24DC
330
1F
100
AcDbEntity
  8
0
100
AcDbCircle
 10
409.5782325448801
 20
107.4742719089585
 30
0.0
 40
0.1100000000000136
  0
CIRCLE
  5
24DD
330
1F
100
AcDbEntity
  8
0
100
AcDbCircle
 10
409.9282325448805
 20
94.17427190895857
 30
0.0
 40
0.1100000000000136
  0
CIRCLE
  5
24DE
330
1F
100
AcDbEntity
  8
0
100
AcDbCircle
 10
409.9282325448805
 20
94.52427190895845
 30
0.0
 40
0.1100000000000136
  0
CIRCLE
  5
24DF
330
1F
100
AcDbEntity
  8
0
100
AcDbCircle
 10
409.5782325448801
 20
105.3742719089584
 30
0.0
 40
0.1099999999999568
  0
CIRCLE
  5
24E0
330
1F
100
AcDbEntity
  8
0
100
AcDbCircle
 10
409.5782325448801
 20
105.0242719089583
 30
0.0
 40
0.1099999999999568
  0
CIRCLE
  5
24E1
330
1F
100
AcDbEntity
  8
0
100
AcDbCircle
 10
409.5782325448801
 20
104.6742719089585
 30
0.0
 40
0.1099999999999568
  0
CIRCLE
  5
24E2
330
1F
100
AcDbEntity
  8
0
100
AcDbCircle
 10
409.5782325448801
 20
104.3242719089584
 30
0.0
 40
0.1099999999999568
  0
CIRCLE
  5
24E3
330
1F
100
AcDbEntity
  8
0
100
AcDbCircle
 10
409.5782325448801
 20
103.9742719089585
 30
0.0
 40
0.1099999999999568
  0
CIRCLE
  5
24E4
330
1F
100
AcDbEntity
  8
0
100
AcDbCircle
 10
409.5782325448801
 20
103.6242719089583
 30
0.0
 40
0.1099999999999568
  0
CIRCLE
  5
24E5
330
1F
100
AcDbEntity
  8
0
100
AcDbCircle
 10
409.5782325448801
 20
103.2742719089584
 30
0.0
 40
0.1099999999999568
  0
CIRCLE
  5
24E6
330
1F
100
AcDbEntity
  8
0
100
AcDbCircle
 10
409.5782325448801
 20
102.9242719089585
 30
0.0
 40
0.1099999999999568
  0
CIRCLE
  5
24E7
330
1F
100
AcDbEntity
  8
0
100
AcDbCircle
 10
409.9282325448805
 20
94.87427190895843
 30
0.0
 40
0.1100000000000136
  0
CIRCLE
  5
24E8
330
1F
100
AcDbEntity
  8
0
100
AcDbCircle
 10
409.9282325448805
 20
95.22427190895857
 30
0.0
 40
0.1100000000000136
  0
CIRCLE
  5
24E9
330
1F
100
AcDbEntity
  8
0
100
AcDbCircle
 10
409.9282325448805
 20
95.5742719089584
 30
0.0
 40
0.1100000000000136
  0
CIRCLE
  5
24EA
330
1F
100
AcDbEntity
  8
0
100
AcDbCircle
 10
409.9282325448805
 20
95.92427190895852
 30
0.0
 40
0.1100000000000136
  0
CIRCLE
  5
24EB
330
1F
100
AcDbEntity
  8
0
100
AcDbCircle
 10
409.9282325448805
 20
96.27427190895843
 30
0.0
 40
0.1100000000000705
  0
CIRCLE
  5
24EC
330
1F
100
AcDbEntity
  8
0
100
AcDbCircle
 10
409.9282325448802
 20
96.62427190895833
 30
0.0
 40
0.1100000000000136
  0
CIRCLE
  5
24ED
330
1F
100
AcDbEntity
  8
0
100
AcDbCircle
 10
409.9282325448802
 20
96.97427190895858
 30
0.0
 40
0.1100000000000136
  0
CIRCLE
  5
24EE
330
1F
100
AcDbEntity
  8
0
100
AcDbCircle
 10
409.9282325448802
 20
97.32427190895842
 30
0.0
 40
0.1100000000000136
  0
CIRCLE
  5
24EF
330
1F
100
AcDbEntity
  8
0
100
AcDbCircle
 10
409.9282325448802
 20
97.67427190895851
 30
0.0
 40
0.1100000000000136
  0
CIRCLE
  5
24F0
330
1F
100
AcDbEntity
  8
0
100
AcDbCircle
 10
409.9282325448802
 20
98.02427190895841
 30
0.0
 40
0.1100000000000136
  0
CIRCLE
  5
24F1
330
1F
100
AcDbEntity
  8
0
100
AcDbCircle
 10
409.9282325448802
 20
98.37427190895832
 30
0.0
 40
0.1100000000000136
  0
CIRCLE
  5
24F2
330
1F
100
AcDbEntity
  8
0
100
AcDbCircle
 10
409.9282325448802
 20
98.72427190895852
 30
0.0
 40
0.1100000000000136
  0
CIRCLE
  5
24F3
330
1F
100
AcDbEntity
  8
0
100
AcDbCircle
 10
409.9282325448802
 20
99.07427190895839
 30
0.0
 40
0.1100000000000136
  0
CIRCLE
  5
24F4
330
1F
100
AcDbEntity
  8
0
100
AcDbCircle
 10
409.9282325448802
 20
99.42427190895852
 30
0.0
 40
0.1100000000000136
  0
CIRCLE
  5
24F5
330
1F
100
AcDbEntity
  8
0
100
AcDbCircle
 10
409.9282325448802
 20
99.7742719089584
 30
0.0
 40
0.1100000000000136
  0
CIRCLE
  5
24F6
330
1F
100
AcDbEntity
  8
0
100
AcDbCircle
 10
409.9282325448802
 20
100.1242719089584
 30
0.0
 40
0.1100000000000136
  0
CIRCLE
  5
24F7
330
1F
100
AcDbEntity
  8
0
100
AcDbCircle
 10
410.6282325448803
 20
106.7742719089584
 30
0.0
 40
0.1100000000000136
  0
CIRCLE
  5
24F8
330
1F
100
AcDbEntity
  8
0
100
AcDbCircle
 10
410.6282325448803
 20
106.0742719089584
 30
0.0
 40
0.1100000000000136
  0
CIRCLE
  5
24F9
330
1F
100
AcDbEntity
  8
0
100
AcDbCircle
 10
410.6282325448803
 20
105.7242719089585
 30
0.0
 40
0.1100000000000136
  0
CIRCLE
  5
24FA
330
1F
100
AcDbEntity
  8
0
100
AcDbCircle
 10
410.6282325448803
 20
105.3742719089584
 30
0.0
 40
0.1100000000000136
  0
CIRCLE
  5
24FB
330
1F
100
AcDbEntity
  8
0
100
AcDbCircle
 10
410.6282325448803
 20
105.0242719089584
 30
0.0
 40
0.1100000000000136
  0
CIRCLE
  5
24FC
330
1F
100
AcDbEntity
  8
0
100
AcDbCircle
 10
410.6282325448803
 20
104.6742719089585
 30
0.0
 40
0.1100000000000136
  0
CIRCLE
  5
24FD
330
1F
100
AcDbEntity
  8
0
100
AcDbCircle
 10
410.6282325448803
 20
104.3242719089584
 30
0.0
 40
0.1100000000000136
  0
CIRCLE
  5
24FE
330
1F
100
AcDbEntity
  8
0
100
AcDbCircle
 10
410.6282325448803
 20
103.9742719089585
 30
0.0
 40
0.1100000000000136
  0
CIRCLE
  5
24FF
330
1F
100
AcDbEntity
  8
0
100
AcDbCircle
 10
410.6282325448803
 20
103.6242719089583
 30
0.0
 40
0.1100000000000136
  0
CIRCLE
  5
2500
330
1F
100
AcDbEntity
  8
0
100
AcDbCircle
 10
410.6282325448803
 20
103.2742719089584
 30
0.0
 40
0.1100000000000136
  0
CIRCLE
  5
2501
330
1F
100
AcDbEntity
  8
0
100
AcDbCircle
 10
410.6282325448803
 20
102.9242719089585
 30
0.0
 40
0.1100000000000136
  0
CIRCLE
  5
2502
330
1F
100
AcDbEntity
  8
0
100
AcDbCircle
 10
410.6282325448803
 20
102.5742719089584
 30
0.0
 40
0.1100000000000136
  0
CIRCLE
  5
2503
330
1F
100
AcDbEntity
  8
0
100
AcDbCircle
 10
410.6282325448803
 20
102.2242719089585
 30
0.0
 40
0.1100000000000136
  0
CIRCLE
  5
2504
330
1F
100
AcDbEntity
  8
0
100
AcDbCircle
 10
410.6282325448803
 20
101.8742719089583
 30
0.0
 40
0.1100000000000705
  0
CIRCLE
  5
2505
330
1F
100
AcDbEntity
  8
0
100
AcDbCircle
 10
410.6282325448803
 20
101.5242719089584
 30
0.0
 40
0.1100000000000705
  0
CIRCLE
  5
2506
330
1F
100
AcDbEntity
  8
0
100
AcDbCircle
 10
410.6282325448803
 20
101.1742719089585
 30
0.0
 40
0.1100000000000136
  0
CIRCLE
  5
2507
330
1F
100
AcDbEntity
  8
0
100
AcDbCircle
 10
410.6282325448803
 20
100.8242719089584
 30
0.0
 40
0.1100000000000136
  0
CIRCLE
  5
2508
330
1F
100
AcDbEntity
  8
0
100
AcDbCircle
 10
410.6282325448803
 20
100.4742719089585
 30
0.0
 40
0.1100000000000136
  0
CIRCLE
  5
2509
330
1F
100
AcDbEntity
  8
0
100
AcDbCircle
 10
410.6282325448803
 20
100.1242719089584
 30
0.0
 40
0.1100000000000136
  0
CIRCLE
  5
250A
330
1F
100
AcDbEntity
  8
0
100
AcDbCircle
 10
410.6282325448803
 20
99.7742719089584
 30
0.0
 40
0.1100000000000136
  0
CIRCLE
  5
250B
330
1F
100
AcDbEntity
  8
0
100
AcDbCircle
 10
410.6282325448803
 20
99.42427190895857
 30
0.0
 40
0.1100000000000136
  0
CIRCLE
  5
250C
330
1F
100
AcDbEntity
  8
0
100
AcDbCircle
 10
410.6282325448803
 20
99.07427190895845
 30
0.0
 40
0.1100000000000136
  0
CIRCLE
  5
250D
330
1F
100
AcDbEntity
  8
0
100
AcDbCircle
 10
410.6282325448803
 20
98.72427190895857
 30
0.0
 40
0.1100000000000136
  0
CIRCLE
  5
250E
330
1F
100
AcDbEntity
  8
0
100
AcDbCircle
 10
410.6282325448803
 20
98.37427190895834
 30
0.0
 40
0.1100000000000136
  0
CIRCLE
  5
250F
330
1F
100
AcDbEntity
  8
0
100
AcDbCircle
 10
410.6282325448803
 20
98.02427190895841
 30
0.0
 40
0.1100000000000136
  0
CIRCLE
  5
2510
330
1F
100
AcDbEntity
  8
0
100
AcDbCircle
 10
410.6282325448803
 20
97.67427190895851
 30
0.0
 40
0.1100000000000136
  0
CIRCLE
  5
2511
330
1F
100
AcDbEntity
  8
0
100
AcDbCircle
 10
410.6282325448803
 20
97.32427190895842
 30
0.0
 40
0.1100000000000136
  0
CIRCLE
  5
2512
330
1F
100
AcDbEntity
  8
0
100
AcDbCircle
 10
410.6282325448803
 20
96.97427190895858
 30
0.0
 40
0.1100000000000136
  0
CIRCLE
  5
2513
330
1F
100
AcDbEntity
  8
0
100
AcDbCircle
 10
410.6282325448803
 20
96.62427190895833
 30
0.0
 40
0.1100000000000136
  0
CIRCLE
  5
2514
330
1F
100
AcDbEntity
  8
0
100
AcDbCircle
 10
410.6282325448803
 20
96.27427190895843
 30
0.0
 40
0.1100000000000136
  0
CIRCLE
  5
2515
330
1F
100
AcDbEntity
  8
0
100
AcDbCircle
 10
410.6282325448803
 20
95.92427190895852
 30
0.0
 40
0.1100000000000136
  0
CIRCLE
  5
2516
330
1F
100
AcDbEntity
  8
0
100
AcDbCircle
 10
410.6282325448803
 20
95.5742719089584
 30
0.0
 40
0.1100000000000136
  0
CIRCLE
  5
2517
330
1F
100
AcDbEntity
  8
0
100
AcDbCircle
 10
410.2782325448805
 20
98.02427190895841
 30
0.0
 40
0.1100000000000136
  0
CIRCLE
  5
2518
330
1F
100
AcDbEntity
  8
0
100
AcDbCircle
 10
410.2782325448805
 20
98.37427190895834
 30
0.0
 40
0.1100000000000136
  0
CIRCLE
  5
2519
330
1F
100
AcDbEntity
  8
0
100
AcDbCircle
 10
410.2782325448805
 20
98.72427190895857
 30
0.0
 40
0.1100000000000136
  0
CIRCLE
  5
251A
330
1F
100
AcDbEntity
  8
0
100
AcDbCircle
 10
410.2782325448805
 20
99.07427190895845
 30
0.0
 40
0.1100000000000136
  0
CIRCLE
  5
251B
330
1F
100
AcDbEntity
  8
0
100
AcDbCircle
 10
410.2782325448805
 20
99.42427190895857
 30
0.0
 40
0.1100000000000136
  0
CIRCLE
  5
251C
330
1F
100
AcDbEntity
  8
0
100
AcDbCircle
 10
410.2782325448805
 20
99.7742719089584
 30
0.0
 40
0.1100000000000136
  0
CIRCLE
  5
251D
330
1F
100
AcDbEntity
  8
0
100
AcDbCircle
 10
410.2782325448805
 20
100.1242719089584
 30
0.0
 40
0.1100000000000136
  0
CIRCLE
  5
251E
330
1F
100
AcDbEntity
  8
0
100
AcDbCircle
 10
410.2782325448805
 20
100.4742719089585
 30
0.0
 40
0.1100000000000136
  0
CIRCLE
  5
251F
330
1F
100
AcDbEntity
  8
0
100
AcDbCircle
 10
410.2782325448805
 20
100.8242719089584
 30
0.0
 40
0.1100000000000136
  0
CIRCLE
  5
2520
330
1F
100
AcDbEntity
  8
0
100
AcDbCircle
 10
410.2782325448805
 20
101.1742719089585
 30
0.0
 40
0.1100000000000136
  0
CIRCLE
  5
2521
330
1F
100
AcDbEntity
  8
0
100
AcDbCircle
 10
410.2782325448805
 20
101.5242719089584
 30
0.0
 40
0.1100000000000705
  0
CIRCLE
  5
2522
330
1F
100
AcDbEntity
  8
0
100
AcDbCircle
 10
410.2782325448805
 20
101.8742719089583
 30
0.0
 40
0.1100000000000705
  0
CIRCLE
  5
2523
330
1F
100
AcDbEntity
  8
0
100
AcDbCircle
 10
410.2782325448804
 20
102.2242719089585
 30
0.0
 40
0.1100000000000136
  0
CIRCLE
  5
2524
330
1F
100
AcDbEntity
  8
0
100
AcDbCircle
 10
410.2782325448804
 20
102.5742719089584
 30
0.0
 40
0.1100000000000136
  0
CIRCLE
  5
2525
330
1F
100
AcDbEntity
  8
0
100
AcDbCircle
 10
410.2782325448804
 20
102.9242719089585
 30
0.0
 40
0.1100000000000136
  0
CIRCLE
  5
2526
330
1F
100
AcDbEntity
  8
0
100
AcDbCircle
 10
410.2782325448804
 20
103.2742719089584
 30
0.0
 40
0.1100000000000136
  0
CIRCLE
  5
2527
330
1F
100
AcDbEntity
  8
0
100
AcDbCircle
 10
410.6282325448803
 20
95.22427190895857
 30
0.0
 40
0.1100000000000136
  0
CIRCLE
  5
2528
330
1F
100
AcDbEntity
  8
0
100
AcDbCircle
 10
410.6282325448803
 20
94.87427190895843
 30
0.0
 40
0.1100000000000136
  0
CIRCLE
  5
2529
330
1F
100
AcDbEntity
  8
0
100
AcDbCircle
 10
410.6282325448803
 20
94.52427190895845
 30
0.0
 40
0.1100000000000136
  0
CIRCLE
  5
252A
330
1F
100
AcDbEntity
  8
0
100
AcDbCircle
 10
410.6282325448803
 20
94.17427190895857
 30
0.0
 40
0.1100000000000136
  0
CIRCLE
  5
252B
330
1F
100
AcDbEntity
  8
0
100
AcDbCircle
 10
410.2782325448804
 20
107.4742719089585
 30
0.0
 40
0.1099999999999568
  0
CIRCLE
  5
252C
330
1F
100
AcDbEntity
  8
0
100
AcDbCircle
 10
410.2782325448804
 20
107.1242719089583
 30
0.0
 40
0.1099999999999568
  0
CIRCLE
  5
252D
330
1F
100
AcDbEntity
  8
0
100
AcDbCircle
 10
410.2782325448804
 20
106.7742719089584
 30
0.0
 40
0.1100000000000136
  0
CIRCLE
  5
252E
330
1F
100
AcDbEntity
  8
0
100
AcDbCircle
 10
410.2782325448804
 20
106.4242719089585
 30
0.0
 40
0.1100000000000136
  0
CIRCLE
  5
252F
330
1F
100
AcDbEntity
  8
0
100
AcDbCircle
 10
410.2782325448804
 20
106.0742719089584
 30
0.0
 40
0.1100000000000136
  0
CIRCLE
  5
2530
330
1F
100
AcDbEntity
  8
0
100
AcDbCircle
 10
410.2782325448804
 20
105.7242719089585
 30
0.0
 40
0.1100000000000136
  0
CIRCLE
  5
2531
330
1F
100
AcDbEntity
  8
0
100
AcDbCircle
 10
410.2782325448804
 20
105.3742719089584
 30
0.0
 40
0.1100000000000136
  0
CIRCLE
  5
2532
330
1F
100
AcDbEntity
  8
0
100
AcDbCircle
 10
410.2782325448804
 20
105.0242719089584
 30
0.0
 40
0.1100000000000136
  0
CIRCLE
  5
2533
330
1F
100
AcDbEntity
  8
0
100
AcDbCircle
 10
410.2782325448804
 20
104.6742719089585
 30
0.0
 40
0.1100000000000136
  0
CIRCLE
  5
2534
330
1F
100
AcDbEntity
  8
0
100
AcDbCircle
 10
410.2782325448804
 20
104.3242719089584
 30
0.0
 40
0.1100000000000136
  0
CIRCLE
  5
2535
330
1F
100
AcDbEntity
  8
0
100
AcDbCircle
 10
410.2782325448804
 20
103.9742719089585
 30
0.0
 40
0.1100000000000136
  0
CIRCLE
  5
2536
330
1F
100
AcDbEntity
  8
0
100
AcDbCircle
 10
410.2782325448804
 20
103.6242719089583
 30
0.0
 40
0.1100000000000136
  0
CIRCLE
  5
2537
330
1F
100
AcDbEntity
  8
0
100
AcDbCircle
 10
409.2282325448802
 20
94.17427190895852
 30
0.0
 40
0.1099999999999568
  0
CIRCLE
  5
2538
330
1F
100
AcDbEntity
  8
0
100
AcDbCircle
 10
409.2282325448802
 20
94.52427190895839
 30
0.0
 40
0.1099999999999568
  0
CIRCLE
  5
2539
330
1F
100
AcDbEntity
  8
0
100
AcDbCircle
 10
409.2282325448802
 20
94.87427190895839
 30
0.0
 40
0.1099999999999568
  0
CIRCLE
  5
253A
330
1F
100
AcDbEntity
  8
0
100
AcDbCircle
 10
409.2282325448802
 20
95.22427190895852
 30
0.0
 40
0.1099999999999568
  0
CIRCLE
  5
253B
330
1F
100
AcDbEntity
  8
0
100
AcDbCircle
 10
409.2282325448802
 20
95.5742719089584
 30
0.0
 40
0.1099999999999568
  0
CIRCLE
  5
253C
330
1F
100
AcDbEntity
  8
0
100
AcDbCircle
 10
409.2282325448802
 20
95.92427190895849
 30
0.0
 40
0.1099999999999568
  0
CIRCLE
  5
253D
330
1F
100
AcDbEntity
  8
0
100
AcDbCircle
 10
409.2282325448802
 20
96.2742719089584
 30
0.0
 40
0.1099999999998999
  0
CIRCLE
  5
253E
330
1F
100
AcDbEntity
  8
0
100
AcDbCircle
 10
409.2282325448802
 20
96.62427190895833
 30
0.0
 40
0.1099999999999568
  0
CIRCLE
  5
253F
330
1F
100
AcDbEntity
  8
0
100
AcDbCircle
 10
409.2282325448802
 20
96.97427190895851
 30
0.0
 40
0.1099999999999568
  0
CIRCLE
  5
2540
330
1F
100
AcDbEntity
  8
0
100
AcDbCircle
 10
409.2282325448802
 20
97.3242719089584
 30
0.0
 40
0.1099999999999568
  0
CIRCLE
  5
2541
330
1F
100
AcDbEntity
  8
0
100
AcDbCircle
 10
409.2282325448802
 20
97.67427190895851
 30
0.0
 40
0.1099999999999568
  0
CIRCLE
  5
2542
330
1F
100
AcDbEntity
  8
0
100
AcDbCircle
 10
409.2282325448802
 20
98.02427190895841
 30
0.0
 40
0.1099999999999568
  0
CIRCLE
  5
2543
330
1F
100
AcDbEntity
  8
0
100
AcDbCircle
 10
409.2282325448802
 20
98.3742719089583
 30
0.0
 40
0.1099999999999568
  0
CIRCLE
  5
2544
330
1F
100
AcDbEntity
  8
0
100
AcDbCircle
 10
409.2282325448802
 20
98.72427190895852
 30
0.0
 40
0.1099999999999568
  0
CIRCLE
  5
2545
330
1F
100
AcDbEntity
  8
0
100
AcDbCircle
 10
409.2282325448802
 20
99.07427190895839
 30
0.0
 40
0.1099999999999568
  0
CIRCLE
  5
2546
330
1F
100
AcDbEntity
  8
0
100
AcDbCircle
 10
409.2282325448802
 20
99.42427190895848
 30
0.0
 40
0.1099999999999568
  0
CIRCLE
  5
2547
330
1F
100
AcDbEntity
  8
0
100
AcDbCircle
 10
409.2282325448802
 20
99.77427190895838
 30
0.0
 40
0.1099999999999568
  0
CIRCLE
  5
2548
330
1F
100
AcDbEntity
  8
0
100
AcDbCircle
 10
409.2282325448802
 20
100.1242719089584
 30
0.0
 40
0.1099999999999568
  0
CIRCLE
  5
2549
330
1F
100
AcDbEntity
  8
0
100
AcDbCircle
 10
409.2282325448802
 20
100.4742719089585
 30
0.0
 40
0.1099999999999568
  0
CIRCLE
  5
254A
330
1F
100
AcDbEntity
  8
0
100
AcDbCircle
 10
409.2282325448802
 20
100.8242719089584
 30
0.0
 40
0.1099999999999568
  0
CIRCLE
  5
254B
330
1F
100
AcDbEntity
  8
0
100
AcDbCircle
 10
409.2282325448802
 20
101.1742719089585
 30
0.0
 40
0.1100000000000136
  0
CIRCLE
  5
254C
330
1F
100
AcDbEntity
  8
0
100
AcDbCircle
 10
409.2282325448802
 20
101.5242719089584
 30
0.0
 40
0.1100000000000136
  0
CIRCLE
  5
254D
330
1F
100
AcDbEntity
  8
0
100
AcDbCircle
 10
409.2282325448802
 20
101.8742719089583
 30
0.0
 40
0.1100000000000136
  0
CIRCLE
  5
254E
330
1F
100
AcDbEntity
  8
0
100
AcDbCircle
 10
409.2282325448802
 20
102.2242719089585
 30
0.0
 40
0.1099999999999568
  0
CIRCLE
  5
254F
330
1F
100
AcDbEntity
  8
0
100
AcDbCircle
 10
409.2282325448802
 20
102.5742719089584
 30
0.0
 40
0.1099999999999568
  0
CIRCLE
  5
2550
330
1F
100
AcDbEntity
  8
0
100
AcDbCircle
 10
409.2282325448802
 20
102.9242719089585
 30
0.0
 40
0.1099999999999568
  0
CIRCLE
  5
2551
330
1F
100
AcDbEntity
  8
0
100
AcDbCircle
 10
409.2282325448802
 20
103.2742719089584
 30
0.0
 40
0.1099999999999568
  0
CIRCLE
  5
2552
330
1F
100
AcDbEntity
  8
0
100
AcDbCircle
 10
409.2282325448802
 20
103.6242719089583
 30
0.0
 40
0.1099999999999568
  0
CIRCLE
  5
2553
330
1F
100
AcDbEntity
  8
0
100
AcDbCircle
 10
409.2282325448802
 20
103.9742719089585
 30
0.0
 40
0.1099999999999568
  0
CIRCLE
  5
2554
330
1F
100
AcDbEntity
  8
0
100
AcDbCircle
 10
409.2282325448802
 20
104.3242719089584
 30
0.0
 40
0.1099999999999568
  0
CIRCLE
  5
2555
330
1F
100
AcDbEntity
  8
0
100
AcDbCircle
 10
409.2282325448802
 20
104.6742719089585
 30
0.0
 40
0.1099999999999568
  0
CIRCLE
  5
2556
330
1F
100
AcDbEntity
  8
0
100
AcDbCircle
 10
409.2282325448802
 20
105.0242719089583
 30
0.0
 40
0.1099999999999568
  0
CIRCLE
  5
2557
330
1F
100
AcDbEntity
  8
0
100
AcDbCircle
 10
409.5782325448801
 20
102.5742719089584
 30
0.0
 40
0.1099999999999568
  0
CIRCLE
  5
2558
330
1F
100
AcDbEntity
  8
0
100
AcDbCircle
 10
409.5782325448801
 20
102.2242719089585
 30
0.0
 40
0.1099999999999568
  0
CIRCLE
  5
2559
330
1F
100
AcDbEntity
  8
0
100
AcDbCircle
 10
409.5782325448801
 20
101.8742719089583
 30
0.0
 40
0.1099999999998999
  0
CIRCLE
  5
255A
330
1F
100
AcDbEntity
  8
0
100
AcDbCircle
 10
409.5782325448801
 20
101.5242719089584
 30
0.0
 40
0.1099999999998999
  0
CIRCLE
  5
255B
330
1F
100
AcDbEntity
  8
0
100
AcDbCircle
 10
409.5782325448801
 20
101.1742719089585
 30
0.0
 40
0.1099999999998999
  0
CIRCLE
  5
255C
330
1F
100
AcDbEntity
  8
0
100
AcDbCircle
 10
409.5782325448801
 20
100.8242719089584
 30
0.0
 40
0.1099999999999568
  0
CIRCLE
  5
255D
330
1F
100
AcDbEntity
  8
0
100
AcDbCircle
 10
409.5782325448801
 20
100.4742719089585
 30
0.0
 40
0.1099999999999568
  0
CIRCLE
  5
255E
330
1F
100
AcDbEntity
  8
0
100
AcDbCircle
 10
409.5782325448801
 20
100.1242719089584
 30
0.0
 40
0.1099999999999568
  0
CIRCLE
  5
255F
330
1F
100
AcDbEntity
  8
0
100
AcDbCircle
 10
409.5782325448801
 20
99.77427190895838
 30
0.0
 40
0.1099999999999568
  0
CIRCLE
  5
2560
330
1F
100
AcDbEntity
  8
0
100
AcDbCircle
 10
409.5782325448801
 20
99.42427190895848
 30
0.0
 40
0.1099999999999568
  0
CIRCLE
  5
2561
330
1F
100
AcDbEntity
  8
0
100
AcDbCircle
 10
409.5782325448801
 20
99.07427190895839
 30
0.0
 40
0.1099999999999568
  0
CIRCLE
  5
2562
330
1F
100
AcDbEntity
  8
0
100
AcDbCircle
 10
409.5782325448801
 20
98.72427190895852
 30
0.0
 40
0.1099999999999568
  0
CIRCLE
  5
2563
330
1F
100
AcDbEntity
  8
0
100
AcDbCircle
 10
409.5782325448801
 20
98.3742719089583
 30
0.0
 40
0.1099999999999568
  0
CIRCLE
  5
2564
330
1F
100
AcDbEntity
  8
0
100
AcDbCircle
 10
409.5782325448801
 20
98.02427190895841
 30
0.0
 40
0.1099999999999568
  0
CIRCLE
  5
2565
330
1F
100
AcDbEntity
  8
0
100
AcDbCircle
 10
409.5782325448801
 20
97.67427190895851
 30
0.0
 40
0.1099999999999568
  0
CIRCLE
  5
2566
330
1F
100
AcDbEntity
  8
0
100
AcDbCircle
 10
409.5782325448801
 20
97.3242719089584
 30
0.0
 40
0.1099999999999568
  0
CIRCLE
  5
2567
330
1F
100
AcDbEntity
  8
0
100
AcDbCircle
 10
409.2282325448802
 20
106.7742719089584
 30
0.0
 40
0.1099999999999568
  0
CIRCLE
  5
2568
330
1F
100
AcDbEntity
  8
0
100
AcDbCircle
 10
409.2282325448801
 20
107.1242719089583
 30
0.0
 40
0.1099999999998999
  0
CIRCLE
  5
2569
330
1F
100
AcDbEntity
  8
0
100
AcDbCircle
 10
409.2282325448801
 20
107.4742719089585
 30
0.0
 40
0.1099999999998999
  0
CIRCLE
  5
256A
330
1F
100
AcDbEntity
  8
0
100
AcDbCircle
 10
409.5782325448801
 20
94.17427190895852
 30
0.0
 40
0.1100000000000136
  0
CIRCLE
  5
256B
330
1F
100
AcDbEntity
  8
0
100
AcDbCircle
 10
409.2282325448802
 20
106.4242719089585
 30
0.0
 40
0.1099999999999568
  0
CIRCLE
  5
256C
330
1F
100
AcDbEntity
  8
0
100
AcDbCircle
 10
409.2282325448802
 20
106.0742719089584
 30
0.0
 40
0.1099999999999568
  0
CIRCLE
  5
256D
330
1F
100
AcDbEntity
  8
0
100
AcDbCircle
 10
409.2282325448802
 20
105.7242719089585
 30
0.0
 40
0.1099999999999568
  0
CIRCLE
  5
256E
330
1F
100
AcDbEntity
  8
0
100
AcDbCircle
 10
409.2282325448802
 20
105.3742719089584
 30
0.0
 40
0.1099999999999568
  0
CIRCLE
  5
256F
330
1F
100
AcDbEntity
  8
0
100
AcDbCircle
 10
409.5782325448801
 20
94.52427190895839
 30
0.0
 40
0.1100000000000136
  0
CIRCLE
  5
2570
330
1F
100
AcDbEntity
  8
0
100
AcDbCircle
 10
409.5782325448801
 20
94.87427190895839
 30
0.0
 40
0.1100000000000136
  0
CIRCLE
  5
2571
330
1F
100
AcDbEntity
  8
0
100
AcDbCircle
 10
409.5782325448801
 20
95.22427190895852
 30
0.0
 40
0.1100000000000136
  0
CIRCLE
  5
2572
330
1F
100
AcDbEntity
  8
0
100
AcDbCircle
 10
409.5782325448801
 20
95.5742719089584
 30
0.0
 40
0.1100000000000136
  0
CIRCLE
  5
2573
330
1F
100
AcDbEntity
  8
0
100
AcDbCircle
 10
409.5782325448801
 20
95.92427190895849
 30
0.0
 40
0.1100000000000136
  0
CIRCLE
  5
2574
330
1F
100
AcDbEntity
  8
0
100
AcDbCircle
 10
409.5782325448801
 20
96.2742719089584
 30
0.0
 40
0.1100000000000136
  0
CIRCLE
  5
2575
330
1F
100
AcDbEntity
  8
0
100
AcDbCircle
 10
409.5782325448801
 20
96.62427190895833
 30
0.0
 40
0.1099999999999568
  0
CIRCLE
  5
2576
330
1F
100
AcDbEntity
  8
0
100
AcDbCircle
 10
409.5782325448801
 20
96.97427190895851
 30
0.0
 40
0.1099999999999568
  0
CIRCLE
  5
2577
330
1F
100
AcDbEntity
  8
0
100
AcDbCircle
 10
408.5282325448804
 20
101.1742719089585
 30
0.0
 40
0.1099999999998999
  0
CIRCLE
  5
2578
330
1F
100
AcDbEntity
  8
0
100
AcDbCircle
 10
408.5282325448804
 20
102.2242719089585
 30
0.0
 40
0.1099999999999568
  0
CIRCLE
  5
2579
330
1F
100
AcDbEntity
  8
0
100
AcDbCircle
 10
408.5282325448804
 20
102.5742719089584
 30
0.0
 40
0.1099999999999568
  0
CIRCLE
  5
257A
330
1F
100
AcDbEntity
  8
0
100
AcDbCircle
 10
408.5282325448804
 20
102.9242719089585
 30
0.0
 40
0.1099999999999568
  0
CIRCLE
  5
257B
330
1F
100
AcDbEntity
  8
0
100
AcDbCircle
 10
408.5282325448804
 20
103.2742719089584
 30
0.0
 40
0.1099999999999568
  0
CIRCLE
  5
257C
330
1F
100
AcDbEntity
  8
0
100
AcDbCircle
 10
408.5282325448804
 20
104.3242719089584
 30
0.0
 40
0.1099999999999568
  0
CIRCLE
  5
257D
330
1F
100
AcDbEntity
  8
0
100
AcDbCircle
 10
408.5282325448804
 20
105.0242719089583
 30
0.0
 40
0.1099999999999568
  0
CIRCLE
  5
257E
330
1F
100
AcDbEntity
  8
0
100
AcDbCircle
 10
408.5282325448804
 20
105.7242719089585
 30
0.0
 40
0.1099999999999568
  0
CIRCLE
  5
257F
330
1F
100
AcDbEntity
  8
0
100
AcDbCircle
 10
408.5282325448804
 20
107.4742719089585
 30
0.0
 40
0.1100000000000136
  0
CIRCLE
  5
2580
330
1F
100
AcDbEntity
  8
0
100
AcDbCircle
 10
408.8782325448803
 20
94.17427190895852
 30
0.0
 40
0.1099999999999568
  0
CIRCLE
  5
2581
330
1F
100
AcDbEntity
  8
0
100
AcDbCircle
 10
408.8782325448803
 20
94.52427190895839
 30
0.0
 40
0.1099999999999568
  0
CIRCLE
  5
2582
330
1F
100
AcDbEntity
  8
0
100
AcDbCircle
 10
408.8782325448803
 20
94.87427190895839
 30
0.0
 40
0.1099999999999568
  0
CIRCLE
  5
2583
330
1F
100
AcDbEntity
  8
0
100
AcDbCircle
 10
408.5282325448804
 20
107.1242719089583
 30
0.0
 40
0.1100000000000136
  0
CIRCLE
  5
2584
330
1F
100
AcDbEntity
  8
0
100
AcDbCircle
 10
408.5282325448804
 20
106.7742719089584
 30
0.0
 40
0.1099999999999568
  0
CIRCLE
  5
2585
330
1F
100
AcDbEntity
  8
0
100
AcDbCircle
 10
408.5282325448804
 20
106.4242719089585
 30
0.0
 40
0.1099999999999568
  0
CIRCLE
  5
2586
330
1F
100
AcDbEntity
  8
0
100
AcDbCircle
 10
408.5282325448804
 20
106.0742719089584
 30
0.0
 40
0.1099999999999568
  0
CIRCLE
  5
2587
330
1F
100
AcDbEntity
  8
0
100
AcDbCircle
 10
408.5282325448805
 20
100.8242719089584
 30
0.0
 40
0.1099999999999568
  0
CIRCLE
  5
2588
330
1F
100
AcDbEntity
  8
0
100
AcDbCircle
 10
408.5282325448805
 20
100.4742719089585
 30
0.0
 40
0.1099999999999568
  0
CIRCLE
  5
2589
330
1F
100
AcDbEntity
  8
0
100
AcDbCircle
 10
408.5282325448805
 20
100.1242719089584
 30
0.0
 40
0.1099999999999568
  0
CIRCLE
  5
258A
330
1F
100
AcDbEntity
  8
0
100
AcDbCircle
 10
408.5282325448805
 20
99.77427190895838
 30
0.0
 40
0.1099999999999568
  0
CIRCLE
  5
258B
330
1F
100
AcDbEntity
  8
0
100
AcDbCircle
 10
408.5282325448805
 20
99.42427190895848
 30
0.0
 40
0.1099999999999568
  0
CIRCLE
  5
258C
330
1F
100
AcDbEntity
  8
0
100
AcDbCircle
 10
408.5282325448805
 20
99.07427190895839
 30
0.0
 40
0.1099999999999568
  0
CIRCLE
  5
258D
330
1F
100
AcDbEntity
  8
0
100
AcDbCircle
 10
408.5282325448805
 20
98.72427190895852
 30
0.0
 40
0.1099999999999568
  0
CIRCLE
  5
258E
330
1F
100
AcDbEntity
  8
0
100
AcDbCircle
 10
408.5282325448805
 20
98.3742719089583
 30
0.0
 40
0.1099999999999568
  0
CIRCLE
  5
258F
330
1F
100
AcDbEntity
  8
0
100
AcDbCircle
 10
408.5282325448805
 20
98.02427190895841
 30
0.0
 40
0.1099999999999568
  0
CIRCLE
  5
2590
330
1F
100
AcDbEntity
  8
0
100
AcDbCircle
 10
408.5282325448805
 20
97.3242719089584
 30
0.0
 40
0.1099999999999568
  0
CIRCLE
  5
2591
330
1F
100
AcDbEntity
  8
0
100
AcDbCircle
 10
408.5282325448805
 20
96.62427190895833
 30
0.0
 40
0.1099999999999568
  0
CIRCLE
  5
2592
330
1F
100
AcDbEntity
  8
0
100
AcDbCircle
 10
408.5282325448805
 20
96.2742719089584
 30
0.0
 40
0.1100000000000136
  0
CIRCLE
  5
2593
330
1F
100
AcDbEntity
  8
0
100
AcDbCircle
 10
408.5282325448805
 20
95.92427190895849
 30
0.0
 40
0.1099999999999568
  0
CIRCLE
  5
2594
330
1F
100
AcDbEntity
  8
0
100
AcDbCircle
 10
408.5282325448805
 20
95.5742719089584
 30
0.0
 40
0.1099999999999568
  0
CIRCLE
  5
2595
330
1F
100
AcDbEntity
  8
0
100
AcDbCircle
 10
408.5282325448805
 20
95.22427190895852
 30
0.0
 40
0.1099999999999568
  0
CIRCLE
  5
2596
330
1F
100
AcDbEntity
  8
0
100
AcDbCircle
 10
408.5282325448805
 20
94.87427190895839
 30
0.0
 40
0.1099999999999568
  0
CIRCLE
  5
2597
330
1F
100
AcDbEntity
  8
0
100
AcDbCircle
 10
408.8782325448803
 20
95.22427190895852
 30
0.0
 40
0.1099999999999568
  0
CIRCLE
  5
2598
330
1F
100
AcDbEntity
  8
0
100
AcDbCircle
 10
408.8782325448803
 20
95.5742719089584
 30
0.0
 40
0.1099999999999568
  0
CIRCLE
  5
2599
330
1F
100
AcDbEntity
  8
0
100
AcDbCircle
 10
408.8782325448803
 20
95.92427190895849
 30
0.0
 40
0.1099999999999568
  0
CIRCLE
  5
259A
330
1F
100
AcDbEntity
  8
0
100
AcDbCircle
 10
408.8782325448803
 20
96.2742719089584
 30
0.0
 40
0.1100000000000136
  0
CIRCLE
  5
259B
330
1F
100
AcDbEntity
  8
0
100
AcDbCircle
 10
408.8782325448803
 20
96.62427190895833
 30
0.0
 40
0.1099999999999568
  0
CIRCLE
  5
259C
330
1F
100
AcDbEntity
  8
0
100
AcDbCircle
 10
408.8782325448803
 20
96.97427190895851
 30
0.0
 40
0.1099999999999568
  0
CIRCLE
  5
259D
330
1F
100
AcDbEntity
  8
0
100
AcDbCircle
 10
408.8782325448803
 20
97.3242719089584
 30
0.0
 40
0.1099999999999568
  0
CIRCLE
  5
259E
330
1F
100
AcDbEntity
  8
0
100
AcDbCircle
 10
408.8782325448803
 20
97.67427190895851
 30
0.0
 40
0.1099999999999568
  0
CIRCLE
  5
259F
330
1F
100
AcDbEntity
  8
0
100
AcDbCircle
 10
408.8782325448803
 20
98.02427190895841
 30
0.0
 40
0.1099999999999568
  0
CIRCLE
  5
25A0
330
1F
100
AcDbEntity
  8
0
100
AcDbCircle
 10
408.8782325448803
 20
98.3742719089583
 30
0.0
 40
0.1099999999999568
  0
CIRCLE
  5
25A1
330
1F
100
AcDbEntity
  8
0
100
AcDbCircle
 10
408.8782325448803
 20
98.72427190895852
 30
0.0
 40
0.1099999999999568
  0
CIRCLE
  5
25A2
330
1F
100
AcDbEntity
  8
0
100
AcDbCircle
 10
408.8782325448803
 20
99.07427190895839
 30
0.0
 40
0.1099999999999568
  0
CIRCLE
  5
25A3
330
1F
100
AcDbEntity
  8
0
100
AcDbCircle
 10
408.8782325448803
 20
99.42427190895848
 30
0.0
 40
0.1099999999999568
  0
CIRCLE
  5
25A4
330
1F
100
AcDbEntity
  8
0
100
AcDbCircle
 10
408.8782325448803
 20
99.77427190895838
 30
0.0
 40
0.1099999999999568
  0
CIRCLE
  5
25A5
330
1F
100
AcDbEntity
  8
0
100
AcDbCircle
 10
408.8782325448803
 20
100.1242719089584
 30
0.0
 40
0.1099999999999568
  0
CIRCLE
  5
25A6
330
1F
100
AcDbEntity
  8
0
100
AcDbCircle
 10
408.8782325448803
 20
100.4742719089585
 30
0.0
 40
0.1099999999999568
  0
CIRCLE
  5
25A7
330
1F
100
AcDbEntity
  8
0
100
AcDbCircle
 10
408.8782325448803
 20
100.8242719089584
 30
0.0
 40
0.1099999999999568
  0
CIRCLE
  5
25A8
330
1F
100
AcDbEntity
  8
0
100
AcDbCircle
 10
408.8782325448803
 20
101.1742719089585
 30
0.0
 40
0.1099999999998999
  0
CIRCLE
  5
25A9
330
1F
100
AcDbEntity
  8
0
100
AcDbCircle
 10
408.8782325448803
 20
101.5242719089584
 30
0.0
 40
0.1099999999998999
  0
CIRCLE
  5
25AA
330
1F
100
AcDbEntity
  8
0
100
AcDbCircle
 10
408.8782325448803
 20
101.8742719089583
 30
0.0
 40
0.1099999999998999
  0
CIRCLE
  5
25AB
330
1F
100
AcDbEntity
  8
0
100
AcDbCircle
 10
408.8782325448803
 20
102.2242719089585
 30
0.0
 40
0.1099999999999568
  0
CIRCLE
  5
25AC
330
1F
100
AcDbEntity
  8
0
100
AcDbCircle
 10
408.8782325448803
 20
102.5742719089584
 30
0.0
 40
0.1099999999999568
  0
CIRCLE
  5
25AD
330
1F
100
AcDbEntity
  8
0
100
AcDbCircle
 10
408.8782325448803
 20
102.9242719089585
 30
0.0
 40
0.1099999999999568
  0
CIRCLE
  5
25AE
330
1F
100
AcDbEntity
  8
0
100
AcDbCircle
 10
408.8782325448803
 20
103.6242719089583
 30
0.0
 40
0.1099999999999568
  0
CIRCLE
  5
25AF
330
1F
100
AcDbEntity
  8
0
100
AcDbCircle
 10
408.8782325448803
 20
104.6742719089585
 30
0.0
 40
0.1099999999999568
  0
CIRCLE
  5
25B0
330
1F
100
AcDbEntity
  8
0
100
AcDbCircle
 10
408.8782325448803
 20
105.3742719089584
 30
0.0
 40
0.1099999999999568
  0
CIRCLE
  5
25B1
330
1F
100
AcDbEntity
  8
0
100
AcDbCircle
 10
408.8782325448803
 20
105.7242719089585
 30
0.0
 40
0.1099999999999568
  0
CIRCLE
  5
25B2
330
1F
100
AcDbEntity
  8
0
100
AcDbCircle
 10
408.8782325448803
 20
106.0742719089584
 30
0.0
 40
0.1099999999999568
  0
CIRCLE
  5
25B3
330
1F
100
AcDbEntity
  8
0
100
AcDbCircle
 10
408.8782325448803
 20
106.4242719089585
 30
0.0
 40
0.1099999999999568
  0
CIRCLE
  5
25B4
330
1F
100
AcDbEntity
  8
0
100
AcDbCircle
 10
408.8782325448803
 20
106.7742719089584
 30
0.0
 40
0.1099999999999568
  0
CIRCLE
  5
25B5
330
1F
100
AcDbEntity
  8
0
100
AcDbCircle
 10
408.8782325448803
 20
107.1242719089583
 30
0.0
 40
0.1100000000000136
  0
CIRCLE
  5
25B6
330
1F
100
AcDbEntity
  8
0
100
AcDbCircle
 10
408.8782325448803
 20
107.4742719089585
 30
0.0
 40
0.1100000000000136
  0
CIRCLE
  5
25B7
330
1F
100
AcDbEntity
  8
0
100
AcDbCircle
 10
410.6282325448802
 20
107.1242719089583
 30
0.0
 40
0.1099999999999568
  0
CIRCLE
  5
25B8
330
1F
100
AcDbEntity
  8
0
100
AcDbCircle
 10
410.6282325448802
 20
107.4742719089585
 30
0.0
 40
0.1099999999999568
  0
ENDSEC
  0
SECTION
  2
OBJECTS
  0
DICTIONARY
  5
C
330
0
100
AcDbDictionary
281
     1
  3
ACAD_CIP_PREVIOUS_PRODUCT_INFO
350
938
  3
ACAD_COLOR
350
928
  3
ACAD_DETAILVIEWSTYLE
350
92F
  3
ACAD_GROUP
350
D
  3
ACAD_LAST_SAVED_VERSION_INFO
350
E57
  3
ACAD_LAYOUT
350
1A
  3
ACAD_MATERIAL
350
8F6
  3
ACAD_MLEADERSTYLE
350
92B
  3
ACAD_MLINESTYLE
350
17
  3
ACAD_PLOTSETTINGS
350
19
  3
ACAD_PLOTSTYLENAME
350
E
  3
ACAD_SCALELIST
350
47
  3
ACAD_SECTIONVIEWSTYLE
350
92D
  3
ACAD_TABLESTYLE
350
929
  3
ACAD_VISUALSTYLE
350
90F
  3
ACDB_RECOMPOSE_DATA
350
2BB5
  3
AcDbVariableDictionary
350
939
  3
DWGPROPS
350
2BB6
  0
DICTIONARY
  5
1AF6
330
8
100
AcDbDictionary
280
     1
281
     1
  0
DICTIONARY
  5
E58
330
10
100
AcDbDictionary
280
     1
281
     1
  3
ADSK_XREC_LAYER_RECONCILED
360
E59
  0
DICTIONARY
  5
E5A
330
73
100
AcDbDictionary
280
     1
281
     1
  3
ADSK_XREC_LAYER_RECONCILED
360
E5B
  0
DICTIONARY
  5
E5C
330
74
100
AcDbDictionary
280
     1
281
     1
  3
ADSK_XREC_LAYER_RECONCILED
360
E5D
  0
DICTIONARY
  5
E5E
330
75
100
AcDbDictionary
280
     1
281
     1
  3
ADSK_XREC_LAYER_RECONCILED
360
E5F
  0
DICTIONARY
  5
E60
330
76
100
AcDbDictionary
280
     1
281
     1
  3
ADSK_XREC_LAYER_RECONCILED
360
E61
  0
DICTIONARY
  5
E62
330
77
100
AcDbDictionary
280
     1
281
     1
  3
ADSK_XREC_LAYER_RECONCILED
360
E63
  0
DICTIONARY
  5
E64
330
78
100
AcDbDictionary
280
     1
281
     1
  3
ADSK_XREC_LAYER_RECONCILED
360
E65
  0
DICTIONARY
  5
E47
330
1F
100
AcDbDictionary
280
     1
281
     1
  3
ACAD_SORTENTS
360
18CE
  0
DICTIONARY
  5
2B0A
330
1B9D
100
AcDbDictionary
280
     1
281
     1
  3
AcDbBlockTableRecordData
360
2BF7
  0
DICTIONARY
  5
E7A
330
EB
100
AcDbDictionary
280
     1
281
     1
  3
ACAD_MTEXT_RT
360
2BBD
  0
DICTIONARY
  5
E7C
330
EC
100
AcDbDictionary
280
     1
281
     1
  3
ACAD_MTEXT_RT
360
2BBE
  0
DICTIONARY
  5
E7E
330
ED
100
AcDbDictionary
280
     1
281
     1
  3
ACAD_MTEXT_RT
360
2BBF
  0
XRECORD
  5
938
102
{ACAD_REACTORS
330
C
102
}
330
C
100
AcDbXrecord
280
     1
300
ACDLT
300
2024
300

  0
DICTIONARY
  5
928
102
{ACAD_REACTORS
330
C
102
}
330
C
100
AcDbDictionary
281
     1
  0
DICTIONARY
  5
92F
102
{ACAD_REACTORS
330
C
102
}
330
C
100
AcDbDictionary
281
     1
  3
Metric50
350
930
  0
DICTIONARY
  5
D
102
{ACAD_REACTORS
330
C
102
}
330
C
100
AcDbDictionary
281
     1
  3
*A1
350
1A76
  0
XRECORD
  5
E57
102
{ACAD_REACTORS
330
C
102
}
330
C
100
AcDbXrecord
280
     1
300
{6A805A5A-D817-2F44-B40E-A94107FF63EA}
301
{D2014EC9-813C-1148-9A5B-5642BAAAC554}
302
{6A805A5A-D817-2F44-B40E-A94107FF63EA}
303
C:\Users\user\Desktop\自動植換針機\植針孔dxf檔\028\dxf\028-左側-針孔.dxf
  0
DICTIONARY
  5
1A
102
{ACAD_REACTORS
330
C
102
}
330
C
100
AcDbDictionary
281
     1
  3
Layout1
350
1E
  3
Layout2
350
26
  3
Model
350
22
  0
DICTIONARY
  5
8F6
102
{ACAD_REACTORS
330
C
102
}
330
C
100
AcDbDictionary
281
     1
  3
ByBlock
350
8FF
  3
ByLayer
350
8F7
  3
Global
350
907
  0
DICTIONARY
  5
92B
102
{ACAD_REACTORS
330
C
102
}
330
C
100
AcDbDictionary
281
     1
  3
Standard
350
92C
  0
DICTIONARY
  5
17
102
{ACAD_REACTORS
330
C
102
}
330
C
100
AcDbDictionary
281
     1
  3
Standard
350
18
  0
DICTIONARY
  5
19
102
{ACAD_REACTORS
330
C
102
}
330
C
100
AcDbDictionary
281
     1
  0
ACDBDICTIONARYWDFLT
  5
E
102
{ACAD_REACTORS
330
C
102
}
330
C
100
AcDbDictionary
281
     1
  3
Normal
350
F
100
AcDbDictionaryWithDefault
340
F
  0
DICTIONARY
  5
47
102
{ACAD_REACTORS
330
C
102
}
330
C
100
AcDbDictionary
281
     1
  3
A0
350
48
  3
A1
350
49
  3
A2
350
4A
  3
A3
350
4B
  3
A4
350
4C
  3
A5
350
4D
  3
A6
350
4E
  3
A7
350
4F
  3
A8
350
50
  3
A9
350
51
  3
B0
350
52
  3
B1
350
53
  3
B2
350
54
  3
B3
350
55
  3
B4
350
56
  3
B5
350
57
  3
B6
350
58
  3
B7
350
59
  3
B8
350
5A
  3
B9
350
5B
  3
C0
350
5C
  3
C1
350
5D
  3
C2
350
5E
  3
C3
350
5F
  3
C4
350
60
  3
C5
350
61
  3
C6
350
62
  3
C7
350
63
  3
C8
350
64
  3
C9
350
65
  3
D0
350
66
  3
D1
350
67
  3
D2
350
68
  0
DICTIONARY
  5
92D
102
{ACAD_REACTORS
330
C
102
}
330
C
100
AcDbDictionary
281
     1
  3
Metric50
350
92E
  0
DICTIONARY
  5
929
102
{ACAD_REACTORS
330
C
102
}
330
C
100
AcDbDictionary
281
     1
  3
Standard
350
92A
  0
DICTIONARY
  5
90F
102
{ACAD_REACTORS
330
C
102
}
330
C
100
AcDbDictionary
281
     1
  3
2dWireframe
350
915
  3
Basic
350
914
  3
Brighten
350
91B
  3
ColorChange
350
91F
  3
Conceptual
350
918
  3
Dim
350
91A
  3
EdgeColorOff
350
927
  3
Facepattern
350
91E
  3
Flat
350
910
  3
FlatWithEdges
350
911
  3
Gouraud
350
912
  3
GouraudWithEdges
350
913
  3
Hidden
350
917
  3
JitterOff
350
925
  3
Linepattern
350
91D
  3
OverhangOff
350
926
  3
Realistic
350
919
  3
Shaded
350
924
  3
Shaded with edges
350
923
  3
Shades of Gray
350
920
  3
Sketchy
350
921
  3
Thicken
350
91C
  3
Wireframe
350
916
  3
X-Ray
350
922
  0
XRECORD
  5
2BB5
102
{ACAD_REACTORS
330
C
102
}
330
C
100
AcDbXrecord
280
     1
 90
        1
330
92A
  0
DICTIONARY
  5
939
102
{ACAD_REACTORS
330
C
102
}
330
C
100
AcDbDictionary
281
     1
  3
CANNOSCALE
350
E6A
  3
CMLEADERSTYLE
350
E67
  3
CTABLESTYLE
350
E66
  3
CVIEWDETAILSTYLE
350
E68
  3
CVIEWSECTIONSTYLE
350
E69
  3
DIMASSOC
350
E6D
  3
INDEXCTL
350
E6C
  3
LAYEREVAL
350
1999
  3
LAYERNOTIFY
350
199A
  3
LIGHTINGUNITS
350
1998
  3
MSLTSCALE
350
1997
  3
SORTENTS
350
E6B
  3
XCLIPFRAME
350
2B6D
  0
XRECORD
  5
2BB6
102
{ACAD_REACTORS
330
C
102
}
330
C
100
AcDbXrecord
280
     1
  1
DWGPROPS COOKIE
  2

  3

  4

  6

  7

  8
user
  9

300
=
301
=
302
=
303
=
304
=
305
=
306
=
307
=
308
=
309
=
 40
0.1334375115740741
 41
2460686.518634259
 42
2460731.778090278
  1

 90
        0
  0
XRECORD
  5
E59
102
{ACAD_REACTORS
330
E58
102
}
330
E58
100
AcDbXrecord
280
     1
290
     1
  0
XRECORD
  5
E5B
102
{ACAD_REACTORS
330
E5A
102
}
330
E5A
100
AcDbXrecord
280
     1
290
     1
  0
XRECORD
  5
E5D
102
{ACAD_REACTORS
330
E5C
102
}
330
E5C
100
AcDbXrecord
280
     1
290
     1
  0
XRECORD
  5
E5F
102
{ACAD_REACTORS
330
E5E
102
}
330
E5E
100
AcDbXrecord
280
     1
290
     1
  0
XRECORD
  5
E61
102
{ACAD_REACTORS
330
E60
102
}
330
E60
100
AcDbXrecord
280
     1
290
     1
  0
XRECORD
  5
E63
102
{ACAD_REACTORS
330
E62
102
}
330
E62
100
AcDbXrecord
280
     1
290
     1
  0
XRECORD
  5
E65
102
{ACAD_REACTORS
330
E64
102
}
330
E64
100
AcDbXrecord
280
     1
290
     1
  0
SORTENTSTABLE
  5
18CE
102
{ACAD_REACTORS
330
E47
102
}
330
E47
100
AcDbSortentsTable
330
1F
  0
DICTIONARY
  5
2BF7
102
{ACAD_REACTORS
330
2B0A
102
}
330
2B0A
100
AcDbDictionary
280
     1
281
     1
  3
Edit
360
2BF8
  0
XRECORD
  5
2BBD
102
{ACAD_REACTORS
330
E7A
102
}
330
E7A
100
AcDbXrecord
280
     1
 40
2172.0
  1
註:
  0
XRECORD
  5
2BBE
102
{ACAD_REACTORS
330
E7C
102
}
330
E7C
100
AcDbXrecord
280
     1
 40
36285.0
  1
1.四周導角C0.5
  0
XRECORD
  5
2BBF
102
{ACAD_REACTORS
330
E7E
102
}
330
E7E
100
AcDbXrecord
280
     1
 40
109349.0
  1
2.不可有毛邊及銳角
  0
ACDBDETAILVIEWSTYLE
  5
930
102
{ACAD_XDICTIONARY
360
2BF5
102
}
102
{ACAD_REACTORS
330
92F
102
}
330
92F
100
AcDbModelDocViewStyle
 70
     0
  3
Metric50
290
     0
100
AcDbDetailViewStyle
 70
     0
 71
     0
 90
        3
 71
     1
340
11
 40
5.0
340
0
 40
5.0
300

 40
0.0
280
     1
 71
     2
340
16
 90
       25
 71
     3
340
11
 40
5.0
 90
        0
 40
15.0
 90
        1
300
%<\AcVar ViewDetailId>% (%<\AcVar ViewScale \f "%sn">%)
 71
     4
340
16
 90
       25
340
16
 90
       25
280
     0
  0
GROUP
  5
1A76
102
{ACAD_REACTORS
330
D
102
}
330
D
100
AcDbGroup
300

 70
     1
 71
     1
  0
LAYOUT
  5
1E
102
{ACAD_XDICTIONARY
360
2BB7
102
}
102
{ACAD_REACTORS
330
1A
102
}
330
1A
100
AcDbPlotSettings
  1

  2
none_device
  4

  6

 40
0.0
 41
0.0
 42
0.0
 43
0.0
 44
0.0
 45
0.0
 46
0.0
 47
0.0
 48
0.0
 49
0.0
140
0.0
141
0.0
142
1.0
143
1.0
 70
   688
 72
     1
 73
     0
 74
     5
  7

 75
    16
147
1.0
148
0.0
149
0.0
100
AcDbLayout
  1
Layout1
 70
     1
 71
     1
 10
0.0
 20
0.0
 11
420.0
 21
297.0
 12
0.0
 22
0.0
 32
0.0
 14
1.000000000000000E+20
 24
1.000000000000000E+20
 34
1.000000000000000E+20
 15
-1.000000000000000E+20
 25
-1.000000000000000E+20
 35
-1.000000000000000E+20
146
0.0
 13
0.0
 23
0.0
 33
0.0
 16
1.0
 26
0.0
 36
0.0
 17
0.0
 27
1.0
 37
0.0
 76
     0
330
1B
  0
LAYOUT
  5
26
102
{ACAD_XDICTIONARY
360
2BBB
102
}
102
{ACAD_REACTORS
330
1A
102
}
330
1A
100
AcDbPlotSettings
  1

  2
none_device
  4

  6

 40
0.0
 41
0.0
 42
0.0
 43
0.0
 44
0.0
 45
0.0
 46
0.0
 47
0.0
 48
0.0
 49
0.0
140
0.0
141
0.0
142
1.0
143
1.0
 70
   688
 72
     1
 73
     0
 74
     5
  7

 75
    16
147
1.0
148
0.0
149
0.0
100
AcDbLayout
  1
Layout2
 70
     1
 71
     2
 10
0.0
 20
0.0
 11
0.0
 21
0.0
 12
0.0
 22
0.0
 32
0.0
 14
0.0
 24
0.0
 34
0.0
 15
0.0
 25
0.0
 35
0.0
146
0.0
 13
0.0
 23
0.0
 33
0.0
 16
1.0
 26
0.0
 36
0.0
 17
0.0
 27
1.0
 37
0.0
 76
     0
330
23
  0
LAYOUT
  5
22
102
{ACAD_XDICTIONARY
360
2BB9
102
}
102
{ACAD_REACTORS
330
1A
102
}
330
1A
100
AcDbPlotSettings
  1

  2
none_device
  4
Letter_(8.50_x_11.00_Inches)
  6

 40
6.349999999999997
 41
6.349999999999997
 42
6.350005079999997
 43
6.350005079999997
 44
215.9
 45
279.4
 46
0.0
 47
0.0
 48
0.0
 49
0.0
140
0.0
141
0.0
142
1.0
143
1.0
 70
  1712
 72
     1
 73
     0
 74
     0
  7

 75
     0
147
1.0
148
0.0
149
0.0
100
AcDbLayout
  1
Model
 70
     1
 71
     0
 10
0.0
 20
0.0
 11
297.0
 21
210.0
 12
0.0
 22
0.0
 32
0.0
 14
0.0
 24
0.0
 34
0.0
 15
297.0
 25
210.0
 35
0.0
146
0.0
 13
0.0
 23
0.0
 33
0.0
 16
1.0
 26
0.0
 36
0.0
 17
0.0
 27
1.0
 37
0.0
 76
     0
330
1F
331
29
  0
MATERIAL
  5
8FF
102
{ACAD_XDICTIONARY
360
900
102
}
102
{ACAD_REACTORS
330
8F6
102
}
330
8F6
100
AcDbMaterial
  1
ByBlock
 72
     0
 43
0.0008202099737533
 43
0.0
 43
0.0
 43
0.0
 43
0.0
 43
0.0008202099737533
 43
0.0
 43
0.0
 43
0.0
 43
0.0
 43
1.0
 43
0.0
 43
0.0
 43
0.0
 43
0.0
 43
1.0
 77
     0
 47
0.0008202099737533
 47
0.0
 47
0.0
 47
0.0
 47
0.0
 47
0.0008202099737533
 47
0.0
 47
0.0
 47
0.0
 47
0.0
 47
1.0
 47
0.0
 47
0.0
 47
0.0
 47
0.0
 47
1.0
171
     0
 49
0.0008202099737533
 49
0.0
 49
0.0
 49
0.0
 49
0.0
 49
0.0008202099737533
 49
0.0
 49
0.0
 49
0.0
 49
0.0
 49
1.0
 49
0.0
 49
0.0
 49
0.0
 49
0.0
 49
1.0
175
     0
142
0.0008202099737533
142
0.0
142
0.0
142
0.0
142
0.0
142
0.0008202099737533
142
0.0
142
0.0
142
0.0
142
0.0
142
1.0
142
0.0
142
0.0
142
0.0
142
0.0
142
1.0
179
     0
144
0.0008202099737533
144
0.0
144
0.0
144
0.0
144
0.0
144
0.0008202099737533
144
0.0
144
0.0
144
0.0
144
0.0
144
1.0
144
0.0
144
0.0
144
0.0
144
0.0
144
1.0
147
0.0008202099737533
147
0.0
147
0.0
147
0.0
147
0.0
147
0.0008202099737533
147
0.0
147
0.0
147
0.0
147
0.0
147
1.0
147
0.0
147
0.0
147
0.0
147
0.0
147
1.0
  0
MATERIAL
  5
8F7
102
{ACAD_XDICTIONARY
360
8F8
102
}
102
{ACAD_REACTORS
330
8F6
102
}
330
8F6
100
AcDbMaterial
  1
ByLayer
 72
     0
 43
0.0008202099737533
 43
0.0
 43
0.0
 43
0.0
 43
0.0
 43
0.0008202099737533
 43
0.0
 43
0.0
 43
0.0
 43
0.0
 43
1.0
 43
0.0
 43
0.0
 43
0.0
 43
0.0
 43
1.0
 77
     0
 47
0.0008202099737533
 47
0.0
 47
0.0
 47
0.0
 47
0.0
 47
0.0008202099737533
 47
0.0
 47
0.0
 47
0.0
 47
0.0
 47
1.0
 47
0.0
 47
0.0
 47
0.0
 47
0.0
 47
1.0
171
     0
 49
0.0008202099737533
 49
0.0
 49
0.0
 49
0.0
 49
0.0
 49
0.0008202099737533
 49
0.0
 49
0.0
 49
0.0
 49
0.0
 49
1.0
 49
0.0
 49
0.0
 49
0.0
 49
0.0
 49
1.0
175
     0
142
0.0008202099737533
142
0.0
142
0.0
142
0.0
142
0.0
142
0.0008202099737533
142
0.0
142
0.0
142
0.0
142
0.0
142
1.0
142
0.0
142
0.0
142
0.0
142
0.0
142
1.0
179
     0
144
0.0008202099737533
144
0.0
144
0.0
144
0.0
144
0.0
144
0.0008202099737533
144
0.0
144
0.0
144
0.0
144
0.0
144
1.0
144
0.0
144
0.0
144
0.0
144
0.0
144
1.0
147
0.0008202099737533
147
0.0
147
0.0
147
0.0
147
0.0
147
0.0008202099737533
147
0.0
147
0.0
147
0.0
147
0.0
147
1.0
147
0.0
147
0.0
147
0.0
147
0.0
147
1.0
  0
MATERIAL
  5
907
102
{ACAD_XDICTIONARY
360
908
102
}
102
{ACAD_REACTORS
330
8F6
102
}
330
8F6
100
AcDbMaterial
  1
Global
 72
     0
 43
0.0008202099737533
 43
0.0
 43
0.0
 43
0.0
 43
0.0
 43
0.0008202099737533
 43
0.0
 43
0.0
 43
0.0
 43
0.0
 43
1.0
 43
0.0
 43
0.0
 43
0.0
 43
0.0
 43
1.0
 77
     0
 47
0.0008202099737533
 47
0.0
 47
0.0
 47
0.0
 47
0.0
 47
0.0008202099737533
 47
0.0
 47
0.0
 47
0.0
 47
0.0
 47
1.0
 47
0.0
 47
0.0
 47
0.0
 47
0.0
 47
1.0
171
     0
 49
0.0008202099737533
 49
0.0
 49
0.0
 49
0.0
 49
0.0
 49
0.0008202099737533
 49
0.0
 49
0.0
 49
0.0
 49
0.0
 49
1.0
 49
0.0
 49
0.0
 49
0.0
 49
0.0
 49
1.0
175
     0
142
0.0008202099737533
142
0.0
142
0.0
142
0.0
142
0.0
142
0.0008202099737533
142
0.0
142
0.0
142
0.0
142
0.0
142
1.0
142
0.0
142
0.0
142
0.0
142
0.0
142
1.0
179
     0
144
0.0008202099737533
144
0.0
144
0.0
144
0.0
144
0.0
144
0.0008202099737533
144
0.0
144
0.0
144
0.0
144
0.0
144
1.0
144
0.0
144
0.0
144
0.0
144
0.0
144
1.0
147
0.0008202099737533
147
0.0
147
0.0
147
0.0
147
0.0
147
0.0008202099737533
147
0.0
147
0.0
147
0.0
147
0.0
147
1.0
147
0.0
147
0.0
147
0.0
147
0.0
147
1.0
  0
MLEADERSTYLE
  5
92C
102
{ACAD_XDICTIONARY
360
2BF1
102
}
102
{ACAD_REACTORS
330
92B
102
}
330
92B
100
AcDbMLeaderStyle
170
     2
171
     1
172
     0
 90
        2
 40
0.0
 41
0.0
173
     1
 91
-1056964608
340
14
 92
       -2
290
     1
 42
2.0
291
     1
 43
0.36
  3
Standard
 44
4.0
300

342
11
174
     1
178
     6
175
     1
176
     0
 93
-1056964608
 45
4.0
292
     0
297
     0
 46
4.0
 94
-1056964608
 47
1.0
 49
1.0
140
1.0
293
     1
141
0.0
294
     1
177
     0
142
1.0
295
     0
296
     0
143
0.125
1001
ACAD_MLEADERVER
1070
     2
  0
MLINESTYLE
  5
18
102
{ACAD_REACTORS
330
17
102
}
330
17
100
AcDbMlineStyle
  2
STANDARD
 70
     0
  3

 62
   256
 51
90.0
 52
90.0
 71
     2
 49
0.5
 62
   256
  6
BYLAYER
 49
-0.5
 62
   256
  6
BYLAYER
  0
ACDBPLACEHOLDER
  5
F
102
{ACAD_REACTORS
330
E
102
}
330
E
  0
SCALE
  5
48
102
{ACAD_REACTORS
330
47
102
}
330
47
100
AcDbScale
 70
     0
300
1:1
140
1.0
141
1.0
290
     1
  0
SCALE
  5
49
102
{ACAD_REACTORS
330
47
102
}
330
47
100
AcDbScale
 70
     0
300
1:2
140
1.0
141
2.0
290
     0
  0
SCALE
  5
4A
102
{ACAD_REACTORS
330
47
102
}
330
47
100
AcDbScale
 70
     0
300
1:4
140
1.0
141
4.0
290
     0
  0
SCALE
  5
4B
102
{ACAD_REACTORS
330
47
102
}
330
47
100
AcDbScale
 70
     0
300
1:5
140
1.0
141
5.0
290
     0
  0
SCALE
  5
4C
102
{ACAD_REACTORS
330
47
102
}
330
47
100
AcDbScale
 70
     0
300
1:8
140
1.0
141
8.0
290
     0
  0
SCALE
  5
4D
102
{ACAD_REACTORS
330
47
102
}
330
47
100
AcDbScale
 70
     0
300
1:10
140
1.0
141
10.0
290
     0
  0
SCALE
  5
4E
102
{ACAD_REACTORS
330
47
102
}
330
47
100
AcDbScale
 70
     0
300
1:16
140
1.0
141
16.0
290
     0
  0
SCALE
  5
4F
102
{ACAD_REACTORS
330
47
102
}
330
47
100
AcDbScale
 70
     0
300
1:20
140
1.0
141
20.0
290
     0
  0
SCALE
  5
50
102
{ACAD_REACTORS
330
47
102
}
330
47
100
AcDbScale
 70
     0
300
1:30
140
1.0
141
30.0
290
     0
  0
SCALE
  5
51
102
{ACAD_REACTORS
330
47
102
}
330
47
100
AcDbScale
 70
     0
300
1:40
140
1.0
141
40.0
290
     0
  0
SCALE
  5
52
102
{ACAD_REACTORS
330
47
102
}
330
47
100
AcDbScale
 70
     0
300
1:50
140
1.0
141
50.0
290
     0
  0
SCALE
  5
53
102
{ACAD_REACTORS
330
47
102
}
330
47
100
AcDbScale
 70
     0
300
1:100
140
1.0
141
100.0
290
     0
  0
SCALE
  5
54
102
{ACAD_REACTORS
330
47
102
}
330
47
100
AcDbScale
 70
     0
300
2:1
140
2.0
141
1.0
290
     0
  0
SCALE
  5
55
102
{ACAD_REACTORS
330
47
102
}
330
47
100
AcDbScale
 70
     0
300
4:1
140
4.0
141
1.0
290
     0
  0
SCALE
  5
56
102
{ACAD_REACTORS
330
47
102
}
330
47
100
AcDbScale
 70
     0
300
8:1
140
8.0
141
1.0
290
     0
  0
SCALE
  5
57
102
{ACAD_REACTORS
330
47
102
}
330
47
100
AcDbScale
 70
     0
300
10:1
140
10.0
141
1.0
290
     0
  0
SCALE
  5
58
102
{ACAD_REACTORS
330
47
102
}
330
47
100
AcDbScale
 70
     0
300
100:1
140
100.0
141
1.0
290
     0
  0
SCALE
  5
59
102
{ACAD_REACTORS
330
47
102
}
330
47
100
AcDbScale
 70
     0
300
1/128" = 1'-0"
140
0.0078125
141
12.0
290
     0
  0
SCALE
  5
5A
102
{ACAD_REACTORS
330
47
102
}
330
47
100
AcDbScale
 70
     0
300
1/64" = 1'-0"
140
0.015625
141
12.0
290
     0
  0
SCALE
  5
5B
102
{ACAD_REACTORS
330
47
102
}
330
47
100
AcDbScale
 70
     0
300
1/32" = 1'-0"
140
0.03125
141
12.0
290
     0
  0
SCALE
  5
5C
102
{ACAD_REACTORS
330
47
102
}
330
47
100
AcDbScale
 70
     0
300
1/16" = 1'-0"
140
0.0625
141
12.0
290
     0
  0
SCALE
  5
5D
102
{ACAD_REACTORS
330
47
102
}
330
47
100
AcDbScale
 70
     0
300
3/32" = 1'-0"
140
0.09375
141
12.0
290
     0
  0
SCALE
  5
5E
102
{ACAD_REACTORS
330
47
102
}
330
47
100
AcDbScale
 70
     0
300
1/8" = 1'-0"
140
0.125
141
12.0
290
     0
  0
SCALE
  5
5F
102
{ACAD_REACTORS
330
47
102
}
330
47
100
AcDbScale
 70
     0
300
3/16" = 1'-0"
140
0.1875
141
12.0
290
     0
  0
SCALE
  5
60
102
{ACAD_REACTORS
330
47
102
}
330
47
100
AcDbScale
 70
     0
300
1/4" = 1'-0"
140
0.25
141
12.0
290
     0
  0
SCALE
  5
61
102
{ACAD_REACTORS
330
47
102
}
330
47
100
AcDbScale
 70
     0
300
3/8" = 1'-0"
140
0.375
141
12.0
290
     0
  0
SCALE
  5
62
102
{ACAD_REACTORS
330
47
102
}
330
47
100
AcDbScale
 70
     0
300
1/2" = 1'-0"
140
0.5
141
12.0
290
     0
  0
SCALE
  5
63
102
{ACAD_REACTORS
330
47
102
}
330
47
100
AcDbScale
 70
     0
300
3/4" = 1'-0"
140
0.75
141
12.0
290
     0
  0
SCALE
  5
64
102
{ACAD_REACTORS
330
47
102
}
330
47
100
AcDbScale
 70
     0
300
1" = 1'-0"
140
1.0
141
12.0
290
     0
  0
SCALE
  5
65
102
{ACAD_REACTORS
330
47
102
}
330
47
100
AcDbScale
 70
     0
300
1-1/2" = 1'-0"
140
1.5
141
12.0
290
     0
  0
SCALE
  5
66
102
{ACAD_REACTORS
330
47
102
}
330
47
100
AcDbScale
 70
     0
300
3" = 1'-0"
140
3.0
141
12.0
290
     0
  0
SCALE
  5
67
102
{ACAD_REACTORS
330
47
102
}
330
47
100
AcDbScale
 70
     0
300
6" = 1'-0"
140
6.0
141
12.0
290
     0
  0
SCALE
  5
68
102
{ACAD_REACTORS
330
47
102
}
330
47
100
AcDbScale
 70
     0
300
1'-0" = 1'-0"
140
12.0
141
12.0
290
     0
  0
ACDBSECTIONVIEWSTYLE
  5
92E
102
{ACAD_XDICTIONARY
360
2BF3
102
}
102
{ACAD_REACTORS
330
92D
102
}
330
92D
100
AcDbModelDocViewStyle
 70
     0
  3
Metric50
290
     0
100
AcDbSectionViewStyle
 70
     0
 71
     0
 90
      102
 71
     1
340
11
 40
5.0
340
0
340
0
 40
5.0
300
I, O, Q, S, X, Z
 40
10.0
 90
        0
 40
2.5
 90
        0
 71
     2
340
16
 90
       25
340
16
 90
       50
 40
5.0
 40
2.5
 40
5.0
 71
     3
340
11
 40
5.0
 90
        0
 40
15.0
 90
        1
300
%<\AcVar ViewSectionStartId>%-%<\AcVar ViewSectionEndId>% (%<\AcVar ViewScale \f "%sn">%)
 71
     4
300
ANSI31
 40
1.0
 90
        0
290
     0
290
     0
 90
        6
 40
0.0
 40
1.570796326794896
 40
0.2617993877991494
 40
1.308996938995747
 40
-0.2617993877991494
 40
1.832595714594044
  0
TABLESTYLE
  5
92A
102
{ACAD_XDICTIONARY
360
E70
102
}
102
{ACAD_REACTORS
330
929
102
}
330
929
100
AcDbTableStyle
  3
Standard
 70
     0
 71
     0
 40
1.5
 41
1.5
280
     0
281
     0
  7
STANDARD
140
4.5
170
     2
 62
     0
 63
     7
283
     0
274
    -2
284
     1
 64
     0
275
    -2
285
     1
 65
     0
276
    -2
286
     1
 66
     0
277
    -2
287
     1
 67
     0
278
    -2
288
     1
 68
     0
279
    -2
289
     1
 69
     0
  7
STANDARD
140
6.0
170
     5
 62
     0
 63
     7
283
     0
274
    -2
284
     1
 64
     0
275
    -2
285
     1
 65
     0
276
    -2
286
     1
 66
     0
277
    -2
287
     1
 67
     0
278
    -2
288
     1
 68
     0
279
    -2
289
     1
 69
     0
  7
STANDARD
140
4.5
170
     5
 62
     0
 63
     7
283
     0
274
    -2
284
     1
 64
     0
275
    -2
285
     1
 65
     0
276
    -2
286
     1
 66
     0
277
    -2
287
     1
 67
     0
278
    -2
288
     1
 68
     0
279
    -2
289
     1
 69
     0
  0
VISUALSTYLE
  5
915
102
{ACAD_XDICTIONARY
360
2BCA
102
}
102
{ACAD_REACTORS
330
90F
102
}
330
90F
100
AcDbVisualStyle
  2

 70
     4
 71
     0
 72
     2
 73
     0
 90
        0
 40
-0.6
 41
-30.0
 62
     5
 63
     7
 74
     1
 91
        4
 64
     7
 65
   257
 75
     1
175
     1
 42
1.0
 92
        0
 66
   257
 43
1.0
 76
     1
 77
     6
 78
     2
 67
     7
 79
     5
170
     0
171
     0
290
     0
174
     0
 93
        1
 44
0.0
173
     0
291
     0
 45
0.0
1001
ACAD
1000
AcDbSavedByObjectVersion
1070
     0
  0
VISUALSTYLE
  5
914
102
{ACAD_XDICTIONARY
360
2BC8
102
}
102
{ACAD_REACTORS
330
90F
102
}
330
90F
100
AcDbVisualStyle
  2

 70
     7
 71
     1
 72
     0
 73
     1
 90
        0
 40
-0.6
 41
-30.0
 62
     5
 63
     7
 74
     0
 91
        4
 64
     7
 65
   257
 75
     1
175
     1
 42
1.0
 92
        8
 66
     7
 43
1.0
 76
     1
 77
     6
 78
     2
 67
     7
 79
     5
170
     0
171
     0
290
     0
174
     0
 93
        1
 44
0.0
173
     0
291
     1
 45
0.0
1001
ACAD
1000
AcDbSavedByObjectVersion
1070
     0
  0
VISUALSTYLE
  5
91B
102
{ACAD_XDICTIONARY
360
2BD6
102
}
102
{ACAD_REACTORS
330
90F
102
}
330
90F
100
AcDbVisualStyle
  2

 70
    12
 71
     2
 72
     2
 73
     0
 90
        0
 40
-0.6
 41
-30.0
 62
     5
 63
     7
 74
     1
 91
        4
 64
     7
 65
   257
 75
     1
175
     1
 42
1.0
 92
        8
 66
     7
 43
1.0
 76
     1
 77
     6
 78
     2
 67
     7
 79
     5
170
     0
171
     0
290
     0
174
     0
 93
        1
 44
50.0
173
     0
291
     1
 45
0.0
1001
ACAD
1000
AcDbSavedByObjectVersion
1070
     0
  0
VISUALSTYLE
  5
91F
102
{ACAD_XDICTIONARY
360
2BDE
102
}
102
{ACAD_REACTORS
330
90F
102
}
330
90F
100
AcDbVisualStyle
  2

 70
    16
 71
     2
 72
     2
 73
     3
 90
        0
 40
-0.6
 41
-30.0
 62
     5
 63
     8
 74
     1
 91
        4
 64
     7
 65
   257
 75
     1
175
     1
 42
1.0
 92
        8
 66
     8
 43
1.0
 76
     1
 77
     6
 78
     2
 67
     7
 79
     5
170
     0
171
     0
290
     0
174
     0
 93
        1
 44
0.0
173
     0
291
     1
 45
0.0
1001
ACAD
1000
AcDbSavedByObjectVersion
1070
     0
  0
VISUALSTYLE
  5
918
102
{ACAD_XDICTIONARY
360
2BD0
102
}
102
{ACAD_REACTORS
330
90F
102
}
330
90F
100
AcDbVisualStyle
  2

 70
     9
 71
     3
 72
     2
 73
     0
 90
        0
 40
-0.6
 41
-30.0
 62
     5
 63
     7
 74
     2
 91
        2
 64
     7
 65
   257
 75
     1
175
     1
 42
179.0
 92
        8
 66
     7
 43
1.0
 76
     1
 77
     6
 78
     2
 67
     7
 79
     3
170
     0
171
     0
290
     0
174
     0
 93
        1
 44
0.0
173
     0
291
     0
 45
0.0
1001
ACAD
1000
AcDbSavedByObjectVersion
1070
     0
  0
VISUALSTYLE
  5
91A
102
{ACAD_XDICTIONARY
360
2BD4
102
}
102
{ACAD_REACTORS
330
90F
102
}
330
90F
100
AcDbVisualStyle
  2

 70
    11
 71
     2
 72
     2
 73
     0
 90
        0
 40
-0.6
 41
-30.0
 62
     5
 63
     7
 74
     1
 91
        4
 64
     7
 65
   257
 75
     1
175
     1
 42
1.0
 92
        8
 66
     7
 43
1.0
 76
     1
 77
     6
 78
     2
 67
     7
 79
     5
170
     0
171
     0
290
     0
174
     0
 93
        1
 44
-50.0
173
     0
291
     1
 45
0.0
1001
ACAD
1000
AcDbSavedByObjectVersion
1070
     0
  0
VISUALSTYLE
  5
927
102
{ACAD_XDICTIONARY
360
2BEE
102
}
102
{ACAD_REACTORS
330
90F
102
}
330
90F
100
AcDbVisualStyle
  2

 70
    22
 71
     2
 72
     2
 73
     0
 90
        0
 40
-0.6
 41
-30.0
 62
     5
 63
     7
 74
     1
 91
        4
 64
     7
 65
   257
 75
     1
175
     1
 42
1.0
 92
        8
 66
     7
 43
1.0
 76
     1
 77
     6
 78
     2
 67
     7
 79
     5
170
     0
171
     0
290
     0
174
     0
 93
        1
 44
0.0
173
     0
291
     1
 45
0.0
1001
ACAD
1000
AcDbSavedByObjectVersion
1070
     0
  0
VISUALSTYLE
  5
91E
102
{ACAD_XDICTIONARY
360
2BDC
102
}
102
{ACAD_REACTORS
330
90F
102
}
330
90F
100
AcDbVisualStyle
  2

 70
    15
 71
     2
 72
     2
 73
     0
 90
        0
 40
-0.6
 41
-30.0
 62
     5
 63
     7
 74
     1
 91
        4
 64
     7
 65
   257
 75
     1
175
     1
 42
1.0
 92
        8
 66
     7
 43
1.0
 76
     1
 77
     6
 78
     2
 67
     7
 79
     5
170
     0
171
     0
290
     0
174
     0
 93
        1
 44
0.0
173
     0
291
     1
 45
0.0
1001
ACAD
1000
AcDbSavedByObjectVersion
1070
     0
  0
VISUALSTYLE
  5
910
102
{ACAD_XDICTIONARY
360
2BC0
102
}
102
{ACAD_REACTORS
330
90F
102
}
330
90F
100
AcDbVisualStyle
  2

 70
     0
 71
     2
 72
     1
 73
     1
 90
        2
 40
-0.6
 41
30.0
 62
     5
 63
     7
 74
     0
 91
        0
 64
     7
 65
   257
 75
     1
175
     1
 42
1.0
 92
        8
 66
     7
 43
1.0
 76
     1
 77
     6
 78
     2
 67
     7
 79
     5
170
     0
171
     0
290
     0
174
     0
 93
       13
 44
0.0
173
     0
291
     1
 45
0.0
1001
ACAD
1000
AcDbSavedByObjectVersion
1070
     0
  0
VISUALSTYLE
  5
911
102
{ACAD_XDICTIONARY
360
2BC2
102
}
102
{ACAD_REACTORS
330
90F
102
}
330
90F
100
AcDbVisualStyle
  2

 70
     1
 71
     2
 72
     1
 73
     1
 90
        2
 40
-0.6
 41
30.0
 62
     5
 63
     7
 74
     1
 91
        0
 64
     7
 65
   257
 75
     1
175
     1
 42
1.0
 92
        0
 66
   257
 43
1.0
 76
     1
 77
     6
 78
     2
 67
     7
 79
     5
170
     0
171
     0
290
     0
174
     0
 93
       13
 44
0.0
173
     0
291
     1
 45
0.0
1001
ACAD
1000
AcDbSavedByObjectVersion
1070
     0
  0
VISUALSTYLE
  5
912
102
{ACAD_XDICTIONARY
360
2BC4
102
}
102
{ACAD_REACTORS
330
90F
102
}
330
90F
100
AcDbVisualStyle
  2

 70
     2
 71
     2
 72
     2
 73
     1
 90
        2
 40
-0.6
 41
30.0
 62
     5
 63
     7
 74
     0
 91
        0
 64
     7
 65
   257
 75
     1
175
     1
 42
1.0
 92
        0
 66
     7
 43
1.0
 76
     1
 77
     6
 78
     2
 67
     7
 79
     5
170
     0
171
     0
290
     0
174
     0
 93
       13
 44
0.0
173
     0
291
     1
 45
0.0
1001
ACAD
1000
AcDbSavedByObjectVersion
1070
     0
  0
VISUALSTYLE
  5
913
102
{ACAD_XDICTIONARY
360
2BC6
102
}
102
{ACAD_REACTORS
330
90F
102
}
330
90F
100
AcDbVisualStyle
  2

 70
     3
 71
     2
 72
     2
 73
     1
 90
        2
 40
-0.6
 41
30.0
 62
     5
 63
     7
 74
     1
 91
        0
 64
     7
 65
   257
 75
     1
175
     1
 42
1.0
 92
        0
 66
   257
 43
1.0
 76
     1
 77
     6
 78
     2
 67
     7
 79
     5
170
     0
171
     0
290
     0
174
     0
 93
       13
 44
0.0
173
     0
291
     1
 45
0.0
1001
ACAD
1000
AcDbSavedByObjectVersion
1070
     0
  0
VISUALSTYLE
  5
917
102
{ACAD_XDICTIONARY
360
2BCE
102
}
102
{ACAD_REACTORS
330
90F
102
}
330
90F
100
AcDbVisualStyle
  2

 70
     6
 71
     1
 72
     2
 73
     2
 90
        0
 40
-0.6
 41
-30.0
 62
     5
 63
     7
 74
     2
 91
        2
 64
     7
 65
   257
 75
     2
175
     1
 42
40.0
 92
        0
 66
   257
 43
1.0
 76
     1
 77
     6
 78
     2
 67
     7
 79
     3
170
     0
171
     0
290
     0
174
     0
 93
        1
 44
0.0
173
     0
291
     0
 45
0.0
1001
ACAD
1000
AcDbSavedByObjectVersion
1070
     0
  0
VISUALSTYLE
  5
925
102
{ACAD_XDICTIONARY
360
2BEA
102
}
102
{ACAD_REACTORS
330
90F
102
}
330
90F
100
AcDbVisualStyle
  2

 70
    20
 71
     2
 72
     2
 73
     0
 90
        0
 40
-0.6
 41
-30.0
 62
     5
 63
     7
 74
     1
 91
        4
 64
     7
 65
   257
 75
     1
175
     1
 42
1.0
 92
       10
 66
     7
 43
1.0
 76
     1
 77
     6
 78
     2
 67
     7
 79
     5
170
     0
171
     0
290
     0
174
     0
 93
        1
 44
0.0
173
     0
291
     1
 45
0.0
1001
ACAD
1000
AcDbSavedByObjectVersion
1070
     0
  0
VISUALSTYLE
  5
91D
102
{ACAD_XDICTIONARY
360
2BDA
102
}
102
{ACAD_REACTORS
330
90F
102
}
330
90F
100
AcDbVisualStyle
  2

 70
    14
 71
     2
 72
     2
 73
     0
 90
        0
 40
-0.6
 41
-30.0
 62
     5
 63
     7
 74
     1
 91
        4
 64
     7
 65
   257
 75
     7
175
     7
 42
1.0
 92
        8
 66
     7
 43
1.0
 76
     1
 77
     6
 78
     2
 67
     7
 79
     5
170
     0
171
     0
290
     0
174
     0
 93
        1
 44
0.0
173
     0
291
     1
 45
0.0
1001
ACAD
1000
AcDbSavedByObjectVersion
1070
     0
  0
VISUALSTYLE
  5
926
102
{ACAD_XDICTIONARY
360
2BEC
102
}
102
{ACAD_REACTORS
330
90F
102
}
330
90F
100
AcDbVisualStyle
  2

 70
    21
 71
     2
 72
     2
 73
     0
 90
        0
 40
-0.6
 41
-30.0
 62
     5
 63
     7
 74
     1
 91
        4
 64
     7
 65
   257
 75
     1
175
     1
 42
1.0
 92
        9
 66
     7
 43
1.0
 76
     1
 77
     6
 78
     2
 67
     7
 79
     5
170
     0
171
     0
290
     0
174
     0
 93
        1
 44
0.0
173
     0
291
     1
 45
0.0
1001
ACAD
1000
AcDbSavedByObjectVersion
1070
     0
  0
VISUALSTYLE
  5
919
102
{ACAD_XDICTIONARY
360
2BD2
102
}
102
{ACAD_REACTORS
330
90F
102
}
330
90F
100
AcDbVisualStyle
  2

 70
     8
 71
     2
 72
     2
 73
     0
 90
        2
 40
-0.6
 41
30.0
 62
     5
 63
     7
 74
     0
 91
        0
 64
     7
 65
   257
 75
     1
175
     1
 42
1.0
 92
        8
 66
   257
 43
1.0
 76
     1
 77
     6
 78
     2
 67
     7
 79
     3
170
     0
171
     0
290
     0
174
     0
 93
       13
 44
0.0
173
     0
291
     0
 45
0.0
1001
ACAD
1000
AcDbSavedByObjectVersion
1070
     0
  0
VISUALSTYLE
  5
924
102
{ACAD_XDICTIONARY
360
2BE8
102
}
102
{ACAD_REACTORS
330
90F
102
}
330
90F
100
AcDbVisualStyle
  2

 70
    27
 71
     2
 72
     2
 73
     1
 90
        2
 40
-0.6
 41
30.0
 62
     5
 63
     7
 74
     0
 91
        4
 64
     7
 65
   257
 75
     1
175
     1
 42
1.0
 92
        8
 66
   257
 43
1.0
 76
     1
 77
     6
 78
     2
 67
     8
 79
     3
170
     0
171
     0
290
     0
174
     0
 93
        5
 44
0.0
173
     0
291
     0
 45
0.0
1001
ACAD
1000
AcDbSavedByObjectVersion
1070
     0
  0
VISUALSTYLE
  5
923
102
{ACAD_XDICTIONARY
360
2BE6
102
}
102
{ACAD_REACTORS
330
90F
102
}
330
90F
100
AcDbVisualStyle
  2

 70
    26
 71
     2
 72
     2
 73
     1
 90
        2
 40
-0.6
 41
30.0
 62
     5
 63
     7
 74
     1
 91
        2
 64
     7
 65
   257
 75
     2
175
     1
 42
1.0
 92
        8
 66
   257
 43
1.0
 76
     1
 77
     6
 78
     2
 67
     7
 79
     3
170
     0
171
     0
290
     0
174
     0
 93
        5
 44
0.0
173
     0
291
     0
 45
0.0
1001
ACAD
1000
AcDbSavedByObjectVersion
1070
     0
  0
VISUALSTYLE
  5
920
102
{ACAD_XDICTIONARY
360
2BE0
102
}
102
{ACAD_REACTORS
330
90F
102
}
330
90F
100
AcDbVisualStyle
  2

 70
    23
 71
     2
 72
     2
 73
     3
 90
        0
 40
-0.6
 41
-30.0
 62
     5
 63
     7
 74
     2
 91
        2
 64
     7
 65
     7
 75
     1
175
     1
 42
40.0
 92
        8
 66
     7
 43
1.0
 76
     1
 77
     6
 78
     2
 67
     7
 79
     3
170
     0
171
     0
290
     0
174
     0
 93
        1
 44
0.0
173
     0
291
     0
 45
0.0
1001
ACAD
1000
AcDbSavedByObjectVersion
1070
     0
  0
VISUALSTYLE
  5
921
102
{ACAD_XDICTIONARY
360
2BE2
102
}
102
{ACAD_REACTORS
330
90F
102
}
330
90F
100
AcDbVisualStyle
  2

 70
    24
 71
     1
 72
     2
 73
     2
 90
        0
 40
-0.6
 41
-30.0
 62
     5
 63
     7
 74
     2
 91
        2
 64
     7
 65
     7
 75
     1
175
     1
 42
40.0
 92
       11
 66
     7
 43
1.0
 76
     1
 77
     6
 78
     2
 67
     7
 79
     6
170
     0
171
     0
290
     0
174
     0
 93
        1
 44
0.0
173
     0
291
     0
 45
0.0
1001
ACAD
1000
AcDbSavedByObjectVersion
1070
     0
  0
VISUALSTYLE
  5
91C
102
{ACAD_XDICTIONARY
360
2BD8
102
}
102
{ACAD_REACTORS
330
90F
102
}
330
90F
100
AcDbVisualStyle
  2

 70
    13
 71
     2
 72
     2
 73
     0
 90
        0
 40
-0.6
 41
-30.0
 62
     5
 63
     7
 74
     1
 91
        4
 64
     7
 65
   257
 75
     1
175
     1
 42
1.0
 92
       12
 66
     7
 43
1.0
 76
     1
 77
     6
 78
     2
 67
     7
 79
     5
170
     0
171
     0
290
     0
174
     0
 93
        1
 44
0.0
173
     0
291
     1
 45
0.0
1001
ACAD
1000
AcDbSavedByObjectVersion
1070
     0
  0
VISUALSTYLE
  5
916
102
{ACAD_XDICTIONARY
360
2BCC
102
}
102
{ACAD_REACTORS
330
90F
102
}
330
90F
100
AcDbVisualStyle
  2

 70
     5
 71
     0
 72
     2
 73
     0
 90
        0
 40
-0.6
 41
-30.0
 62
     5
 63
     7
 74
     1
 91
        4
 64
     7
 65
   257
 75
     1
175
     1
 42
1.0
 92
        0
 66
   257
 43
1.0
 76
     1
 77
     6
 78
     2
 67
     7
 79
     3
170
     0
171
     0
290
     0
174
     0
 93
        1
 44
0.0
173
     0
291
     0
 45
0.0
1001
ACAD
1000
AcDbSavedByObjectVersion
1070
     0
  0
VISUALSTYLE
  5
922
102
{ACAD_XDICTIONARY
360
2BE4
102
}
102
{ACAD_REACTORS
330
90F
102
}
330
90F
100
AcDbVisualStyle
  2

 70
    25
 71
     2
 72
     2
 73
     1
 90
        1
 40
0.5
 41
-30.0
 62
     5
 63
     7
 74
     1
 91
        0
 64
     7
 65
   257
 75
     1
175
     1
 42
1.0
 92
        8
 66
     7
 43
1.0
 76
     1
 77
     6
 78
     2
 67
     7
 79
     3
170
     0
171
     0
290
     0
174
     0
 93
       13
 44
0.0
173
     0
291
     0
 45
0.0
1001
ACAD
1000
AcDbSavedByObjectVersion
1070
     0
  0
DICTIONARYVAR
  5
E6A
102
{ACAD_REACTORS
330
939
102
}
330
939
100
DictionaryVariables
280
     0
  1
1:1
  0
DICTIONARYVAR
  5
E67
102
{ACAD_REACTORS
330
939
102
}
330
939
100
DictionaryVariables
280
     0
  1
STANDARD
  0
DICTIONARYVAR
  5
E66
102
{ACAD_REACTORS
330
939
102
}
330
939
100
DictionaryVariables
280
     0
  1
STANDARD
  0
DICTIONARYVAR
  5
E68
102
{ACAD_REACTORS
330
939
102
}
330
939
100
DictionaryVariables
280
     0
  1
Metric50
  0
DICTIONARYVAR
  5
E69
102
{ACAD_REACTORS
330
939
102
}
330
939
100
DictionaryVariables
280
     0
  1
Metric50
  0
DICTIONARYVAR
  5
E6D
102
{ACAD_REACTORS
330
939
102
}
330
939
100
DictionaryVariables
280
     0
  1
1
  0
DICTIONARYVAR
  5
E6C
102
{ACAD_REACTORS
330
939
102
}
330
939
100
DictionaryVariables
280
     0
  1
0
  0
DICTIONARYVAR
  5
1999
102
{ACAD_REACTORS
330
939
102
}
330
939
100
DictionaryVariables
280
     0
  1
1
  0
DICTIONARYVAR
  5
199A
102
{ACAD_REACTORS
330
939
102
}
330
939
100
DictionaryVariables
280
     0
  1
15
  0
DICTIONARYVAR
  5
1998
102
{ACAD_REACTORS
330
939
102
}
330
939
100
DictionaryVariables
280
     0
  1
0
  0
DICTIONARYVAR
  5
1997
102
{ACAD_REACTORS
330
939
102
}
330
939
100
DictionaryVariables
280
     0
  1
0
  0
DICTIONARYVAR
  5
E6B
102
{ACAD_REACTORS
330
939
102
}
330
939
100
DictionaryVariables
280
     0
  1
127
  0
DICTIONARYVAR
  5
2B6D
102
{ACAD_REACTORS
330
939
102
}
330
939
100
DictionaryVariables
280
     0
  1
2
  0
XRECORD
  5
2BF8
102
{ACAD_REACTORS
330
2BF7
102
}
330
2BF7
100
AcDbXrecord
280
     1
1070
     0
1070
     1
1070
     1
  0
DICTIONARY
  5
2BF5
330
930
100
AcDbDictionary
280
     1
281
     1
  3
ACAD_XREC_ROUNDTRIP
360
2BF6
  0
DICTIONARY
  5
2BB7
330
1E
100
AcDbDictionary
280
     1
281
     1
  3
ACAD_XREC_ROUNDTRIP
360
2BB8
  0
DICTIONARY
  5
2BBB
330
26
100
AcDbDictionary
280
     1
281
     1
  3
ACAD_XREC_ROUNDTRIP
360
2BBC
  0
DICTIONARY
  5
2BB9
330
22
100
AcDbDictionary
280
     1
281
     1
  3
ACAD_XREC_ROUNDTRIP
360
2BBA
  0
DICTIONARY
  5
900
330
8FF
100
AcDbDictionary
280
     1
281
     1
  3
ACAD_XREC_ROUNDTRIP
360
1B52
  3
BUMPTILE
360
902
  3
DIFFUSETILE
360
901
  3
OPACITYTILE
360
905
  3
REFLECTIONTILE
360
904
  3
REFRACTIONTILE
360
906
  3
SPECULARTILE
360
903
  0
DICTIONARY
  5
8F8
330
8F7
100
AcDbDictionary
280
     1
281
     1
  3
ACAD_XREC_ROUNDTRIP
360
1B51
  3
BUMPTILE
360
8FA
  3
DIFFUSETILE
360
8F9
  3
OPACITYTILE
360
8FD
  3
REFLECTIONTILE
360
8FC
  3
REFRACTIONTILE
360
8FE
  3
SPECULARTILE
360
8FB
  0
DICTIONARY
  5
908
330
907
100
AcDbDictionary
280
     1
281
     1
  3
ACAD_XREC_ROUNDTRIP
360
1B53
  3
BUMPTILE
360
90A
  3
DIFFUSETILE
360
909
  3
OPACITYTILE
360
90D
  3
REFLECTIONTILE
360
90C
  3
REFRACTIONTILE
360
90E
  3
SPECULARTILE
360
90B
  0
DICTIONARY
  5
2BF1
330
92C
100
AcDbDictionary
280
     1
281
     1
  3
ACAD_XREC_ROUNDTRIP
360
2BF2
  0
DICTIONARY
  5
2BF3
330
92E
100
AcDbDictionary
280
     1
281
     1
  3
ACAD_XREC_ROUNDTRIP
360
2BF4
  0
DICTIONARY
  5
E70
330
92A
100
AcDbDictionary
280
     1
281
     1
  3
ACAD_ROUNDTRIP_2008_TABLESTYLE_CELLSTYLEMAP
360
2BB4
  3
ACAD_XREC_ROUNDTRIP
360
2BF0
  0
DICTIONARY
  5
2BCA
330
915
100
AcDbDictionary
280
     1
281
     1
  3
ACAD_XREC_ROUNDTRIP
360
2BCB
  0
DICTIONARY
  5
2BC8
330
914
100
AcDbDictionary
280
     1
281
     1
  3
ACAD_XREC_ROUNDTRIP
360
2BC9
  0
DICTIONARY
  5
2BD6
330
91B
100
AcDbDictionary
280
     1
281
     1
  3
ACAD_XREC_ROUNDTRIP
360
2BD7
  0
DICTIONARY
  5
2BDE
330
91F
100
AcDbDictionary
280
     1
281
     1
  3
ACAD_XREC_ROUNDTRIP
360
2BDF
  0
DICTIONARY
  5
2BD0
330
918
100
AcDbDictionary
280
     1
281
     1
  3
ACAD_XREC_ROUNDTRIP
360
2BD1
  0
DICTIONARY
  5
2BD4
330
91A
100
AcDbDictionary
280
     1
281
     1
  3
ACAD_XREC_ROUNDTRIP
360
2BD5
  0
DICTIONARY
  5
2BEE
330
927
100
AcDbDictionary
280
     1
281
     1
  3
ACAD_XREC_ROUNDTRIP
360
2BEF
  0
DICTIONARY
  5
2BDC
330
91E
100
AcDbDictionary
280
     1
281
     1
  3
ACAD_XREC_ROUNDTRIP
360
2BDD
  0
DICTIONARY
  5
2BC0
330
910
100
AcDbDictionary
280
     1
281
     1
  3
ACAD_XREC_ROUNDTRIP
360
2BC1
  0
DICTIONARY
  5
2BC2
330
911
100
AcDbDictionary
280
     1
281
     1
  3
ACAD_XREC_ROUNDTRIP
360
2BC3
  0
DICTIONARY
  5
2BC4
330
912
100
AcDbDictionary
280
     1
281
     1
  3
ACAD_XREC_ROUNDTRIP
360
2BC5
  0
DICTIONARY
  5
2BC6
330
913
100
AcDbDictionary
280
     1
281
     1
  3
ACAD_XREC_ROUNDTRIP
360
2BC7
  0
DICTIONARY
  5
2BCE
330
917
100
AcDbDictionary
280
     1
281
     1
  3
ACAD_XREC_ROUNDTRIP
360
2BCF
  0
DICTIONARY
  5
2BEA
330
925
100
AcDbDictionary
280
     1
281
     1
  3
ACAD_XREC_ROUNDTRIP
360
2BEB
  0
DICTIONARY
  5
2BDA
330
91D
100
AcDbDictionary
280
     1
281
     1
  3
ACAD_XREC_ROUNDTRIP
360
2BDB
  0
DICTIONARY
  5
2BEC
330
926
100
AcDbDictionary
280
     1
281
     1
  3
ACAD_XREC_ROUNDTRIP
360
2BED
  0
DICTIONARY
  5
2BD2
330
919
100
AcDbDictionary
280
     1
281
     1
  3
ACAD_XREC_ROUNDTRIP
360
2BD3
  0
DICTIONARY
  5
2BE8
330
924
100
AcDbDictionary
280
     1
281
     1
  3
ACAD_XREC_ROUNDTRIP
360
2BE9
  0
DICTIONARY
  5
2BE6
330
923
100
AcDbDictionary
280
     1
281
     1
  3
ACAD_XREC_ROUNDTRIP
360
2BE7
  0
DICTIONARY
  5
2BE0
330
920
100
AcDbDictionary
280
     1
281
     1
  3
ACAD_XREC_ROUNDTRIP
360
2BE1
  0
DICTIONARY
  5
2BE2
330
921
100
AcDbDictionary
280
     1
281
     1
  3
ACAD_XREC_ROUNDTRIP
360
2BE3
  0
DICTIONARY
  5
2BD8
330
91C
100
AcDbDictionary
280
     1
281
     1
  3
ACAD_XREC_ROUNDTRIP
360
2BD9
  0
DICTIONARY
  5
2BCC
330
916
100
AcDbDictionary
280
     1
281
     1
  3
ACAD_XREC_ROUNDTRIP
360
2BCD
  0
DICTIONARY
  5
2BE4
330
922
100
AcDbDictionary
280
     1
281
     1
  3
ACAD_XREC_ROUNDTRIP
360
2BE5
  0
XRECORD
  5
2BF6
102
{ACAD_REACTORS
330
2BF5
102
}
330
2BF5
100
AcDbXrecord
280
     1
102
DISPLAYNAME
  1
Metric50
102
FLAGS
 90
        0
  0
XRECORD
  5
2BB8
102
{ACAD_REACTORS
330
2BB7
102
}
330
2BB7
100
AcDbXrecord
280
     1
102
SHADEPLOT
 70
     0
102
SHADEPLOTRESLEVEL
 70
     2
102
SHADEPLOTCUSTOMDPI
 70
   300
  0
XRECORD
  5
2BBC
102
{ACAD_REACTORS
330
2BBB
102
}
330
2BBB
100
AcDbXrecord
280
     1
102
SHADEPLOT
 70
     0
102
SHADEPLOTRESLEVEL
 70
     2
102
SHADEPLOTCUSTOMDPI
 70
   300
  0
XRECORD
  5
2BBA
102
{ACAD_REACTORS
330
2BB9
102
}
330
2BB9
100
AcDbXrecord
280
     1
102
SHADEPLOT
 70
     0
102
SHADEPLOTRESLEVEL
 70
     2
102
SHADEPLOTCUSTOMDPI
 70
   300
  0
XRECORD
  5
1B52
102
{ACAD_REACTORS
330
900
102
}
330
900
100
AcDbXrecord
280
     1
102
MATERIAL
148
0.0
149
0.0
149
0.0
 93
        0
 94
      127
282
     0
 72
     0
 77
     0
171
     0
175
     0
179
     0
273
     0
  0
XRECORD
  5
902
102
{ACAD_REACTORS
330
900
102
}
330
900
100
AcDbXrecord
280
     1
270
     1
271
     1
  0
XRECORD
  5
901
102
{ACAD_REACTORS
330
900
102
}
330
900
100
AcDbXrecord
280
     1
270
     1
271
     1
  0
XRECORD
  5
905
102
{ACAD_REACTORS
330
900
102
}
330
900
100
AcDbXrecord
280
     1
270
     1
271
     1
  0
XRECORD
  5
904
102
{ACAD_REACTORS
330
900
102
}
330
900
100
AcDbXrecord
280
     1
270
     1
271
     1
  0
XRECORD
  5
906
102
{ACAD_REACTORS
330
900
102
}
330
900
100
AcDbXrecord
280
     1
270
     1
271
     1
  0
XRECORD
  5
903
102
{ACAD_REACTORS
330
900
102
}
330
900
100
AcDbXrecord
280
     1
270
     1
271
     1
  0
XRECORD
  5
1B51
102
{ACAD_REACTORS
330
8F8
102
}
330
8F8
100
AcDbXrecord
280
     1
102
MATERIAL
148
0.0
149
0.0
149
0.0
 93
        0
 94
      127
282
     0
 72
     0
 77
     0
171
     0
175
     0
179
     0
273
     0
  0
XRECORD
  5
8FA
102
{ACAD_REACTORS
330
8F8
102
}
330
8F8
100
AcDbXrecord
280
     1
270
     1
271
     1
  0
XRECORD
  5
8F9
102
{ACAD_REACTORS
330
8F8
102
}
330
8F8
100
AcDbXrecord
280
     1
270
     1
271
     1
  0
XRECORD
  5
8FD
102
{ACAD_REACTORS
330
8F8
102
}
330
8F8
100
AcDbXrecord
280
     1
270
     1
271
     1
  0
XRECORD
  5
8FC
102
{ACAD_REACTORS
330
8F8
102
}
330
8F8
100
AcDbXrecord
280
     1
270
     1
271
     1
  0
XRECORD
  5
8FE
102
{ACAD_REACTORS
330
8F8
102
}
330
8F8
100
AcDbXrecord
280
     1
270
     1
271
     1
  0
XRECORD
  5
8FB
102
{ACAD_REACTORS
330
8F8
102
}
330
8F8
100
AcDbXrecord
280
     1
270
     1
271
     1
  0
XRECORD
  5
1B53
102
{ACAD_REACTORS
330
908
102
}
330
908
100
AcDbXrecord
280
     1
102
MATERIAL
148
0.0
149
0.0
149
0.0
 93
        0
 94
      127
282
     0
 72
     0
 77
     0
171
     0
175
     0
179
     0
273
     0
  0
XRECORD
  5
90A
102
{ACAD_REACTORS
330
908
102
}
330
908
100
AcDbXrecord
280
     1
270
     1
271
     1
  0
XRECORD
  5
909
102
{ACAD_REACTORS
330
908
102
}
330
908
100
AcDbXrecord
280
     1
270
     1
271
     1
  0
XRECORD
  5
90D
102
{ACAD_REACTORS
330
908
102
}
330
908
100
AcDbXrecord
280
     1
270
     1
271
     1
  0
XRECORD
  5
90C
102
{ACAD_REACTORS
330
908
102
}
330
908
100
AcDbXrecord
280
     1
270
     1
271
     1
  0
XRECORD
  5
90E
102
{ACAD_REACTORS
330
908
102
}
330
908
100
AcDbXrecord
280
     1
270
     1
271
     1
  0
XRECORD
  5
90B
102
{ACAD_REACTORS
330
908
102
}
330
908
100
AcDbXrecord
280
     1
270
     1
271
     1
  0
XRECORD
  5
2BF2
102
{ACAD_REACTORS
330
2BF1
102
}
330
2BF1
100
AcDbXrecord
280
     1
102
ACAD_ROUNDTRIP_2012_MLEADER_STYLE
298
     1
  0
XRECORD
  5
2BF4
102
{ACAD_REACTORS
330
2BF3
102
}
330
2BF3
100
AcDbXrecord
280
     1
102
DISPLAYNAME
  1
Metric50
102
FLAGS
 90
        0
  0
CELLSTYLEMAP
  5
2BB4
102
{ACAD_REACTORS
330
E70
102
}
330
E70
100
AcDbCellStyleMap
 90
        3
300
CELLSTYLE
  1
TABLEFORMAT_BEGIN
 90
        5
170
     1
 91
        0
 92
    32768
 62
   257
 93
        1
300
CONTENTFORMAT
  1
CONTENTFORMAT_BEGIN
 90
        0
 91
        0
 92
      512
 93
        0
300

 40
0.0
140
1.0
 94
        5
 62
     0
340
11
144
6.0
309
CONTENTFORMAT_END
171
     1
301
MARGIN
  1
CELLMARGIN_BEGIN
 40
1.5
 40
1.5
 40
1.5
 40
1.5
 40
0.18
 40
0.18
309
CELLMARGIN_END
 94
        6
 95
        1
302
GRIDFORMAT
  1
GRIDFORMAT_BEGIN
 90
        0
 91
        1
 62
     0
 92
       -2
340
0
 93
        0
 40
1.125
309
GRIDFORMAT_END
 95
        2
302
GRIDFORMAT
  1
GRIDFORMAT_BEGIN
 90
        0
 91
        1
 62
     0
 92
       -2
340
0
 93
        0
 40
1.125
309
GRIDFORMAT_END
 95
        4
302
GRIDFORMAT
  1
GRIDFORMAT_BEGIN
 90
        0
 91
        1
 62
     0
 92
       -2
340
0
 93
        0
 40
1.125
309
GRIDFORMAT_END
 95
        8
302
GRIDFORMAT
  1
GRIDFORMAT_BEGIN
 90
        0
 91
        1
 62
     0
 92
       -2
340
0
 93
        0
 40
1.125
309
GRIDFORMAT_END
 95
       16
302
GRIDFORMAT
  1
GRIDFORMAT_BEGIN
 90
        0
 91
        1
 62
     0
 92
       -2
340
0
 93
        0
 40
1.125
309
GRIDFORMAT_END
 95
       32
302
GRIDFORMAT
  1
GRIDFORMAT_BEGIN
 90
        0
 91
        1
 62
     0
 92
       -2
340
0
 93
        0
 40
1.125
309
GRIDFORMAT_END
309
TABLEFORMAT_END
  1
CELLSTYLE_BEGIN
 90
        1
 91
        1
300
_TITLE
309
CELLSTYLE_END
300
CELLSTYLE
  1
TABLEFORMAT_BEGIN
 90
        5
170
     1
 91
        0
 92
        0
 62
   257
 93
        1
300
CONTENTFORMAT
  1
CONTENTFORMAT_BEGIN
 90
        0
 91
        0
 92
      512
 93
        0
300

 40
0.0
140
1.0
 94
        5
 62
     0
340
11
144
4.5
309
CONTENTFORMAT_END
171
     1
301
MARGIN
  1
CELLMARGIN_BEGIN
 40
1.5
 40
1.5
 40
1.5
 40
1.5
 40
0.18
 40
0.18
309
CELLMARGIN_END
 94
        6
 95
        1
302
GRIDFORMAT
  1
GRIDFORMAT_BEGIN
 90
        0
 91
        1
 62
     0
 92
       -2
340
0
 93
        0
 40
1.125
309
GRIDFORMAT_END
 95
        2
302
GRIDFORMAT
  1
GRIDFORMAT_BEGIN
 90
        0
 91
        1
 62
     0
 92
       -2
340
0
 93
        0
 40
1.125
309
GRIDFORMAT_END
 95
        4
302
GRIDFORMAT
  1
GRIDFORMAT_BEGIN
 90
        0
 91
        1
 62
     0
 92
       -2
340
0
 93
        0
 40
1.125
309
GRIDFORMAT_END
 95
        8
302
GRIDFORMAT
  1
GRIDFORMAT_BEGIN
 90
        0
 91
        1
 62
     0
 92
       -2
340
0
 93
        0
 40
1.125
309
GRIDFORMAT_END
 95
       16
302
GRIDFORMAT
  1
GRIDFORMAT_BEGIN
 90
        0
 91
        1
 62
     0
 92
       -2
340
0
 93
        0
 40
1.125
309
GRIDFORMAT_END
 95
       32
302
GRIDFORMAT
  1
GRIDFORMAT_BEGIN
 90
        0
 91
        1
 62
     0
 92
       -2
340
0
 93
        0
 40
1.125
309
GRIDFORMAT_END
309
TABLEFORMAT_END
  1
CELLSTYLE_BEGIN
 90
        2
 91
        1
300
_HEADER
309
CELLSTYLE_END
300
CELLSTYLE
  1
TABLEFORMAT_BEGIN
 90
        5
170
     1
 91
        0
 92
        0
 62
   257
 93
        1
300
CONTENTFORMAT
  1
CONTENTFORMAT_BEGIN
 90
        0
 91
        0
 92
      512
 93
        0
300

 40
0.0
140
1.0
 94
        2
 62
     0
340
11
144
4.5
309
CONTENTFORMAT_END
171
     1
301
MARGIN
  1
CELLMARGIN_BEGIN
 40
1.5
 40
1.5
 40
1.5
 40
1.5
 40
0.18
 40
0.18
309
CELLMARGIN_END
 94
        6
 95
        1
302
GRIDFORMAT
  1
GRIDFORMAT_BEGIN
 90
        0
 91
        1
 62
     0
 92
       -2
340
0
 93
        0
 40
1.125
309
GRIDFORMAT_END
 95
        2
302
GRIDFORMAT
  1
GRIDFORMAT_BEGIN
 90
        0
 91
        1
 62
     0
 92
       -2
340
0
 93
        0
 40
1.125
309
GRIDFORMAT_END
 95
        4
302
GRIDFORMAT
  1
GRIDFORMAT_BEGIN
 90
        0
 91
        1
 62
     0
 92
       -2
340
0
 93
        0
 40
1.125
309
GRIDFORMAT_END
 95
        8
302
GRIDFORMAT
  1
GRIDFORMAT_BEGIN
 90
        0
 91
        1
 62
     0
 92
       -2
340
0
 93
        0
 40
1.125
309
GRIDFORMAT_END
 95
       16
302
GRIDFORMAT
  1
GRIDFORMAT_BEGIN
 90
        0
 91
        1
 62
     0
 92
       -2
340
0
 93
        0
 40
1.125
309
GRIDFORMAT_END
 95
       32
302
GRIDFORMAT
  1
GRIDFORMAT_BEGIN
 90
        0
 91
        1
 62
     0
 92
       -2
340
0
 93
        0
 40
1.125
309
GRIDFORMAT_END
309
TABLEFORMAT_END
  1
CELLSTYLE_BEGIN
 90
        3
 91
        2
300
_DATA
309
CELLSTYLE_END
  0
XRECORD
  5
2BF0
102
{ACAD_REACTORS
330
E70
102
}
330
E70
100
AcDbXrecord
280
     1
102
ACAD_ROUNDTRIP_PRE2007_TABLESTYLE
 90
      512
 91
        0
  1

 92
      512
 93
        0
  2

 94
      512
 95
        0
  3

  0
XRECORD
  5
2BCB
102
{ACAD_REACTORS
330
2BCA
102
}
330
2BCA
100
AcDbXrecord
280
     1
102
RTVSPost2010Prop28
280
     1
102
RTVSPost2010PropOp28
 70
     1
102
RTVSPost2010Prop29
280
     1
102
RTVSPost2010PropOp29
 70
     1
102
RTVSPost2010Prop30
280
     0
102
RTVSPost2010PropOp30
 70
     1
102
RTVSPost2010Prop31
280
     0
102
RTVSPost2010PropOp31
 70
     1
102
RTVSPost2010Prop32
280
     0
102
RTVSPost2010PropOp32
 70
     1
102
RTVSPost2010Prop33
280
     0
102
RTVSPost2010PropOp33
 70
     1
102
RTVSPost2010Prop34
280
     0
102
RTVSPost2010PropOp34
 70
     1
102
RTVSPost2010Prop35
280
     0
102
RTVSPost2010PropOp35
 70
     1
102
RTVSPost2010Prop36
280
     0
102
RTVSPost2010PropOp36
 70
     1
102
RTVSPost2010Prop37
 90
       50
102
RTVSPost2010PropOp37
 70
     1
102
RTVSPost2010Prop38
140
0.0
102
RTVSPost2010PropOp38
 70
     1
102
RTVSPost2010Prop39
140
1.0
102
RTVSPost2010PropOp39
 70
     1
102
RTVSPost2010Prop40
 90
        0
102
RTVSPost2010PropOp40
 70
     1
102
RTVSPost2010Prop41ColorIndex
 90
       18
102
RTVSPost2010Prop41ColorRGB
 90
        0
102
RTVSPost2010PropOp41
 70
     1
102
RTVSPost2010Prop42
 90
       50
102
RTVSPost2010PropOp42
 70
     1
102
RTVSPost2010Prop43
 90
        3
102
RTVSPost2010PropOp43
 70
     1
102
RTVSPost2010Prop44ColorIndex
 90
        5
102
RTVSPost2010Prop44ColorRGB
 90
      255
102
RTVSPost2010PropOp44
 70
     1
102
RTVSPost2010Prop45
280
     0
102
RTVSPost2010PropOp45
 70
     1
102
RTVSPost2010Prop46
 90
       50
102
RTVSPost2010PropOp46
 70
     1
102
RTVSPost2010Prop47
 90
       50
102
RTVSPost2010PropOp47
 70
     1
102
RTVSPost2010Prop48
 90
       50
102
RTVSPost2010PropOp48
 70
     1
102
RTVSPost2010Prop49
280
     0
102
RTVSPost2010PropOp49
 70
     1
102
RTVSPost2010Prop50
 90
       50
102
RTVSPost2010PropOp50
 70
     1
102
RTVSPost2010Prop51ColorIndex
 90
      256
102
RTVSPost2010Prop51ColorRGB
 90
-16777216
102
RTVSPost2010PropOp51
 70
     0
102
RTVSPost2010Prop52
140
1.0
102
RTVSPost2010PropOp52
 70
     0
102
RTVSPost2010Prop53
 90
        2
102
RTVSPost2010PropOp53
 70
     1
102
RTVSPost2010Prop54
  1
strokes_ogs.tif
102
RTVSPost2010PropOp54
 70
     1
102
RTVSPost2010Prop55
280
     0
102
RTVSPost2010PropOp55
 70
     1
102
RTVSPost2010Prop56
140
1.0
102
RTVSPost2010PropOp56
 70
     1
102
RTVSPost2010Prop57
140
1.0
102
RTVSPost2010PropOp57
 70
     1
102
RTVSPropertyOp0
 70
     1
102
RTVSPropertyOp1
 70
     1
102
RTVSPropertyOp2
 70
     1
102
RTVSPropertyOp3
 70
     1
102
RTVSPropertyOp4
 70
     1
102
RTVSPropertyOp5
 70
     1
102
RTVSPropertyOp6
 70
     1
102
RTVSPropertyOp7
 70
     1
102
RTVSPropertyOp8
 70
     1
102
RTVSPropertyOp9
 70
     1
102
RTVSPropertyOp10
 70
     1
102
RTVSPropertyOp11
 70
     1
102
RTVSPropertyOp12
 70
     1
102
RTVSPropertyOp13
 70
     1
102
RTVSPropertyOp14
 70
     1
102
RTVSPropertyOp15
 70
     1
102
RTVSPropertyOp16
 70
     1
102
RTVSPropertyOp17
 70
     1
102
RTVSPropertyOp18
 70
     1
102
RTVSPropertyOp19
 70
     1
102
RTVSPropertyOp20
 70
     1
102
RTVSPropertyOp21
 70
     1
102
RTVSPropertyOp22
 70
     1
102
RTVSPropertyOp23
 70
     1
102
RTVSPropertyOp24
 70
     1
102
RTVSPropertyOp25
 70
     1
102
RTVSPropertyOp26
 70
     1
102
RTVSPropertyOp27
 70
     1
102
RTVSPropertyOp28
 70
     1
102
RTVSPropertyOp29
 70
     1
102
RTVSPropertyOp30
 70
     1
102
RTVSPropertyOp31
 70
     1
102
RTVSPropertyOp32
 70
     1
102
RTVSPropertyOp33
 70
     1
102
RTVSPropertyOp34
 70
     1
102
RTVSPropertyOp35
 70
     1
102
RTVSPropertyOp36
 70
     1
102
RTVSPropertyOp37
 70
     1
102
RTVSPropertyOp38
 70
     1
102
RTVSPropertyOp39
 70
     1
102
RTVSPropertyOp40
 70
     1
102
RTVSPropertyOp41
 70
     1
102
RTVSPropertyOp42
 70
     1
102
RTVSPropertyOp43
 70
     1
102
RTVSPropertyOp44
 70
     1
102
RTVSPropertyOp45
 70
     1
102
RTVSPropertyOp46
 70
     1
102
RTVSPropertyOp47
 70
     1
102
RTVSPropertyOp48
 70
     1
102
RTVSPropertyOp49
 70
     1
102
RTVSPropertyOp50
 70
     1
102
RTVSPropertyOp51
 70
     0
102
RTVSPropertyOp52
 70
     0
102
RTVSPropertyOp53
 70
     1
102
RTVSPropertyOp54
 70
     1
102
RTVSPropertyOp55
 70
     1
102
RTVSPropertyOp56
 70
     1
102
RTVSPropertyOp57
 70
     1
102
RTVSPropertyOp58
 70
     1
102
RTVSPropertyOp59
 70
     1
102
RTVSPropertyOp60
 70
     1
102
RTVSPropertyOp61
 70
     1
102
RTVSPropertyOp62
 70
     1
  0
XRECORD
  5
2BC9
102
{ACAD_REACTORS
330
2BC8
102
}
330
2BC8
100
AcDbXrecord
280
     1
102
RTVSPost2010Prop28
280
     0
102
RTVSPost2010PropOp28
 70
     1
102
RTVSPost2010Prop29
280
     1
102
RTVSPost2010PropOp29
 70
     1
102
RTVSPost2010Prop30
280
     1
102
RTVSPost2010PropOp30
 70
     1
102
RTVSPost2010Prop31
280
     0
102
RTVSPost2010PropOp31
 70
     1
102
RTVSPost2010Prop32
280
     0
102
RTVSPost2010PropOp32
 70
     1
102
RTVSPost2010Prop33
280
     0
102
RTVSPost2010PropOp33
 70
     1
102
RTVSPost2010Prop34
280
     0
102
RTVSPost2010PropOp34
 70
     1
102
RTVSPost2010Prop35
280
     0
102
RTVSPost2010PropOp35
 70
     1
102
RTVSPost2010Prop36
280
     0
102
RTVSPost2010PropOp36
 70
     1
102
RTVSPost2010Prop37
 90
       50
102
RTVSPost2010PropOp37
 70
     1
102
RTVSPost2010Prop38
140
0.0
102
RTVSPost2010PropOp38
 70
     1
102
RTVSPost2010Prop39
140
1.0
102
RTVSPost2010PropOp39
 70
     1
102
RTVSPost2010Prop40
 90
        0
102
RTVSPost2010PropOp40
 70
     1
102
RTVSPost2010Prop41ColorIndex
 90
       18
102
RTVSPost2010Prop41ColorRGB
 90
        0
102
RTVSPost2010PropOp41
 70
     1
102
RTVSPost2010Prop42
 90
       50
102
RTVSPost2010PropOp42
 70
     1
102
RTVSPost2010Prop43
 90
        3
102
RTVSPost2010PropOp43
 70
     1
102
RTVSPost2010Prop44ColorIndex
 90
        5
102
RTVSPost2010Prop44ColorRGB
 90
      255
102
RTVSPost2010PropOp44
 70
     1
102
RTVSPost2010Prop45
280
     0
102
RTVSPost2010PropOp45
 70
     1
102
RTVSPost2010Prop46
 90
       50
102
RTVSPost2010PropOp46
 70
     1
102
RTVSPost2010Prop47
 90
       50
102
RTVSPost2010PropOp47
 70
     1
102
RTVSPost2010Prop48
 90
       50
102
RTVSPost2010PropOp48
 70
     1
102
RTVSPost2010Prop49
280
     0
102
RTVSPost2010PropOp49
 70
     1
102
RTVSPost2010Prop50
 90
       50
102
RTVSPost2010PropOp50
 70
     1
102
RTVSPost2010Prop51ColorIndex
 90
      256
102
RTVSPost2010Prop51ColorRGB
 90
-16777216
102
RTVSPost2010PropOp51
 70
     0
102
RTVSPost2010Prop52
140
1.0
102
RTVSPost2010PropOp52
 70
     0
102
RTVSPost2010Prop53
 90
        2
102
RTVSPost2010PropOp53
 70
     1
102
RTVSPost2010Prop54
  1
strokes_ogs.tif
102
RTVSPost2010PropOp54
 70
     1
102
RTVSPost2010Prop55
280
     0
102
RTVSPost2010PropOp55
 70
     1
102
RTVSPost2010Prop56
140
1.0
102
RTVSPost2010PropOp56
 70
     1
102
RTVSPost2010Prop57
140
1.0
102
RTVSPost2010PropOp57
 70
     1
102
RTVSPropertyOp0
 70
     1
102
RTVSPropertyOp1
 70
     1
102
RTVSPropertyOp2
 70
     1
102
RTVSPropertyOp3
 70
     1
102
RTVSPropertyOp4
 70
     1
102
RTVSPropertyOp5
 70
     1
102
RTVSPropertyOp6
 70
     1
102
RTVSPropertyOp7
 70
     1
102
RTVSPropertyOp8
 70
     1
102
RTVSPropertyOp9
 70
     1
102
RTVSPropertyOp10
 70
     1
102
RTVSPropertyOp11
 70
     1
102
RTVSPropertyOp12
 70
     1
102
RTVSPropertyOp13
 70
     1
102
RTVSPropertyOp14
 70
     1
102
RTVSPropertyOp15
 70
     1
102
RTVSPropertyOp16
 70
     1
102
RTVSPropertyOp17
 70
     1
102
RTVSPropertyOp18
 70
     1
102
RTVSPropertyOp19
 70
     1
102
RTVSPropertyOp20
 70
     1
102
RTVSPropertyOp21
 70
     1
102
RTVSPropertyOp22
 70
     1
102
RTVSPropertyOp23
 70
     1
102
RTVSPropertyOp24
 70
     1
102
RTVSPropertyOp25
 70
     1
102
RTVSPropertyOp26
 70
     1
102
RTVSPropertyOp27
 70
     1
102
RTVSPropertyOp28
 70
     1
102
RTVSPropertyOp29
 70
     1
102
RTVSPropertyOp30
 70
     1
102
RTVSPropertyOp31
 70
     1
102
RTVSPropertyOp32
 70
     1
102
RTVSPropertyOp33
 70
     1
102
RTVSPropertyOp34
 70
     1
102
RTVSPropertyOp35
 70
     1
102
RTVSPropertyOp36
 70
     1
102
RTVSPropertyOp37
 70
     1
102
RTVSPropertyOp38
 70
     1
102
RTVSPropertyOp39
 70
     1
102
RTVSPropertyOp40
 70
     1
102
RTVSPropertyOp41
 70
     1
102
RTVSPropertyOp42
 70
     1
102
RTVSPropertyOp43
 70
     1
102
RTVSPropertyOp44
 70
     1
102
RTVSPropertyOp45
 70
     1
102
RTVSPropertyOp46
 70
     1
102
RTVSPropertyOp47
 70
     1
102
RTVSPropertyOp48
 70
     1
102
RTVSPropertyOp49
 70
     1
102
RTVSPropertyOp50
 70
     1
102
RTVSPropertyOp51
 70
     0
102
RTVSPropertyOp52
 70
     0
102
RTVSPropertyOp53
 70
     1
102
RTVSPropertyOp54
 70
     1
102
RTVSPropertyOp55
 70
     1
102
RTVSPropertyOp56
 70
     1
102
RTVSPropertyOp57
 70
     1
102
RTVSPropertyOp58
 70
     1
102
RTVSPropertyOp59
 70
     1
102
RTVSPropertyOp60
 70
     1
102
RTVSPropertyOp61
 70
     1
102
RTVSPropertyOp62
 70
     1
  0
XRECORD
  5
2BD7
102
{ACAD_REACTORS
330
2BD6
102
}
330
2BD6
100
AcDbXrecord
280
     1
102
RTVSPost2010Prop28
280
     0
102
RTVSPost2010PropOp28
 70
     1
102
RTVSPost2010Prop29
280
     1
102
RTVSPost2010PropOp29
 70
     1
102
RTVSPost2010Prop30
280
     1
102
RTVSPost2010PropOp30
 70
     1
102
RTVSPost2010Prop31
280
     0
102
RTVSPost2010PropOp31
 70
     1
102
RTVSPost2010Prop32
280
     0
102
RTVSPost2010PropOp32
 70
     1
102
RTVSPost2010Prop33
280
     0
102
RTVSPost2010PropOp33
 70
     1
102
RTVSPost2010Prop34
280
     0
102
RTVSPost2010PropOp34
 70
     1
102
RTVSPost2010Prop35
280
     0
102
RTVSPost2010PropOp35
 70
     1
102
RTVSPost2010Prop36
280
     0
102
RTVSPost2010PropOp36
 70
     1
102
RTVSPost2010Prop37
 90
       50
102
RTVSPost2010PropOp37
 70
     1
102
RTVSPost2010Prop38
140
0.0
102
RTVSPost2010PropOp38
 70
     1
102
RTVSPost2010Prop39
140
1.0
102
RTVSPost2010PropOp39
 70
     1
102
RTVSPost2010Prop40
 90
        0
102
RTVSPost2010PropOp40
 70
     1
102
RTVSPost2010Prop41ColorIndex
 90
       18
102
RTVSPost2010Prop41ColorRGB
 90
        0
102
RTVSPost2010PropOp41
 70
     1
102
RTVSPost2010Prop42
 90
       50
102
RTVSPost2010PropOp42
 70
     1
102
RTVSPost2010Prop43
 90
        3
102
RTVSPost2010PropOp43
 70
     1
102
RTVSPost2010Prop44ColorIndex
 90
        5
102
RTVSPost2010Prop44ColorRGB
 90
      255
102
RTVSPost2010PropOp44
 70
     1
102
RTVSPost2010Prop45
280
     0
102
RTVSPost2010PropOp45
 70
     1
102
RTVSPost2010Prop46
 90
       50
102
RTVSPost2010PropOp46
 70
     1
102
RTVSPost2010Prop47
 90
       50
102
RTVSPost2010PropOp47
 70
     1
102
RTVSPost2010Prop48
 90
       50
102
RTVSPost2010PropOp48
 70
     1
102
RTVSPost2010Prop49
280
     0
102
RTVSPost2010PropOp49
 70
     1
102
RTVSPost2010Prop50
 90
       50
102
RTVSPost2010PropOp50
 70
     1
102
RTVSPost2010Prop51ColorIndex
 90
      256
102
RTVSPost2010Prop51ColorRGB
 90
-16777216
102
RTVSPost2010PropOp51
 70
     0
102
RTVSPost2010Prop52
140
1.0
102
RTVSPost2010PropOp52
 70
     0
102
RTVSPost2010Prop53
 90
        2
102
RTVSPost2010PropOp53
 70
     1
102
RTVSPost2010Prop54
  1
strokes_ogs.tif
102
RTVSPost2010PropOp54
 70
     1
102
RTVSPost2010Prop55
280
     0
102
RTVSPost2010PropOp55
 70
     1
102
RTVSPost2010Prop56
140
1.0
102
RTVSPost2010PropOp56
 70
     1
102
RTVSPost2010Prop57
140
1.0
102
RTVSPost2010PropOp57
 70
     1
102
RTVSPropertyOp0
 70
     1
102
RTVSPropertyOp1
 70
     1
102
RTVSPropertyOp2
 70
     1
102
RTVSPropertyOp3
 70
     1
102
RTVSPropertyOp4
 70
     1
102
RTVSPropertyOp5
 70
     1
102
RTVSPropertyOp6
 70
     1
102
RTVSPropertyOp7
 70
     1
102
RTVSPropertyOp8
 70
     1
102
RTVSPropertyOp9
 70
     1
102
RTVSPropertyOp10
 70
     1
102
RTVSPropertyOp11
 70
     1
102
RTVSPropertyOp12
 70
     1
102
RTVSPropertyOp13
 70
     1
102
RTVSPropertyOp14
 70
     1
102
RTVSPropertyOp15
 70
     1
102
RTVSPropertyOp16
 70
     1
102
RTVSPropertyOp17
 70
     1
102
RTVSPropertyOp18
 70
     1
102
RTVSPropertyOp19
 70
     1
102
RTVSPropertyOp20
 70
     1
102
RTVSPropertyOp21
 70
     1
102
RTVSPropertyOp22
 70
     1
102
RTVSPropertyOp23
 70
     1
102
RTVSPropertyOp24
 70
     1
102
RTVSPropertyOp25
 70
     1
102
RTVSPropertyOp26
 70
     1
102
RTVSPropertyOp27
 70
     1
102
RTVSPropertyOp28
 70
     1
102
RTVSPropertyOp29
 70
     1
102
RTVSPropertyOp30
 70
     1
102
RTVSPropertyOp31
 70
     1
102
RTVSPropertyOp32
 70
     1
102
RTVSPropertyOp33
 70
     1
102
RTVSPropertyOp34
 70
     1
102
RTVSPropertyOp35
 70
     1
102
RTVSPropertyOp36
 70
     1
102
RTVSPropertyOp37
 70
     1
102
RTVSPropertyOp38
 70
     1
102
RTVSPropertyOp39
 70
     1
102
RTVSPropertyOp40
 70
     1
102
RTVSPropertyOp41
 70
     1
102
RTVSPropertyOp42
 70
     1
102
RTVSPropertyOp43
 70
     1
102
RTVSPropertyOp44
 70
     1
102
RTVSPropertyOp45
 70
     1
102
RTVSPropertyOp46
 70
     1
102
RTVSPropertyOp47
 70
     1
102
RTVSPropertyOp48
 70
     1
102
RTVSPropertyOp49
 70
     1
102
RTVSPropertyOp50
 70
     1
102
RTVSPropertyOp51
 70
     0
102
RTVSPropertyOp52
 70
     0
102
RTVSPropertyOp53
 70
     1
102
RTVSPropertyOp54
 70
     1
102
RTVSPropertyOp55
 70
     1
102
RTVSPropertyOp56
 70
     1
102
RTVSPropertyOp57
 70
     1
102
RTVSPropertyOp58
 70
     1
102
RTVSPropertyOp59
 70
     1
102
RTVSPropertyOp60
 70
     1
102
RTVSPropertyOp61
 70
     1
102
RTVSPropertyOp62
 70
     1
  0
XRECORD
  5
2BDF
102
{ACAD_REACTORS
330
2BDE
102
}
330
2BDE
100
AcDbXrecord
280
     1
102
RTVSPost2010Prop28
280
     0
102
RTVSPost2010PropOp28
 70
     1
102
RTVSPost2010Prop29
280
     1
102
RTVSPost2010PropOp29
 70
     1
102
RTVSPost2010Prop30
280
     1
102
RTVSPost2010PropOp30
 70
     1
102
RTVSPost2010Prop31
280
     0
102
RTVSPost2010PropOp31
 70
     1
102
RTVSPost2010Prop32
280
     0
102
RTVSPost2010PropOp32
 70
     1
102
RTVSPost2010Prop33
280
     0
102
RTVSPost2010PropOp33
 70
     1
102
RTVSPost2010Prop34
280
     0
102
RTVSPost2010PropOp34
 70
     1
102
RTVSPost2010Prop35
280
     0
102
RTVSPost2010PropOp35
 70
     1
102
RTVSPost2010Prop36
280
     0
102
RTVSPost2010PropOp36
 70
     1
102
RTVSPost2010Prop37
 90
       50
102
RTVSPost2010PropOp37
 70
     1
102
RTVSPost2010Prop38
140
0.0
102
RTVSPost2010PropOp38
 70
     1
102
RTVSPost2010Prop39
140
1.0
102
RTVSPost2010PropOp39
 70
     1
102
RTVSPost2010Prop40
 90
        0
102
RTVSPost2010PropOp40
 70
     1
102
RTVSPost2010Prop41ColorIndex
 90
       18
102
RTVSPost2010Prop41ColorRGB
 90
        0
102
RTVSPost2010PropOp41
 70
     1
102
RTVSPost2010Prop42
 90
       50
102
RTVSPost2010PropOp42
 70
     1
102
RTVSPost2010Prop43
 90
        3
102
RTVSPost2010PropOp43
 70
     1
102
RTVSPost2010Prop44ColorIndex
 90
        5
102
RTVSPost2010Prop44ColorRGB
 90
      255
102
RTVSPost2010PropOp44
 70
     1
102
RTVSPost2010Prop45
280
     0
102
RTVSPost2010PropOp45
 70
     1
102
RTVSPost2010Prop46
 90
       50
102
RTVSPost2010PropOp46
 70
     1
102
RTVSPost2010Prop47
 90
       50
102
RTVSPost2010PropOp47
 70
     1
102
RTVSPost2010Prop48
 90
       50
102
RTVSPost2010PropOp48
 70
     1
102
RTVSPost2010Prop49
280
     0
102
RTVSPost2010PropOp49
 70
     1
102
RTVSPost2010Prop50
 90
       50
102
RTVSPost2010PropOp50
 70
     1
102
RTVSPost2010Prop51ColorIndex
 90
      256
102
RTVSPost2010Prop51ColorRGB
 90
-16777216
102
RTVSPost2010PropOp51
 70
     0
102
RTVSPost2010Prop52
140
1.0
102
RTVSPost2010PropOp52
 70
     0
102
RTVSPost2010Prop53
 90
        2
102
RTVSPost2010PropOp53
 70
     1
102
RTVSPost2010Prop54
  1
strokes_ogs.tif
102
RTVSPost2010PropOp54
 70
     1
102
RTVSPost2010Prop55
280
     0
102
RTVSPost2010PropOp55
 70
     1
102
RTVSPost2010Prop56
140
1.0
102
RTVSPost2010PropOp56
 70
     1
102
RTVSPost2010Prop57
140
1.0
102
RTVSPost2010PropOp57
 70
     1
102
RTVSPropertyOp0
 70
     1
102
RTVSPropertyOp1
 70
     1
102
RTVSPropertyOp2
 70
     1
102
RTVSPropertyOp3
 70
     1
102
RTVSPropertyOp4
 70
     1
102
RTVSPropertyOp5
 70
     1
102
RTVSPropertyOp6
 70
     1
102
RTVSPropertyOp7
 70
     1
102
RTVSPropertyOp8
 70
     1
102
RTVSPropertyOp9
 70
     1
102
RTVSPropertyOp10
 70
     1
102
RTVSPropertyOp11
 70
     1
102
RTVSPropertyOp12
 70
     1
102
RTVSPropertyOp13
 70
     1
102
RTVSPropertyOp14
 70
     1
102
RTVSPropertyOp15
 70
     1
102
RTVSPropertyOp16
 70
     1
102
RTVSPropertyOp17
 70
     1
102
RTVSPropertyOp18
 70
     1
102
RTVSPropertyOp19
 70
     1
102
RTVSPropertyOp20
 70
     1
102
RTVSPropertyOp21
 70
     1
102
RTVSPropertyOp22
 70
     1
102
RTVSPropertyOp23
 70
     1
102
RTVSPropertyOp24
 70
     1
102
RTVSPropertyOp25
 70
     1
102
RTVSPropertyOp26
 70
     1
102
RTVSPropertyOp27
 70
     1
102
RTVSPropertyOp28
 70
     1
102
RTVSPropertyOp29
 70
     1
102
RTVSPropertyOp30
 70
     1
102
RTVSPropertyOp31
 70
     1
102
RTVSPropertyOp32
 70
     1
102
RTVSPropertyOp33
 70
     1
102
RTVSPropertyOp34
 70
     1
102
RTVSPropertyOp35
 70
     1
102
RTVSPropertyOp36
 70
     1
102
RTVSPropertyOp37
 70
     1
102
RTVSPropertyOp38
 70
     1
102
RTVSPropertyOp39
 70
     1
102
RTVSPropertyOp40
 70
     1
102
RTVSPropertyOp41
 70
     1
102
RTVSPropertyOp42
 70
     1
102
RTVSPropertyOp43
 70
     1
102
RTVSPropertyOp44
 70
     1
102
RTVSPropertyOp45
 70
     1
102
RTVSPropertyOp46
 70
     1
102
RTVSPropertyOp47
 70
     1
102
RTVSPropertyOp48
 70
     1
102
RTVSPropertyOp49
 70
     1
102
RTVSPropertyOp50
 70
     1
102
RTVSPropertyOp51
 70
     0
102
RTVSPropertyOp52
 70
     0
102
RTVSPropertyOp53
 70
     1
102
RTVSPropertyOp54
 70
     1
102
RTVSPropertyOp55
 70
     1
102
RTVSPropertyOp56
 70
     1
102
RTVSPropertyOp57
 70
     1
102
RTVSPropertyOp58
 70
     1
102
RTVSPropertyOp59
 70
     1
102
RTVSPropertyOp60
 70
     1
102
RTVSPropertyOp61
 70
     1
102
RTVSPropertyOp62
 70
     1
  0
XRECORD
  5
2BD1
102
{ACAD_REACTORS
330
2BD0
102
}
330
2BD0
100
AcDbXrecord
280
     1
102
RTVSPost2010Prop28
280
     0
102
RTVSPost2010PropOp28
 70
     1
102
RTVSPost2010Prop29
280
     1
102
RTVSPost2010PropOp29
 70
     1
102
RTVSPost2010Prop30
280
     1
102
RTVSPost2010PropOp30
 70
     1
102
RTVSPost2010Prop31
280
     0
102
RTVSPost2010PropOp31
 70
     1
102
RTVSPost2010Prop32
280
     0
102
RTVSPost2010PropOp32
 70
     1
102
RTVSPost2010Prop33
280
     0
102
RTVSPost2010PropOp33
 70
     1
102
RTVSPost2010Prop34
280
     0
102
RTVSPost2010PropOp34
 70
     1
102
RTVSPost2010Prop35
280
     0
102
RTVSPost2010PropOp35
 70
     1
102
RTVSPost2010Prop36
280
     0
102
RTVSPost2010PropOp36
 70
     1
102
RTVSPost2010Prop37
 90
       50
102
RTVSPost2010PropOp37
 70
     1
102
RTVSPost2010Prop38
140
0.0
102
RTVSPost2010PropOp38
 70
     1
102
RTVSPost2010Prop39
140
1.0
102
RTVSPost2010PropOp39
 70
     1
102
RTVSPost2010Prop40
 90
        0
102
RTVSPost2010PropOp40
 70
     1
102
RTVSPost2010Prop41ColorIndex
 90
       18
102
RTVSPost2010Prop41ColorRGB
 90
        0
102
RTVSPost2010PropOp41
 70
     1
102
RTVSPost2010Prop42
 90
       50
102
RTVSPost2010PropOp42
 70
     1
102
RTVSPost2010Prop43
 90
        3
102
RTVSPost2010PropOp43
 70
     1
102
RTVSPost2010Prop44ColorIndex
 90
        5
102
RTVSPost2010Prop44ColorRGB
 90
      255
102
RTVSPost2010PropOp44
 70
     1
102
RTVSPost2010Prop45
280
     0
102
RTVSPost2010PropOp45
 70
     1
102
RTVSPost2010Prop46
 90
       50
102
RTVSPost2010PropOp46
 70
     1
102
RTVSPost2010Prop47
 90
       50
102
RTVSPost2010PropOp47
 70
     1
102
RTVSPost2010Prop48
 90
       50
102
RTVSPost2010PropOp48
 70
     1
102
RTVSPost2010Prop49
280
     0
102
RTVSPost2010PropOp49
 70
     1
102
RTVSPost2010Prop50
 90
       50
102
RTVSPost2010PropOp50
 70
     1
102
RTVSPost2010Prop51ColorIndex
 90
      256
102
RTVSPost2010Prop51ColorRGB
 90
-16777216
102
RTVSPost2010PropOp51
 70
     0
102
RTVSPost2010Prop52
140
1.0
102
RTVSPost2010PropOp52
 70
     0
102
RTVSPost2010Prop53
 90
        2
102
RTVSPost2010PropOp53
 70
     1
102
RTVSPost2010Prop54
  1
strokes_ogs.tif
102
RTVSPost2010PropOp54
 70
     1
102
RTVSPost2010Prop55
280
     0
102
RTVSPost2010PropOp55
 70
     1
102
RTVSPost2010Prop56
140
1.0
102
RTVSPost2010PropOp56
 70
     1
102
RTVSPost2010Prop57
140
1.0
102
RTVSPost2010PropOp57
 70
     1
102
RTVSPropertyOp0
 70
     1
102
RTVSPropertyOp1
 70
     1
102
RTVSPropertyOp2
 70
     1
102
RTVSPropertyOp3
 70
     1
102
RTVSPropertyOp4
 70
     1
102
RTVSPropertyOp5
 70
     1
102
RTVSPropertyOp6
 70
     1
102
RTVSPropertyOp7
 70
     1
102
RTVSPropertyOp8
 70
     1
102
RTVSPropertyOp9
 70
     1
102
RTVSPropertyOp10
 70
     1
102
RTVSPropertyOp11
 70
     1
102
RTVSPropertyOp12
 70
     1
102
RTVSPropertyOp13
 70
     1
102
RTVSPropertyOp14
 70
     1
102
RTVSPropertyOp15
 70
     1
102
RTVSPropertyOp16
 70
     1
102
RTVSPropertyOp17
 70
     1
102
RTVSPropertyOp18
 70
     1
102
RTVSPropertyOp19
 70
     1
102
RTVSPropertyOp20
 70
     1
102
RTVSPropertyOp21
 70
     1
102
RTVSPropertyOp22
 70
     1
102
RTVSPropertyOp23
 70
     1
102
RTVSPropertyOp24
 70
     1
102
RTVSPropertyOp25
 70
     1
102
RTVSPropertyOp26
 70
     1
102
RTVSPropertyOp27
 70
     1
102
RTVSPropertyOp28
 70
     1
102
RTVSPropertyOp29
 70
     1
102
RTVSPropertyOp30
 70
     1
102
RTVSPropertyOp31
 70
     1
102
RTVSPropertyOp32
 70
     1
102
RTVSPropertyOp33
 70
     1
102
RTVSPropertyOp34
 70
     1
102
RTVSPropertyOp35
 70
     1
102
RTVSPropertyOp36
 70
     1
102
RTVSPropertyOp37
 70
     1
102
RTVSPropertyOp38
 70
     1
102
RTVSPropertyOp39
 70
     1
102
RTVSPropertyOp40
 70
     1
102
RTVSPropertyOp41
 70
     1
102
RTVSPropertyOp42
 70
     1
102
RTVSPropertyOp43
 70
     1
102
RTVSPropertyOp44
 70
     1
102
RTVSPropertyOp45
 70
     1
102
RTVSPropertyOp46
 70
     1
102
RTVSPropertyOp47
 70
     1
102
RTVSPropertyOp48
 70
     1
102
RTVSPropertyOp49
 70
     1
102
RTVSPropertyOp50
 70
     1
102
RTVSPropertyOp51
 70
     0
102
RTVSPropertyOp52
 70
     0
102
RTVSPropertyOp53
 70
     1
102
RTVSPropertyOp54
 70
     1
102
RTVSPropertyOp55
 70
     1
102
RTVSPropertyOp56
 70
     1
102
RTVSPropertyOp57
 70
     1
102
RTVSPropertyOp58
 70
     1
102
RTVSPropertyOp59
 70
     1
102
RTVSPropertyOp60
 70
     1
102
RTVSPropertyOp61
 70
     1
102
RTVSPropertyOp62
 70
     1
  0
XRECORD
  5
2BD5
102
{ACAD_REACTORS
330
2BD4
102
}
330
2BD4
100
AcDbXrecord
280
     1
102
RTVSPost2010Prop28
280
     0
102
RTVSPost2010PropOp28
 70
     1
102
RTVSPost2010Prop29
280
     1
102
RTVSPost2010PropOp29
 70
     1
102
RTVSPost2010Prop30
280
     1
102
RTVSPost2010PropOp30
 70
     1
102
RTVSPost2010Prop31
280
     0
102
RTVSPost2010PropOp31
 70
     1
102
RTVSPost2010Prop32
280
     0
102
RTVSPost2010PropOp32
 70
     1
102
RTVSPost2010Prop33
280
     0
102
RTVSPost2010PropOp33
 70
     1
102
RTVSPost2010Prop34
280
     0
102
RTVSPost2010PropOp34
 70
     1
102
RTVSPost2010Prop35
280
     0
102
RTVSPost2010PropOp35
 70
     1
102
RTVSPost2010Prop36
280
     0
102
RTVSPost2010PropOp36
 70
     1
102
RTVSPost2010Prop37
 90
       50
102
RTVSPost2010PropOp37
 70
     1
102
RTVSPost2010Prop38
140
0.0
102
RTVSPost2010PropOp38
 70
     1
102
RTVSPost2010Prop39
140
1.0
102
RTVSPost2010PropOp39
 70
     1
102
RTVSPost2010Prop40
 90
        0
102
RTVSPost2010PropOp40
 70
     1
102
RTVSPost2010Prop41ColorIndex
 90
       18
102
RTVSPost2010Prop41ColorRGB
 90
        0
102
RTVSPost2010PropOp41
 70
     1
102
RTVSPost2010Prop42
 90
       50
102
RTVSPost2010PropOp42
 70
     1
102
RTVSPost2010Prop43
 90
        3
102
RTVSPost2010PropOp43
 70
     1
102
RTVSPost2010Prop44ColorIndex
 90
        5
102
RTVSPost2010Prop44ColorRGB
 90
      255
102
RTVSPost2010PropOp44
 70
     1
102
RTVSPost2010Prop45
280
     0
102
RTVSPost2010PropOp45
 70
     1
102
RTVSPost2010Prop46
 90
       50
102
RTVSPost2010PropOp46
 70
     1
102
RTVSPost2010Prop47
 90
       50
102
RTVSPost2010PropOp47
 70
     1
102
RTVSPost2010Prop48
 90
       50
102
RTVSPost2010PropOp48
 70
     1
102
RTVSPost2010Prop49
280
     0
102
RTVSPost2010PropOp49
 70
     1
102
RTVSPost2010Prop50
 90
       50
102
RTVSPost2010PropOp50
 70
     1
102
RTVSPost2010Prop51ColorIndex
 90
      256
102
RTVSPost2010Prop51ColorRGB
 90
-16777216
102
RTVSPost2010PropOp51
 70
     0
102
RTVSPost2010Prop52
140
1.0
102
RTVSPost2010PropOp52
 70
     0
102
RTVSPost2010Prop53
 90
        2
102
RTVSPost2010PropOp53
 70
     1
102
RTVSPost2010Prop54
  1
strokes_ogs.tif
102
RTVSPost2010PropOp54
 70
     1
102
RTVSPost2010Prop55
280
     0
102
RTVSPost2010PropOp55
 70
     1
102
RTVSPost2010Prop56
140
1.0
102
RTVSPost2010PropOp56
 70
     1
102
RTVSPost2010Prop57
140
1.0
102
RTVSPost2010PropOp57
 70
     1
102
RTVSPropertyOp0
 70
     1
102
RTVSPropertyOp1
 70
     1
102
RTVSPropertyOp2
 70
     1
102
RTVSPropertyOp3
 70
     1
102
RTVSPropertyOp4
 70
     1
102
RTVSPropertyOp5
 70
     1
102
RTVSPropertyOp6
 70
     1
102
RTVSPropertyOp7
 70
     1
102
RTVSPropertyOp8
 70
     1
102
RTVSPropertyOp9
 70
     1
102
RTVSPropertyOp10
 70
     1
102
RTVSPropertyOp11
 70
     1
102
RTVSPropertyOp12
 70
     1
102
RTVSPropertyOp13
 70
     1
102
RTVSPropertyOp14
 70
     1
102
RTVSPropertyOp15
 70
     1
102
RTVSPropertyOp16
 70
     1
102
RTVSPropertyOp17
 70
     1
102
RTVSPropertyOp18
 70
     1
102
RTVSPropertyOp19
 70
     1
102
RTVSPropertyOp20
 70
     1
102
RTVSPropertyOp21
 70
     1
102
RTVSPropertyOp22
 70
     1
102
RTVSPropertyOp23
 70
     1
102
RTVSPropertyOp24
 70
     1
102
RTVSPropertyOp25
 70
     1
102
RTVSPropertyOp26
 70
     1
102
RTVSPropertyOp27
 70
     1
102
RTVSPropertyOp28
 70
     1
102
RTVSPropertyOp29
 70
     1
102
RTVSPropertyOp30
 70
     1
102
RTVSPropertyOp31
 70
     1
102
RTVSPropertyOp32
 70
     1
102
RTVSPropertyOp33
 70
     1
102
RTVSPropertyOp34
 70
     1
102
RTVSPropertyOp35
 70
     1
102
RTVSPropertyOp36
 70
     1
102
RTVSPropertyOp37
 70
     1
102
RTVSPropertyOp38
 70
     1
102
RTVSPropertyOp39
 70
     1
102
RTVSPropertyOp40
 70
     1
102
RTVSPropertyOp41
 70
     1
102
RTVSPropertyOp42
 70
     1
102
RTVSPropertyOp43
 70
     1
102
RTVSPropertyOp44
 70
     1
102
RTVSPropertyOp45
 70
     1
102
RTVSPropertyOp46
 70
     1
102
RTVSPropertyOp47
 70
     1
102
RTVSPropertyOp48
 70
     1
102
RTVSPropertyOp49
 70
     1
102
RTVSPropertyOp50
 70
     1
102
RTVSPropertyOp51
 70
     0
102
RTVSPropertyOp52
 70
     0
102
RTVSPropertyOp53
 70
     1
102
RTVSPropertyOp54
 70
     1
102
RTVSPropertyOp55
 70
     1
102
RTVSPropertyOp56
 70
     1
102
RTVSPropertyOp57
 70
     1
102
RTVSPropertyOp58
 70
     1
102
RTVSPropertyOp59
 70
     1
102
RTVSPropertyOp60
 70
     1
102
RTVSPropertyOp61
 70
     1
102
RTVSPropertyOp62
 70
     1
  0
XRECORD
  5
2BEF
102
{ACAD_REACTORS
330
2BEE
102
}
330
2BEE
100
AcDbXrecord
280
     1
102
RTVSPost2010Prop28
280
     0
102
RTVSPost2010PropOp28
 70
     0
102
RTVSPost2010Prop29
280
     1
102
RTVSPost2010PropOp29
 70
     0
102
RTVSPost2010Prop30
280
     1
102
RTVSPost2010PropOp30
 70
     0
102
RTVSPost2010Prop31
280
     0
102
RTVSPost2010PropOp31
 70
     0
102
RTVSPost2010Prop32
280
     0
102
RTVSPost2010PropOp32
 70
     0
102
RTVSPost2010Prop33
280
     0
102
RTVSPost2010PropOp33
 70
     0
102
RTVSPost2010Prop34
280
     0
102
RTVSPost2010PropOp34
 70
     0
102
RTVSPost2010Prop35
280
     0
102
RTVSPost2010PropOp35
 70
     0
102
RTVSPost2010Prop36
280
     0
102
RTVSPost2010PropOp36
 70
     0
102
RTVSPost2010Prop37
 90
       50
102
RTVSPost2010PropOp37
 70
     0
102
RTVSPost2010Prop38
140
0.0
102
RTVSPost2010PropOp38
 70
     0
102
RTVSPost2010Prop39
140
1.0
102
RTVSPost2010PropOp39
 70
     0
102
RTVSPost2010Prop40
 90
        0
102
RTVSPost2010PropOp40
 70
     0
102
RTVSPost2010Prop41ColorIndex
 90
       18
102
RTVSPost2010Prop41ColorRGB
 90
        0
102
RTVSPost2010PropOp41
 70
     0
102
RTVSPost2010Prop42
 90
       50
102
RTVSPost2010PropOp42
 70
     0
102
RTVSPost2010Prop43
 90
        3
102
RTVSPost2010PropOp43
 70
     0
102
RTVSPost2010Prop44ColorIndex
 90
        5
102
RTVSPost2010Prop44ColorRGB
 90
      255
102
RTVSPost2010PropOp44
 70
     0
102
RTVSPost2010Prop45
280
     0
102
RTVSPost2010PropOp45
 70
     0
102
RTVSPost2010Prop46
 90
       50
102
RTVSPost2010PropOp46
 70
     0
102
RTVSPost2010Prop47
 90
       50
102
RTVSPost2010PropOp47
 70
     0
102
RTVSPost2010Prop48
 90
       50
102
RTVSPost2010PropOp48
 70
     0
102
RTVSPost2010Prop49
280
     0
102
RTVSPost2010PropOp49
 70
     0
102
RTVSPost2010Prop50
 90
       50
102
RTVSPost2010PropOp50
 70
     0
102
RTVSPost2010Prop51ColorIndex
 90
      256
102
RTVSPost2010Prop51ColorRGB
 90
-16777216
102
RTVSPost2010PropOp51
 70
     0
102
RTVSPost2010Prop52
140
1.0
102
RTVSPost2010PropOp52
 70
     0
102
RTVSPost2010Prop53
 90
        2
102
RTVSPost2010PropOp53
 70
     0
102
RTVSPost2010Prop54
  1
strokes_ogs.tif
102
RTVSPost2010PropOp54
 70
     0
102
RTVSPost2010Prop55
280
     0
102
RTVSPost2010PropOp55
 70
     0
102
RTVSPost2010Prop56
140
1.0
102
RTVSPost2010PropOp56
 70
     0
102
RTVSPost2010Prop57
140
1.0
102
RTVSPost2010PropOp57
 70
     0
102
RTVSPropertyOp0
 70
     0
102
RTVSPropertyOp1
 70
     0
102
RTVSPropertyOp2
 70
     0
102
RTVSPropertyOp3
 70
     0
102
RTVSPropertyOp4
 70
     0
102
RTVSPropertyOp5
 70
     0
102
RTVSPropertyOp6
 70
     0
102
RTVSPropertyOp7
 70
     0
102
RTVSPropertyOp8
 70
     0
102
RTVSPropertyOp9
 70
     0
102
RTVSPropertyOp10
 70
     0
102
RTVSPropertyOp11
 70
     0
102
RTVSPropertyOp12
 70
     0
102
RTVSPropertyOp13
 70
     0
102
RTVSPropertyOp14
 70
     2
102
RTVSPropertyOp15
 70
     0
102
RTVSPropertyOp16
 70
     0
102
RTVSPropertyOp17
 70
     0
102
RTVSPropertyOp18
 70
     0
102
RTVSPropertyOp19
 70
     0
102
RTVSPropertyOp20
 70
     0
102
RTVSPropertyOp21
 70
     0
102
RTVSPropertyOp22
 70
     0
102
RTVSPropertyOp23
 70
     0
102
RTVSPropertyOp24
 70
     0
102
RTVSPropertyOp25
 70
     0
102
RTVSPropertyOp26
 70
     0
102
RTVSPropertyOp27
 70
     0
102
RTVSPropertyOp28
 70
     0
102
RTVSPropertyOp29
 70
     0
102
RTVSPropertyOp30
 70
     0
102
RTVSPropertyOp31
 70
     0
102
RTVSPropertyOp32
 70
     0
102
RTVSPropertyOp33
 70
     0
102
RTVSPropertyOp34
 70
     0
102
RTVSPropertyOp35
 70
     0
102
RTVSPropertyOp36
 70
     0
102
RTVSPropertyOp37
 70
     0
102
RTVSPropertyOp38
 70
     0
102
RTVSPropertyOp39
 70
     0
102
RTVSPropertyOp40
 70
     0
102
RTVSPropertyOp41
 70
     0
102
RTVSPropertyOp42
 70
     0
102
RTVSPropertyOp43
 70
     0
102
RTVSPropertyOp44
 70
     0
102
RTVSPropertyOp45
 70
     0
102
RTVSPropertyOp46
 70
     0
102
RTVSPropertyOp47
 70
     0
102
RTVSPropertyOp48
 70
     0
102
RTVSPropertyOp49
 70
     0
102
RTVSPropertyOp50
 70
     0
102
RTVSPropertyOp51
 70
     0
102
RTVSPropertyOp52
 70
     0
102
RTVSPropertyOp53
 70
     0
102
RTVSPropertyOp54
 70
     0
102
RTVSPropertyOp55
 70
     0
102
RTVSPropertyOp56
 70
     0
102
RTVSPropertyOp57
 70
     0
102
RTVSPropertyOp58
 70
     0
102
RTVSPropertyOp59
 70
     0
102
RTVSPropertyOp60
 70
     0
102
RTVSPropertyOp61
 70
     0
102
RTVSPropertyOp62
 70
     0
  0
XRECORD
  5
2BDD
102
{ACAD_REACTORS
330
2BDC
102
}
330
2BDC
100
AcDbXrecord
280
     1
102
RTVSPost2010Prop28
280
     0
102
RTVSPost2010PropOp28
 70
     1
102
RTVSPost2010Prop29
280
     1
102
RTVSPost2010PropOp29
 70
     1
102
RTVSPost2010Prop30
280
     1
102
RTVSPost2010PropOp30
 70
     1
102
RTVSPost2010Prop31
280
     0
102
RTVSPost2010PropOp31
 70
     1
102
RTVSPost2010Prop32
280
     0
102
RTVSPost2010PropOp32
 70
     1
102
RTVSPost2010Prop33
280
     0
102
RTVSPost2010PropOp33
 70
     1
102
RTVSPost2010Prop34
280
     0
102
RTVSPost2010PropOp34
 70
     1
102
RTVSPost2010Prop35
280
     0
102
RTVSPost2010PropOp35
 70
     1
102
RTVSPost2010Prop36
280
     0
102
RTVSPost2010PropOp36
 70
     1
102
RTVSPost2010Prop37
 90
       50
102
RTVSPost2010PropOp37
 70
     1
102
RTVSPost2010Prop38
140
0.0
102
RTVSPost2010PropOp38
 70
     1
102
RTVSPost2010Prop39
140
1.0
102
RTVSPost2010PropOp39
 70
     1
102
RTVSPost2010Prop40
 90
        0
102
RTVSPost2010PropOp40
 70
     1
102
RTVSPost2010Prop41ColorIndex
 90
       18
102
RTVSPost2010Prop41ColorRGB
 90
        0
102
RTVSPost2010PropOp41
 70
     1
102
RTVSPost2010Prop42
 90
       50
102
RTVSPost2010PropOp42
 70
     1
102
RTVSPost2010Prop43
 90
        3
102
RTVSPost2010PropOp43
 70
     1
102
RTVSPost2010Prop44ColorIndex
 90
        5
102
RTVSPost2010Prop44ColorRGB
 90
      255
102
RTVSPost2010PropOp44
 70
     1
102
RTVSPost2010Prop45
280
     0
102
RTVSPost2010PropOp45
 70
     1
102
RTVSPost2010Prop46
 90
       50
102
RTVSPost2010PropOp46
 70
     1
102
RTVSPost2010Prop47
 90
       50
102
RTVSPost2010PropOp47
 70
     1
102
RTVSPost2010Prop48
 90
       50
102
RTVSPost2010PropOp48
 70
     1
102
RTVSPost2010Prop49
280
     0
102
RTVSPost2010PropOp49
 70
     1
102
RTVSPost2010Prop50
 90
       50
102
RTVSPost2010PropOp50
 70
     1
102
RTVSPost2010Prop51ColorIndex
 90
      256
102
RTVSPost2010Prop51ColorRGB
 90
-16777216
102
RTVSPost2010PropOp51
 70
     0
102
RTVSPost2010Prop52
140
1.0
102
RTVSPost2010PropOp52
 70
     0
102
RTVSPost2010Prop53
 90
        2
102
RTVSPost2010PropOp53
 70
     1
102
RTVSPost2010Prop54
  1
strokes_ogs.tif
102
RTVSPost2010PropOp54
 70
     1
102
RTVSPost2010Prop55
280
     0
102
RTVSPost2010PropOp55
 70
     1
102
RTVSPost2010Prop56
140
1.0
102
RTVSPost2010PropOp56
 70
     1
102
RTVSPost2010Prop57
140
1.0
102
RTVSPost2010PropOp57
 70
     1
102
RTVSPropertyOp0
 70
     1
102
RTVSPropertyOp1
 70
     1
102
RTVSPropertyOp2
 70
     1
102
RTVSPropertyOp3
 70
     1
102
RTVSPropertyOp4
 70
     1
102
RTVSPropertyOp5
 70
     1
102
RTVSPropertyOp6
 70
     1
102
RTVSPropertyOp7
 70
     1
102
RTVSPropertyOp8
 70
     1
102
RTVSPropertyOp9
 70
     1
102
RTVSPropertyOp10
 70
     1
102
RTVSPropertyOp11
 70
     1
102
RTVSPropertyOp12
 70
     1
102
RTVSPropertyOp13
 70
     1
102
RTVSPropertyOp14
 70
     1
102
RTVSPropertyOp15
 70
     1
102
RTVSPropertyOp16
 70
     1
102
RTVSPropertyOp17
 70
     1
102
RTVSPropertyOp18
 70
     1
102
RTVSPropertyOp19
 70
     1
102
RTVSPropertyOp20
 70
     1
102
RTVSPropertyOp21
 70
     1
102
RTVSPropertyOp22
 70
     1
102
RTVSPropertyOp23
 70
     1
102
RTVSPropertyOp24
 70
     1
102
RTVSPropertyOp25
 70
     1
102
RTVSPropertyOp26
 70
     1
102
RTVSPropertyOp27
 70
     1
102
RTVSPropertyOp28
 70
     1
102
RTVSPropertyOp29
 70
     1
102
RTVSPropertyOp30
 70
     1
102
RTVSPropertyOp31
 70
     1
102
RTVSPropertyOp32
 70
     1
102
RTVSPropertyOp33
 70
     1
102
RTVSPropertyOp34
 70
     1
102
RTVSPropertyOp35
 70
     1
102
RTVSPropertyOp36
 70
     1
102
RTVSPropertyOp37
 70
     1
102
RTVSPropertyOp38
 70
     1
102
RTVSPropertyOp39
 70
     1
102
RTVSPropertyOp40
 70
     1
102
RTVSPropertyOp41
 70
     1
102
RTVSPropertyOp42
 70
     1
102
RTVSPropertyOp43
 70
     1
102
RTVSPropertyOp44
 70
     1
102
RTVSPropertyOp45
 70
     1
102
RTVSPropertyOp46
 70
     1
102
RTVSPropertyOp47
 70
     1
102
RTVSPropertyOp48
 70
     1
102
RTVSPropertyOp49
 70
     1
102
RTVSPropertyOp50
 70
     1
102
RTVSPropertyOp51
 70
     0
102
RTVSPropertyOp52
 70
     0
102
RTVSPropertyOp53
 70
     1
102
RTVSPropertyOp54
 70
     1
102
RTVSPropertyOp55
 70
     1
102
RTVSPropertyOp56
 70
     1
102
RTVSPropertyOp57
 70
     1
102
RTVSPropertyOp58
 70
     1
102
RTVSPropertyOp59
 70
     1
102
RTVSPropertyOp60
 70
     1
102
RTVSPropertyOp61
 70
     1
102
RTVSPropertyOp62
 70
     1
  0
XRECORD
  5
2BC1
102
{ACAD_REACTORS
330
2BC0
102
}
330
2BC0
100
AcDbXrecord
280
     1
102
RTVSPost2010Prop28
280
     0
102
RTVSPost2010PropOp28
 70
     1
102
RTVSPost2010Prop29
280
     1
102
RTVSPost2010PropOp29
 70
     1
102
RTVSPost2010Prop30
280
     1
102
RTVSPost2010PropOp30
 70
     1
102
RTVSPost2010Prop31
280
     0
102
RTVSPost2010PropOp31
 70
     1
102
RTVSPost2010Prop32
280
     0
102
RTVSPost2010PropOp32
 70
     1
102
RTVSPost2010Prop33
280
     0
102
RTVSPost2010PropOp33
 70
     1
102
RTVSPost2010Prop34
280
     0
102
RTVSPost2010PropOp34
 70
     1
102
RTVSPost2010Prop35
280
     0
102
RTVSPost2010PropOp35
 70
     1
102
RTVSPost2010Prop36
280
     0
102
RTVSPost2010PropOp36
 70
     1
102
RTVSPost2010Prop37
 90
       50
102
RTVSPost2010PropOp37
 70
     1
102
RTVSPost2010Prop38
140
0.0
102
RTVSPost2010PropOp38
 70
     1
102
RTVSPost2010Prop39
140
1.0
102
RTVSPost2010PropOp39
 70
     1
102
RTVSPost2010Prop40
 90
        0
102
RTVSPost2010PropOp40
 70
     1
102
RTVSPost2010Prop41ColorIndex
 90
       18
102
RTVSPost2010Prop41ColorRGB
 90
        0
102
RTVSPost2010PropOp41
 70
     1
102
RTVSPost2010Prop42
 90
       50
102
RTVSPost2010PropOp42
 70
     1
102
RTVSPost2010Prop43
 90
        3
102
RTVSPost2010PropOp43
 70
     1
102
RTVSPost2010Prop44ColorIndex
 90
        5
102
RTVSPost2010Prop44ColorRGB
 90
      255
102
RTVSPost2010PropOp44
 70
     1
102
RTVSPost2010Prop45
280
     0
102
RTVSPost2010PropOp45
 70
     1
102
RTVSPost2010Prop46
 90
       50
102
RTVSPost2010PropOp46
 70
     1
102
RTVSPost2010Prop47
 90
       50
102
RTVSPost2010PropOp47
 70
     1
102
RTVSPost2010Prop48
 90
       50
102
RTVSPost2010PropOp48
 70
     1
102
RTVSPost2010Prop49
280
     0
102
RTVSPost2010PropOp49
 70
     1
102
RTVSPost2010Prop50
 90
       50
102
RTVSPost2010PropOp50
 70
     1
102
RTVSPost2010Prop51ColorIndex
 90
      256
102
RTVSPost2010Prop51ColorRGB
 90
-16777216
102
RTVSPost2010PropOp51
 70
     0
102
RTVSPost2010Prop52
140
1.0
102
RTVSPost2010PropOp52
 70
     0
102
RTVSPost2010Prop53
 90
        2
102
RTVSPost2010PropOp53
 70
     1
102
RTVSPost2010Prop54
  1
strokes_ogs.tif
102
RTVSPost2010PropOp54
 70
     1
102
RTVSPost2010Prop55
280
     0
102
RTVSPost2010PropOp55
 70
     1
102
RTVSPost2010Prop56
140
1.0
102
RTVSPost2010PropOp56
 70
     1
102
RTVSPost2010Prop57
140
1.0
102
RTVSPost2010PropOp57
 70
     1
102
RTVSPropertyOp0
 70
     1
102
RTVSPropertyOp1
 70
     1
102
RTVSPropertyOp2
 70
     1
102
RTVSPropertyOp3
 70
     1
102
RTVSPropertyOp4
 70
     1
102
RTVSPropertyOp5
 70
     1
102
RTVSPropertyOp6
 70
     1
102
RTVSPropertyOp7
 70
     1
102
RTVSPropertyOp8
 70
     1
102
RTVSPropertyOp9
 70
     1
102
RTVSPropertyOp10
 70
     1
102
RTVSPropertyOp11
 70
     1
102
RTVSPropertyOp12
 70
     1
102
RTVSPropertyOp13
 70
     1
102
RTVSPropertyOp14
 70
     1
102
RTVSPropertyOp15
 70
     1
102
RTVSPropertyOp16
 70
     1
102
RTVSPropertyOp17
 70
     1
102
RTVSPropertyOp18
 70
     1
102
RTVSPropertyOp19
 70
     1
102
RTVSPropertyOp20
 70
     1
102
RTVSPropertyOp21
 70
     1
102
RTVSPropertyOp22
 70
     1
102
RTVSPropertyOp23
 70
     1
102
RTVSPropertyOp24
 70
     1
102
RTVSPropertyOp25
 70
     1
102
RTVSPropertyOp26
 70
     1
102
RTVSPropertyOp27
 70
     1
102
RTVSPropertyOp28
 70
     1
102
RTVSPropertyOp29
 70
     1
102
RTVSPropertyOp30
 70
     1
102
RTVSPropertyOp31
 70
     1
102
RTVSPropertyOp32
 70
     1
102
RTVSPropertyOp33
 70
     1
102
RTVSPropertyOp34
 70
     1
102
RTVSPropertyOp35
 70
     1
102
RTVSPropertyOp36
 70
     1
102
RTVSPropertyOp37
 70
     1
102
RTVSPropertyOp38
 70
     1
102
RTVSPropertyOp39
 70
     1
102
RTVSPropertyOp40
 70
     1
102
RTVSPropertyOp41
 70
     1
102
RTVSPropertyOp42
 70
     1
102
RTVSPropertyOp43
 70
     1
102
RTVSPropertyOp44
 70
     1
102
RTVSPropertyOp45
 70
     1
102
RTVSPropertyOp46
 70
     1
102
RTVSPropertyOp47
 70
     1
102
RTVSPropertyOp48
 70
     1
102
RTVSPropertyOp49
 70
     1
102
RTVSPropertyOp50
 70
     1
102
RTVSPropertyOp51
 70
     0
102
RTVSPropertyOp52
 70
     0
102
RTVSPropertyOp53
 70
     1
102
RTVSPropertyOp54
 70
     1
102
RTVSPropertyOp55
 70
     1
102
RTVSPropertyOp56
 70
     1
102
RTVSPropertyOp57
 70
     1
102
RTVSPropertyOp58
 70
     1
102
RTVSPropertyOp59
 70
     1
102
RTVSPropertyOp60
 70
     1
102
RTVSPropertyOp61
 70
     1
102
RTVSPropertyOp62
 70
     1
  0
XRECORD
  5
2BC3
102
{ACAD_REACTORS
330
2BC2
102
}
330
2BC2
100
AcDbXrecord
280
     1
102
RTVSPost2010Prop28
280
     0
102
RTVSPost2010PropOp28
 70
     1
102
RTVSPost2010Prop29
280
     1
102
RTVSPost2010PropOp29
 70
     1
102
RTVSPost2010Prop30
280
     1
102
RTVSPost2010PropOp30
 70
     1
102
RTVSPost2010Prop31
280
     0
102
RTVSPost2010PropOp31
 70
     1
102
RTVSPost2010Prop32
280
     0
102
RTVSPost2010PropOp32
 70
     1
102
RTVSPost2010Prop33
280
     0
102
RTVSPost2010PropOp33
 70
     1
102
RTVSPost2010Prop34
280
     0
102
RTVSPost2010PropOp34
 70
     1
102
RTVSPost2010Prop35
280
     0
102
RTVSPost2010PropOp35
 70
     1
102
RTVSPost2010Prop36
280
     0
102
RTVSPost2010PropOp36
 70
     1
102
RTVSPost2010Prop37
 90
       50
102
RTVSPost2010PropOp37
 70
     1
102
RTVSPost2010Prop38
140
0.0
102
RTVSPost2010PropOp38
 70
     1
102
RTVSPost2010Prop39
140
1.0
102
RTVSPost2010PropOp39
 70
     1
102
RTVSPost2010Prop40
 90
        0
102
RTVSPost2010PropOp40
 70
     1
102
RTVSPost2010Prop41ColorIndex
 90
       18
102
RTVSPost2010Prop41ColorRGB
 90
        0
102
RTVSPost2010PropOp41
 70
     1
102
RTVSPost2010Prop42
 90
       50
102
RTVSPost2010PropOp42
 70
     1
102
RTVSPost2010Prop43
 90
        3
102
RTVSPost2010PropOp43
 70
     1
102
RTVSPost2010Prop44ColorIndex
 90
        5
102
RTVSPost2010Prop44ColorRGB
 90
      255
102
RTVSPost2010PropOp44
 70
     1
102
RTVSPost2010Prop45
280
     0
102
RTVSPost2010PropOp45
 70
     1
102
RTVSPost2010Prop46
 90
       50
102
RTVSPost2010PropOp46
 70
     1
102
RTVSPost2010Prop47
 90
       50
102
RTVSPost2010PropOp47
 70
     1
102
RTVSPost2010Prop48
 90
       50
102
RTVSPost2010PropOp48
 70
     1
102
RTVSPost2010Prop49
280
     0
102
RTVSPost2010PropOp49
 70
     1
102
RTVSPost2010Prop50
 90
       50
102
RTVSPost2010PropOp50
 70
     1
102
RTVSPost2010Prop51ColorIndex
 90
      256
102
RTVSPost2010Prop51ColorRGB
 90
-16777216
102
RTVSPost2010PropOp51
 70
     0
102
RTVSPost2010Prop52
140
1.0
102
RTVSPost2010PropOp52
 70
     0
102
RTVSPost2010Prop53
 90
        2
102
RTVSPost2010PropOp53
 70
     1
102
RTVSPost2010Prop54
  1
strokes_ogs.tif
102
RTVSPost2010PropOp54
 70
     1
102
RTVSPost2010Prop55
280
     0
102
RTVSPost2010PropOp55
 70
     1
102
RTVSPost2010Prop56
140
1.0
102
RTVSPost2010PropOp56
 70
     1
102
RTVSPost2010Prop57
140
1.0
102
RTVSPost2010PropOp57
 70
     1
102
RTVSPropertyOp0
 70
     1
102
RTVSPropertyOp1
 70
     1
102
RTVSPropertyOp2
 70
     1
102
RTVSPropertyOp3
 70
     1
102
RTVSPropertyOp4
 70
     1
102
RTVSPropertyOp5
 70
     1
102
RTVSPropertyOp6
 70
     1
102
RTVSPropertyOp7
 70
     1
102
RTVSPropertyOp8
 70
     1
102
RTVSPropertyOp9
 70
     1
102
RTVSPropertyOp10
 70
     1
102
RTVSPropertyOp11
 70
     1
102
RTVSPropertyOp12
 70
     1
102
RTVSPropertyOp13
 70
     1
102
RTVSPropertyOp14
 70
     1
102
RTVSPropertyOp15
 70
     1
102
RTVSPropertyOp16
 70
     1
102
RTVSPropertyOp17
 70
     1
102
RTVSPropertyOp18
 70
     1
102
RTVSPropertyOp19
 70
     1
102
RTVSPropertyOp20
 70
     1
102
RTVSPropertyOp21
 70
     1
102
RTVSPropertyOp22
 70
     1
102
RTVSPropertyOp23
 70
     1
102
RTVSPropertyOp24
 70
     1
102
RTVSPropertyOp25
 70
     1
102
RTVSPropertyOp26
 70
     1
102
RTVSPropertyOp27
 70
     1
102
RTVSPropertyOp28
 70
     1
102
RTVSPropertyOp29
 70
     1
102
RTVSPropertyOp30
 70
     1
102
RTVSPropertyOp31
 70
     1
102
RTVSPropertyOp32
 70
     1
102
RTVSPropertyOp33
 70
     1
102
RTVSPropertyOp34
 70
     1
102
RTVSPropertyOp35
 70
     1
102
RTVSPropertyOp36
 70
     1
102
RTVSPropertyOp37
 70
     1
102
RTVSPropertyOp38
 70
     1
102
RTVSPropertyOp39
 70
     1
102
RTVSPropertyOp40
 70
     1
102
RTVSPropertyOp41
 70
     1
102
RTVSPropertyOp42
 70
     1
102
RTVSPropertyOp43
 70
     1
102
RTVSPropertyOp44
 70
     1
102
RTVSPropertyOp45
 70
     1
102
RTVSPropertyOp46
 70
     1
102
RTVSPropertyOp47
 70
     1
102
RTVSPropertyOp48
 70
     1
102
RTVSPropertyOp49
 70
     1
102
RTVSPropertyOp50
 70
     1
102
RTVSPropertyOp51
 70
     0
102
RTVSPropertyOp52
 70
     0
102
RTVSPropertyOp53
 70
     1
102
RTVSPropertyOp54
 70
     1
102
RTVSPropertyOp55
 70
     1
102
RTVSPropertyOp56
 70
     1
102
RTVSPropertyOp57
 70
     1
102
RTVSPropertyOp58
 70
     1
102
RTVSPropertyOp59
 70
     1
102
RTVSPropertyOp60
 70
     1
102
RTVSPropertyOp61
 70
     1
102
RTVSPropertyOp62
 70
     1
  0
XRECORD
  5
2BC5
102
{ACAD_REACTORS
330
2BC4
102
}
330
2BC4
100
AcDbXrecord
280
     1
102
RTVSPost2010Prop28
280
     0
102
RTVSPost2010PropOp28
 70
     1
102
RTVSPost2010Prop29
280
     1
102
RTVSPost2010PropOp29
 70
     1
102
RTVSPost2010Prop30
280
     1
102
RTVSPost2010PropOp30
 70
     1
102
RTVSPost2010Prop31
280
     0
102
RTVSPost2010PropOp31
 70
     1
102
RTVSPost2010Prop32
280
     0
102
RTVSPost2010PropOp32
 70
     1
102
RTVSPost2010Prop33
280
     0
102
RTVSPost2010PropOp33
 70
     1
102
RTVSPost2010Prop34
280
     0
102
RTVSPost2010PropOp34
 70
     1
102
RTVSPost2010Prop35
280
     0
102
RTVSPost2010PropOp35
 70
     1
102
RTVSPost2010Prop36
280
     0
102
RTVSPost2010PropOp36
 70
     1
102
RTVSPost2010Prop37
 90
       50
102
RTVSPost2010PropOp37
 70
     1
102
RTVSPost2010Prop38
140
0.0
102
RTVSPost2010PropOp38
 70
     1
102
RTVSPost2010Prop39
140
1.0
102
RTVSPost2010PropOp39
 70
     1
102
RTVSPost2010Prop40
 90
        0
102
RTVSPost2010PropOp40
 70
     1
102
RTVSPost2010Prop41ColorIndex
 90
       18
102
RTVSPost2010Prop41ColorRGB
 90
        0
102
RTVSPost2010PropOp41
 70
     1
102
RTVSPost2010Prop42
 90
       50
102
RTVSPost2010PropOp42
 70
     1
102
RTVSPost2010Prop43
 90
        3
102
RTVSPost2010PropOp43
 70
     1
102
RTVSPost2010Prop44ColorIndex
 90
        5
102
RTVSPost2010Prop44ColorRGB
 90
      255
102
RTVSPost2010PropOp44
 70
     1
102
RTVSPost2010Prop45
280
     0
102
RTVSPost2010PropOp45
 70
     1
102
RTVSPost2010Prop46
 90
       50
102
RTVSPost2010PropOp46
 70
     1
102
RTVSPost2010Prop47
 90
       50
102
RTVSPost2010PropOp47
 70
     1
102
RTVSPost2010Prop48
 90
       50
102
RTVSPost2010PropOp48
 70
     1
102
RTVSPost2010Prop49
280
     0
102
RTVSPost2010PropOp49
 70
     1
102
RTVSPost2010Prop50
 90
       50
102
RTVSPost2010PropOp50
 70
     1
102
RTVSPost2010Prop51ColorIndex
 90
      256
102
RTVSPost2010Prop51ColorRGB
 90
-16777216
102
RTVSPost2010PropOp51
 70
     0
102
RTVSPost2010Prop52
140
1.0
102
RTVSPost2010PropOp52
 70
     0
102
RTVSPost2010Prop53
 90
        2
102
RTVSPost2010PropOp53
 70
     1
102
RTVSPost2010Prop54
  1
strokes_ogs.tif
102
RTVSPost2010PropOp54
 70
     1
102
RTVSPost2010Prop55
280
     0
102
RTVSPost2010PropOp55
 70
     1
102
RTVSPost2010Prop56
140
1.0
102
RTVSPost2010PropOp56
 70
     1
102
RTVSPost2010Prop57
140
1.0
102
RTVSPost2010PropOp57
 70
     1
102
RTVSPropertyOp0
 70
     1
102
RTVSPropertyOp1
 70
     1
102
RTVSPropertyOp2
 70
     1
102
RTVSPropertyOp3
 70
     1
102
RTVSPropertyOp4
 70
     1
102
RTVSPropertyOp5
 70
     1
102
RTVSPropertyOp6
 70
     1
102
RTVSPropertyOp7
 70
     1
102
RTVSPropertyOp8
 70
     1
102
RTVSPropertyOp9
 70
     1
102
RTVSPropertyOp10
 70
     1
102
RTVSPropertyOp11
 70
     1
102
RTVSPropertyOp12
 70
     1
102
RTVSPropertyOp13
 70
     1
102
RTVSPropertyOp14
 70
     1
102
RTVSPropertyOp15
 70
     1
102
RTVSPropertyOp16
 70
     1
102
RTVSPropertyOp17
 70
     1
102
RTVSPropertyOp18
 70
     1
102
RTVSPropertyOp19
 70
     1
102
RTVSPropertyOp20
 70
     1
102
RTVSPropertyOp21
 70
     1
102
RTVSPropertyOp22
 70
     1
102
RTVSPropertyOp23
 70
     1
102
RTVSPropertyOp24
 70
     1
102
RTVSPropertyOp25
 70
     1
102
RTVSPropertyOp26
 70
     1
102
RTVSPropertyOp27
 70
     1
102
RTVSPropertyOp28
 70
     1
102
RTVSPropertyOp29
 70
     1
102
RTVSPropertyOp30
 70
     1
102
RTVSPropertyOp31
 70
     1
102
RTVSPropertyOp32
 70
     1
102
RTVSPropertyOp33
 70
     1
102
RTVSPropertyOp34
 70
     1
102
RTVSPropertyOp35
 70
     1
102
RTVSPropertyOp36
 70
     1
102
RTVSPropertyOp37
 70
     1
102
RTVSPropertyOp38
 70
     1
102
RTVSPropertyOp39
 70
     1
102
RTVSPropertyOp40
 70
     1
102
RTVSPropertyOp41
 70
     1
102
RTVSPropertyOp42
 70
     1
102
RTVSPropertyOp43
 70
     1
102
RTVSPropertyOp44
 70
     1
102
RTVSPropertyOp45
 70
     1
102
RTVSPropertyOp46
 70
     1
102
RTVSPropertyOp47
 70
     1
102
RTVSPropertyOp48
 70
     1
102
RTVSPropertyOp49
 70
     1
102
RTVSPropertyOp50
 70
     1
102
RTVSPropertyOp51
 70
     0
102
RTVSPropertyOp52
 70
     0
102
RTVSPropertyOp53
 70
     1
102
RTVSPropertyOp54
 70
     1
102
RTVSPropertyOp55
 70
     1
102
RTVSPropertyOp56
 70
     1
102
RTVSPropertyOp57
 70
     1
102
RTVSPropertyOp58
 70
     1
102
RTVSPropertyOp59
 70
     1
102
RTVSPropertyOp60
 70
     1
102
RTVSPropertyOp61
 70
     1
102
RTVSPropertyOp62
 70
     1
  0
XRECORD
  5
2BC7
102
{ACAD_REACTORS
330
2BC6
102
}
330
2BC6
100
AcDbXrecord
280
     1
102
RTVSPost2010Prop28
280
     0
102
RTVSPost2010PropOp28
 70
     1
102
RTVSPost2010Prop29
280
     1
102
RTVSPost2010PropOp29
 70
     1
102
RTVSPost2010Prop30
280
     1
102
RTVSPost2010PropOp30
 70
     1
102
RTVSPost2010Prop31
280
     0
102
RTVSPost2010PropOp31
 70
     1
102
RTVSPost2010Prop32
280
     0
102
RTVSPost2010PropOp32
 70
     1
102
RTVSPost2010Prop33
280
     0
102
RTVSPost2010PropOp33
 70
     1
102
RTVSPost2010Prop34
280
     0
102
RTVSPost2010PropOp34
 70
     1
102
RTVSPost2010Prop35
280
     0
102
RTVSPost2010PropOp35
 70
     1
102
RTVSPost2010Prop36
280
     0
102
RTVSPost2010PropOp36
 70
     1
102
RTVSPost2010Prop37
 90
       50
102
RTVSPost2010PropOp37
 70
     1
102
RTVSPost2010Prop38
140
0.0
102
RTVSPost2010PropOp38
 70
     1
102
RTVSPost2010Prop39
140
1.0
102
RTVSPost2010PropOp39
 70
     1
102
RTVSPost2010Prop40
 90
        0
102
RTVSPost2010PropOp40
 70
     1
102
RTVSPost2010Prop41ColorIndex
 90
       18
102
RTVSPost2010Prop41ColorRGB
 90
        0
102
RTVSPost2010PropOp41
 70
     1
102
RTVSPost2010Prop42
 90
       50
102
RTVSPost2010PropOp42
 70
     1
102
RTVSPost2010Prop43
 90
        3
102
RTVSPost2010PropOp43
 70
     1
102
RTVSPost2010Prop44ColorIndex
 90
        5
102
RTVSPost2010Prop44ColorRGB
 90
      255
102
RTVSPost2010PropOp44
 70
     1
102
RTVSPost2010Prop45
280
     0
102
RTVSPost2010PropOp45
 70
     1
102
RTVSPost2010Prop46
 90
       50
102
RTVSPost2010PropOp46
 70
     1
102
RTVSPost2010Prop47
 90
       50
102
RTVSPost2010PropOp47
 70
     1
102
RTVSPost2010Prop48
 90
       50
102
RTVSPost2010PropOp48
 70
     1
102
RTVSPost2010Prop49
280
     0
102
RTVSPost2010PropOp49
 70
     1
102
RTVSPost2010Prop50
 90
       50
102
RTVSPost2010PropOp50
 70
     1
102
RTVSPost2010Prop51ColorIndex
 90
      256
102
RTVSPost2010Prop51ColorRGB
 90
-16777216
102
RTVSPost2010PropOp51
 70
     0
102
RTVSPost2010Prop52
140
1.0
102
RTVSPost2010PropOp52
 70
     0
102
RTVSPost2010Prop53
 90
        2
102
RTVSPost2010PropOp53
 70
     1
102
RTVSPost2010Prop54
  1
strokes_ogs.tif
102
RTVSPost2010PropOp54
 70
     1
102
RTVSPost2010Prop55
280
     0
102
RTVSPost2010PropOp55
 70
     1
102
RTVSPost2010Prop56
140
1.0
102
RTVSPost2010PropOp56
 70
     1
102
RTVSPost2010Prop57
140
1.0
102
RTVSPost2010PropOp57
 70
     1
102
RTVSPropertyOp0
 70
     1
102
RTVSPropertyOp1
 70
     1
102
RTVSPropertyOp2
 70
     1
102
RTVSPropertyOp3
 70
     1
102
RTVSPropertyOp4
 70
     1
102
RTVSPropertyOp5
 70
     1
102
RTVSPropertyOp6
 70
     1
102
RTVSPropertyOp7
 70
     1
102
RTVSPropertyOp8
 70
     1
102
RTVSPropertyOp9
 70
     1
102
RTVSPropertyOp10
 70
     1
102
RTVSPropertyOp11
 70
     1
102
RTVSPropertyOp12
 70
     1
102
RTVSPropertyOp13
 70
     1
102
RTVSPropertyOp14
 70
     1
102
RTVSPropertyOp15
 70
     1
102
RTVSPropertyOp16
 70
     1
102
RTVSPropertyOp17
 70
     1
102
RTVSPropertyOp18
 70
     1
102
RTVSPropertyOp19
 70
     1
102
RTVSPropertyOp20
 70
     1
102
RTVSPropertyOp21
 70
     1
102
RTVSPropertyOp22
 70
     1
102
RTVSPropertyOp23
 70
     1
102
RTVSPropertyOp24
 70
     1
102
RTVSPropertyOp25
 70
     1
102
RTVSPropertyOp26
 70
     1
102
RTVSPropertyOp27
 70
     1
102
RTVSPropertyOp28
 70
     1
102
RTVSPropertyOp29
 70
     1
102
RTVSPropertyOp30
 70
     1
102
RTVSPropertyOp31
 70
     1
102
RTVSPropertyOp32
 70
     1
102
RTVSPropertyOp33
 70
     1
102
RTVSPropertyOp34
 70
     1
102
RTVSPropertyOp35
 70
     1
102
RTVSPropertyOp36
 70
     1
102
RTVSPropertyOp37
 70
     1
102
RTVSPropertyOp38
 70
     1
102
RTVSPropertyOp39
 70
     1
102
RTVSPropertyOp40
 70
     1
102
RTVSPropertyOp41
 70
     1
102
RTVSPropertyOp42
 70
     1
102
RTVSPropertyOp43
 70
     1
102
RTVSPropertyOp44
 70
     1
102
RTVSPropertyOp45
 70
     1
102
RTVSPropertyOp46
 70
     1
102
RTVSPropertyOp47
 70
     1
102
RTVSPropertyOp48
 70
     1
102
RTVSPropertyOp49
 70
     1
102
RTVSPropertyOp50
 70
     1
102
RTVSPropertyOp51
 70
     0
102
RTVSPropertyOp52
 70
     0
102
RTVSPropertyOp53
 70
     1
102
RTVSPropertyOp54
 70
     1
102
RTVSPropertyOp55
 70
     1
102
RTVSPropertyOp56
 70
     1
102
RTVSPropertyOp57
 70
     1
102
RTVSPropertyOp58
 70
     1
102
RTVSPropertyOp59
 70
     1
102
RTVSPropertyOp60
 70
     1
102
RTVSPropertyOp61
 70
     1
102
RTVSPropertyOp62
 70
     1
  0
XRECORD
  5
2BCF
102
{ACAD_REACTORS
330
2BCE
102
}
330
2BCE
100
AcDbXrecord
280
     1
102
RTVSPost2010Prop28
280
     0
102
RTVSPost2010PropOp28
 70
     1
102
RTVSPost2010Prop29
280
     1
102
RTVSPost2010PropOp29
 70
     1
102
RTVSPost2010Prop30
280
     1
102
RTVSPost2010PropOp30
 70
     1
102
RTVSPost2010Prop31
280
     0
102
RTVSPost2010PropOp31
 70
     1
102
RTVSPost2010Prop32
280
     0
102
RTVSPost2010PropOp32
 70
     1
102
RTVSPost2010Prop33
280
     0
102
RTVSPost2010PropOp33
 70
     1
102
RTVSPost2010Prop34
280
     0
102
RTVSPost2010PropOp34
 70
     1
102
RTVSPost2010Prop35
280
     0
102
RTVSPost2010PropOp35
 70
     1
102
RTVSPost2010Prop36
280
     0
102
RTVSPost2010PropOp36
 70
     1
102
RTVSPost2010Prop37
 90
       50
102
RTVSPost2010PropOp37
 70
     1
102
RTVSPost2010Prop38
140
0.0
102
RTVSPost2010PropOp38
 70
     1
102
RTVSPost2010Prop39
140
1.0
102
RTVSPost2010PropOp39
 70
     1
102
RTVSPost2010Prop40
 90
        0
102
RTVSPost2010PropOp40
 70
     1
102
RTVSPost2010Prop41ColorIndex
 90
       18
102
RTVSPost2010Prop41ColorRGB
 90
        0
102
RTVSPost2010PropOp41
 70
     1
102
RTVSPost2010Prop42
 90
       50
102
RTVSPost2010PropOp42
 70
     1
102
RTVSPost2010Prop43
 90
        3
102
RTVSPost2010PropOp43
 70
     1
102
RTVSPost2010Prop44ColorIndex
 90
        5
102
RTVSPost2010Prop44ColorRGB
 90
      255
102
RTVSPost2010PropOp44
 70
     1
102
RTVSPost2010Prop45
280
     0
102
RTVSPost2010PropOp45
 70
     1
102
RTVSPost2010Prop46
 90
       50
102
RTVSPost2010PropOp46
 70
     1
102
RTVSPost2010Prop47
 90
       50
102
RTVSPost2010PropOp47
 70
     1
102
RTVSPost2010Prop48
 90
       50
102
RTVSPost2010PropOp48
 70
     1
102
RTVSPost2010Prop49
280
     0
102
RTVSPost2010PropOp49
 70
     1
102
RTVSPost2010Prop50
 90
       50
102
RTVSPost2010PropOp50
 70
     1
102
RTVSPost2010Prop51ColorIndex
 90
      256
102
RTVSPost2010Prop51ColorRGB
 90
-16777216
102
RTVSPost2010PropOp51
 70
     0
102
RTVSPost2010Prop52
140
1.0
102
RTVSPost2010PropOp52
 70
     0
102
RTVSPost2010Prop53
 90
        2
102
RTVSPost2010PropOp53
 70
     1
102
RTVSPost2010Prop54
  1
strokes_ogs.tif
102
RTVSPost2010PropOp54
 70
     1
102
RTVSPost2010Prop55
280
     0
102
RTVSPost2010PropOp55
 70
     1
102
RTVSPost2010Prop56
140
1.0
102
RTVSPost2010PropOp56
 70
     1
102
RTVSPost2010Prop57
140
1.0
102
RTVSPost2010PropOp57
 70
     1
102
RTVSPropertyOp0
 70
     1
102
RTVSPropertyOp1
 70
     1
102
RTVSPropertyOp2
 70
     1
102
RTVSPropertyOp3
 70
     1
102
RTVSPropertyOp4
 70
     1
102
RTVSPropertyOp5
 70
     1
102
RTVSPropertyOp6
 70
     1
102
RTVSPropertyOp7
 70
     1
102
RTVSPropertyOp8
 70
     1
102
RTVSPropertyOp9
 70
     1
102
RTVSPropertyOp10
 70
     1
102
RTVSPropertyOp11
 70
     1
102
RTVSPropertyOp12
 70
     1
102
RTVSPropertyOp13
 70
     1
102
RTVSPropertyOp14
 70
     1
102
RTVSPropertyOp15
 70
     1
102
RTVSPropertyOp16
 70
     1
102
RTVSPropertyOp17
 70
     1
102
RTVSPropertyOp18
 70
     1
102
RTVSPropertyOp19
 70
     1
102
RTVSPropertyOp20
 70
     1
102
RTVSPropertyOp21
 70
     1
102
RTVSPropertyOp22
 70
     1
102
RTVSPropertyOp23
 70
     1
102
RTVSPropertyOp24
 70
     1
102
RTVSPropertyOp25
 70
     1
102
RTVSPropertyOp26
 70
     1
102
RTVSPropertyOp27
 70
     1
102
RTVSPropertyOp28
 70
     1
102
RTVSPropertyOp29
 70
     1
102
RTVSPropertyOp30
 70
     1
102
RTVSPropertyOp31
 70
     1
102
RTVSPropertyOp32
 70
     1
102
RTVSPropertyOp33
 70
     1
102
RTVSPropertyOp34
 70
     1
102
RTVSPropertyOp35
 70
     1
102
RTVSPropertyOp36
 70
     1
102
RTVSPropertyOp37
 70
     1
102
RTVSPropertyOp38
 70
     1
102
RTVSPropertyOp39
 70
     1
102
RTVSPropertyOp40
 70
     1
102
RTVSPropertyOp41
 70
     1
102
RTVSPropertyOp42
 70
     1
102
RTVSPropertyOp43
 70
     1
102
RTVSPropertyOp44
 70
     1
102
RTVSPropertyOp45
 70
     1
102
RTVSPropertyOp46
 70
     1
102
RTVSPropertyOp47
 70
     1
102
RTVSPropertyOp48
 70
     1
102
RTVSPropertyOp49
 70
     1
102
RTVSPropertyOp50
 70
     1
102
RTVSPropertyOp51
 70
     0
102
RTVSPropertyOp52
 70
     0
102
RTVSPropertyOp53
 70
     1
102
RTVSPropertyOp54
 70
     1
102
RTVSPropertyOp55
 70
     1
102
RTVSPropertyOp56
 70
     1
102
RTVSPropertyOp57
 70
     1
102
RTVSPropertyOp58
 70
     1
102
RTVSPropertyOp59
 70
     1
102
RTVSPropertyOp60
 70
     1
102
RTVSPropertyOp61
 70
     1
102
RTVSPropertyOp62
 70
     1
  0
XRECORD
  5
2BEB
102
{ACAD_REACTORS
330
2BEA
102
}
330
2BEA
100
AcDbXrecord
280
     1
102
RTVSPost2010Prop28
280
     0
102
RTVSPost2010PropOp28
 70
     0
102
RTVSPost2010Prop29
280
     1
102
RTVSPost2010PropOp29
 70
     0
102
RTVSPost2010Prop30
280
     1
102
RTVSPost2010PropOp30
 70
     0
102
RTVSPost2010Prop31
280
     0
102
RTVSPost2010PropOp31
 70
     0
102
RTVSPost2010Prop32
280
     0
102
RTVSPost2010PropOp32
 70
     0
102
RTVSPost2010Prop33
280
     0
102
RTVSPost2010PropOp33
 70
     0
102
RTVSPost2010Prop34
280
     0
102
RTVSPost2010PropOp34
 70
     0
102
RTVSPost2010Prop35
280
     0
102
RTVSPost2010PropOp35
 70
     0
102
RTVSPost2010Prop36
280
     0
102
RTVSPost2010PropOp36
 70
     0
102
RTVSPost2010Prop37
 90
       50
102
RTVSPost2010PropOp37
 70
     0
102
RTVSPost2010Prop38
140
0.0
102
RTVSPost2010PropOp38
 70
     0
102
RTVSPost2010Prop39
140
1.0
102
RTVSPost2010PropOp39
 70
     0
102
RTVSPost2010Prop40
 90
        0
102
RTVSPost2010PropOp40
 70
     0
102
RTVSPost2010Prop41ColorIndex
 90
       18
102
RTVSPost2010Prop41ColorRGB
 90
        0
102
RTVSPost2010PropOp41
 70
     0
102
RTVSPost2010Prop42
 90
       50
102
RTVSPost2010PropOp42
 70
     0
102
RTVSPost2010Prop43
 90
        3
102
RTVSPost2010PropOp43
 70
     0
102
RTVSPost2010Prop44ColorIndex
 90
        5
102
RTVSPost2010Prop44ColorRGB
 90
      255
102
RTVSPost2010PropOp44
 70
     0
102
RTVSPost2010Prop45
280
     0
102
RTVSPost2010PropOp45
 70
     0
102
RTVSPost2010Prop46
 90
       50
102
RTVSPost2010PropOp46
 70
     0
102
RTVSPost2010Prop47
 90
       50
102
RTVSPost2010PropOp47
 70
     0
102
RTVSPost2010Prop48
 90
       50
102
RTVSPost2010PropOp48
 70
     0
102
RTVSPost2010Prop49
280
     0
102
RTVSPost2010PropOp49
 70
     0
102
RTVSPost2010Prop50
 90
       50
102
RTVSPost2010PropOp50
 70
     0
102
RTVSPost2010Prop51ColorIndex
 90
      256
102
RTVSPost2010Prop51ColorRGB
 90
-16777216
102
RTVSPost2010PropOp51
 70
     0
102
RTVSPost2010Prop52
140
1.0
102
RTVSPost2010PropOp52
 70
     0
102
RTVSPost2010Prop53
 90
        2
102
RTVSPost2010PropOp53
 70
     0
102
RTVSPost2010Prop54
  1
strokes_ogs.tif
102
RTVSPost2010PropOp54
 70
     0
102
RTVSPost2010Prop55
280
     0
102
RTVSPost2010PropOp55
 70
     0
102
RTVSPost2010Prop56
140
1.0
102
RTVSPost2010PropOp56
 70
     0
102
RTVSPost2010Prop57
140
1.0
102
RTVSPost2010PropOp57
 70
     0
102
RTVSPropertyOp0
 70
     0
102
RTVSPropertyOp1
 70
     0
102
RTVSPropertyOp2
 70
     0
102
RTVSPropertyOp3
 70
     0
102
RTVSPropertyOp4
 70
     0
102
RTVSPropertyOp5
 70
     0
102
RTVSPropertyOp6
 70
     0
102
RTVSPropertyOp7
 70
     0
102
RTVSPropertyOp8
 70
     0
102
RTVSPropertyOp9
 70
     0
102
RTVSPropertyOp10
 70
     0
102
RTVSPropertyOp11
 70
     0
102
RTVSPropertyOp12
 70
     0
102
RTVSPropertyOp13
 70
     0
102
RTVSPropertyOp14
 70
     2
102
RTVSPropertyOp15
 70
     0
102
RTVSPropertyOp16
 70
     0
102
RTVSPropertyOp17
 70
     0
102
RTVSPropertyOp18
 70
     0
102
RTVSPropertyOp19
 70
     0
102
RTVSPropertyOp20
 70
     0
102
RTVSPropertyOp21
 70
     0
102
RTVSPropertyOp22
 70
     0
102
RTVSPropertyOp23
 70
     0
102
RTVSPropertyOp24
 70
     0
102
RTVSPropertyOp25
 70
     0
102
RTVSPropertyOp26
 70
     0
102
RTVSPropertyOp27
 70
     0
102
RTVSPropertyOp28
 70
     0
102
RTVSPropertyOp29
 70
     0
102
RTVSPropertyOp30
 70
     0
102
RTVSPropertyOp31
 70
     0
102
RTVSPropertyOp32
 70
     0
102
RTVSPropertyOp33
 70
     0
102
RTVSPropertyOp34
 70
     0
102
RTVSPropertyOp35
 70
     0
102
RTVSPropertyOp36
 70
     0
102
RTVSPropertyOp37
 70
     0
102
RTVSPropertyOp38
 70
     0
102
RTVSPropertyOp39
 70
     0
102
RTVSPropertyOp40
 70
     0
102
RTVSPropertyOp41
 70
     0
102
RTVSPropertyOp42
 70
     0
102
RTVSPropertyOp43
 70
     0
102
RTVSPropertyOp44
 70
     0
102
RTVSPropertyOp45
 70
     0
102
RTVSPropertyOp46
 70
     0
102
RTVSPropertyOp47
 70
     0
102
RTVSPropertyOp48
 70
     0
102
RTVSPropertyOp49
 70
     0
102
RTVSPropertyOp50
 70
     0
102
RTVSPropertyOp51
 70
     0
102
RTVSPropertyOp52
 70
     0
102
RTVSPropertyOp53
 70
     0
102
RTVSPropertyOp54
 70
     0
102
RTVSPropertyOp55
 70
     0
102
RTVSPropertyOp56
 70
     0
102
RTVSPropertyOp57
 70
     0
102
RTVSPropertyOp58
 70
     0
102
RTVSPropertyOp59
 70
     0
102
RTVSPropertyOp60
 70
     0
102
RTVSPropertyOp61
 70
     0
102
RTVSPropertyOp62
 70
     0
  0
XRECORD
  5
2BDB
102
{ACAD_REACTORS
330
2BDA
102
}
330
2BDA
100
AcDbXrecord
280
     1
102
RTVSPost2010Prop28
280
     0
102
RTVSPost2010PropOp28
 70
     1
102
RTVSPost2010Prop29
280
     1
102
RTVSPost2010PropOp29
 70
     1
102
RTVSPost2010Prop30
280
     1
102
RTVSPost2010PropOp30
 70
     1
102
RTVSPost2010Prop31
280
     0
102
RTVSPost2010PropOp31
 70
     1
102
RTVSPost2010Prop32
280
     0
102
RTVSPost2010PropOp32
 70
     1
102
RTVSPost2010Prop33
280
     0
102
RTVSPost2010PropOp33
 70
     1
102
RTVSPost2010Prop34
280
     0
102
RTVSPost2010PropOp34
 70
     1
102
RTVSPost2010Prop35
280
     0
102
RTVSPost2010PropOp35
 70
     1
102
RTVSPost2010Prop36
280
     0
102
RTVSPost2010PropOp36
 70
     1
102
RTVSPost2010Prop37
 90
       50
102
RTVSPost2010PropOp37
 70
     1
102
RTVSPost2010Prop38
140
0.0
102
RTVSPost2010PropOp38
 70
     1
102
RTVSPost2010Prop39
140
1.0
102
RTVSPost2010PropOp39
 70
     1
102
RTVSPost2010Prop40
 90
        0
102
RTVSPost2010PropOp40
 70
     1
102
RTVSPost2010Prop41ColorIndex
 90
       18
102
RTVSPost2010Prop41ColorRGB
 90
        0
102
RTVSPost2010PropOp41
 70
     1
102
RTVSPost2010Prop42
 90
       50
102
RTVSPost2010PropOp42
 70
     1
102
RTVSPost2010Prop43
 90
        3
102
RTVSPost2010PropOp43
 70
     1
102
RTVSPost2010Prop44ColorIndex
 90
        5
102
RTVSPost2010Prop44ColorRGB
 90
      255
102
RTVSPost2010PropOp44
 70
     1
102
RTVSPost2010Prop45
280
     0
102
RTVSPost2010PropOp45
 70
     1
102
RTVSPost2010Prop46
 90
       50
102
RTVSPost2010PropOp46
 70
     1
102
RTVSPost2010Prop47
 90
       50
102
RTVSPost2010PropOp47
 70
     1
102
RTVSPost2010Prop48
 90
       50
102
RTVSPost2010PropOp48
 70
     1
102
RTVSPost2010Prop49
280
     0
102
RTVSPost2010PropOp49
 70
     1
102
RTVSPost2010Prop50
 90
       50
102
RTVSPost2010PropOp50
 70
     1
102
RTVSPost2010Prop51ColorIndex
 90
      256
102
RTVSPost2010Prop51ColorRGB
 90
-16777216
102
RTVSPost2010PropOp51
 70
     0
102
RTVSPost2010Prop52
140
1.0
102
RTVSPost2010PropOp52
 70
     0
102
RTVSPost2010Prop53
 90
        2
102
RTVSPost2010PropOp53
 70
     1
102
RTVSPost2010Prop54
  1
strokes_ogs.tif
102
RTVSPost2010PropOp54
 70
     1
102
RTVSPost2010Prop55
280
     0
102
RTVSPost2010PropOp55
 70
     1
102
RTVSPost2010Prop56
140
1.0
102
RTVSPost2010PropOp56
 70
     1
102
RTVSPost2010Prop57
140
1.0
102
RTVSPost2010PropOp57
 70
     1
102
RTVSPropertyOp0
 70
     1
102
RTVSPropertyOp1
 70
     1
102
RTVSPropertyOp2
 70
     1
102
RTVSPropertyOp3
 70
     1
102
RTVSPropertyOp4
 70
     1
102
RTVSPropertyOp5
 70
     1
102
RTVSPropertyOp6
 70
     1
102
RTVSPropertyOp7
 70
     1
102
RTVSPropertyOp8
 70
     1
102
RTVSPropertyOp9
 70
     1
102
RTVSPropertyOp10
 70
     1
102
RTVSPropertyOp11
 70
     1
102
RTVSPropertyOp12
 70
     1
102
RTVSPropertyOp13
 70
     1
102
RTVSPropertyOp14
 70
     1
102
RTVSPropertyOp15
 70
     1
102
RTVSPropertyOp16
 70
     1
102
RTVSPropertyOp17
 70
     1
102
RTVSPropertyOp18
 70
     1
102
RTVSPropertyOp19
 70
     1
102
RTVSPropertyOp20
 70
     1
102
RTVSPropertyOp21
 70
     1
102
RTVSPropertyOp22
 70
     1
102
RTVSPropertyOp23
 70
     1
102
RTVSPropertyOp24
 70
     1
102
RTVSPropertyOp25
 70
     1
102
RTVSPropertyOp26
 70
     1
102
RTVSPropertyOp27
 70
     1
102
RTVSPropertyOp28
 70
     1
102
RTVSPropertyOp29
 70
     1
102
RTVSPropertyOp30
 70
     1
102
RTVSPropertyOp31
 70
     1
102
RTVSPropertyOp32
 70
     1
102
RTVSPropertyOp33
 70
     1
102
RTVSPropertyOp34
 70
     1
102
RTVSPropertyOp35
 70
     1
102
RTVSPropertyOp36
 70
     1
102
RTVSPropertyOp37
 70
     1
102
RTVSPropertyOp38
 70
     1
102
RTVSPropertyOp39
 70
     1
102
RTVSPropertyOp40
 70
     1
102
RTVSPropertyOp41
 70
     1
102
RTVSPropertyOp42
 70
     1
102
RTVSPropertyOp43
 70
     1
102
RTVSPropertyOp44
 70
     1
102
RTVSPropertyOp45
 70
     1
102
RTVSPropertyOp46
 70
     1
102
RTVSPropertyOp47
 70
     1
102
RTVSPropertyOp48
 70
     1
102
RTVSPropertyOp49
 70
     1
102
RTVSPropertyOp50
 70
     1
102
RTVSPropertyOp51
 70
     0
102
RTVSPropertyOp52
 70
     0
102
RTVSPropertyOp53
 70
     1
102
RTVSPropertyOp54
 70
     1
102
RTVSPropertyOp55
 70
     1
102
RTVSPropertyOp56
 70
     1
102
RTVSPropertyOp57
 70
     1
102
RTVSPropertyOp58
 70
     1
102
RTVSPropertyOp59
 70
     1
102
RTVSPropertyOp60
 70
     1
102
RTVSPropertyOp61
 70
     1
102
RTVSPropertyOp62
 70
     1
  0
XRECORD
  5
2BED
102
{ACAD_REACTORS
330
2BEC
102
}
330
2BEC
100
AcDbXrecord
280
     1
102
RTVSPost2010Prop28
280
     0
102
RTVSPost2010PropOp28
 70
     0
102
RTVSPost2010Prop29
280
     1
102
RTVSPost2010PropOp29
 70
     0
102
RTVSPost2010Prop30
280
     1
102
RTVSPost2010PropOp30
 70
     0
102
RTVSPost2010Prop31
280
     0
102
RTVSPost2010PropOp31
 70
     0
102
RTVSPost2010Prop32
280
     0
102
RTVSPost2010PropOp32
 70
     0
102
RTVSPost2010Prop33
280
     0
102
RTVSPost2010PropOp33
 70
     0
102
RTVSPost2010Prop34
280
     0
102
RTVSPost2010PropOp34
 70
     0
102
RTVSPost2010Prop35
280
     0
102
RTVSPost2010PropOp35
 70
     0
102
RTVSPost2010Prop36
280
     0
102
RTVSPost2010PropOp36
 70
     0
102
RTVSPost2010Prop37
 90
       50
102
RTVSPost2010PropOp37
 70
     0
102
RTVSPost2010Prop38
140
0.0
102
RTVSPost2010PropOp38
 70
     0
102
RTVSPost2010Prop39
140
1.0
102
RTVSPost2010PropOp39
 70
     0
102
RTVSPost2010Prop40
 90
        0
102
RTVSPost2010PropOp40
 70
     0
102
RTVSPost2010Prop41ColorIndex
 90
       18
102
RTVSPost2010Prop41ColorRGB
 90
        0
102
RTVSPost2010PropOp41
 70
     0
102
RTVSPost2010Prop42
 90
       50
102
RTVSPost2010PropOp42
 70
     0
102
RTVSPost2010Prop43
 90
        3
102
RTVSPost2010PropOp43
 70
     0
102
RTVSPost2010Prop44ColorIndex
 90
        5
102
RTVSPost2010Prop44ColorRGB
 90
      255
102
RTVSPost2010PropOp44
 70
     0
102
RTVSPost2010Prop45
280
     0
102
RTVSPost2010PropOp45
 70
     0
102
RTVSPost2010Prop46
 90
       50
102
RTVSPost2010PropOp46
 70
     0
102
RTVSPost2010Prop47
 90
       50
102
RTVSPost2010PropOp47
 70
     0
102
RTVSPost2010Prop48
 90
       50
102
RTVSPost2010PropOp48
 70
     0
102
RTVSPost2010Prop49
280
     0
102
RTVSPost2010PropOp49
 70
     0
102
RTVSPost2010Prop50
 90
       50
102
RTVSPost2010PropOp50
 70
     0
102
RTVSPost2010Prop51ColorIndex
 90
      256
102
RTVSPost2010Prop51ColorRGB
 90
-16777216
102
RTVSPost2010PropOp51
 70
     0
102
RTVSPost2010Prop52
140
1.0
102
RTVSPost2010PropOp52
 70
     0
102
RTVSPost2010Prop53
 90
        2
102
RTVSPost2010PropOp53
 70
     0
102
RTVSPost2010Prop54
  1
strokes_ogs.tif
102
RTVSPost2010PropOp54
 70
     0
102
RTVSPost2010Prop55
280
     0
102
RTVSPost2010PropOp55
 70
     0
102
RTVSPost2010Prop56
140
1.0
102
RTVSPost2010PropOp56
 70
     0
102
RTVSPost2010Prop57
140
1.0
102
RTVSPost2010PropOp57
 70
     0
102
RTVSPropertyOp0
 70
     0
102
RTVSPropertyOp1
 70
     0
102
RTVSPropertyOp2
 70
     0
102
RTVSPropertyOp3
 70
     0
102
RTVSPropertyOp4
 70
     0
102
RTVSPropertyOp5
 70
     0
102
RTVSPropertyOp6
 70
     0
102
RTVSPropertyOp7
 70
     0
102
RTVSPropertyOp8
 70
     0
102
RTVSPropertyOp9
 70
     0
102
RTVSPropertyOp10
 70
     0
102
RTVSPropertyOp11
 70
     0
102
RTVSPropertyOp12
 70
     0
102
RTVSPropertyOp13
 70
     0
102
RTVSPropertyOp14
 70
     2
102
RTVSPropertyOp15
 70
     0
102
RTVSPropertyOp16
 70
     0
102
RTVSPropertyOp17
 70
     0
102
RTVSPropertyOp18
 70
     0
102
RTVSPropertyOp19
 70
     0
102
RTVSPropertyOp20
 70
     0
102
RTVSPropertyOp21
 70
     0
102
RTVSPropertyOp22
 70
     0
102
RTVSPropertyOp23
 70
     0
102
RTVSPropertyOp24
 70
     0
102
RTVSPropertyOp25
 70
     0
102
RTVSPropertyOp26
 70
     0
102
RTVSPropertyOp27
 70
     0
102
RTVSPropertyOp28
 70
     0
102
RTVSPropertyOp29
 70
     0
102
RTVSPropertyOp30
 70
     0
102
RTVSPropertyOp31
 70
     0
102
RTVSPropertyOp32
 70
     0
102
RTVSPropertyOp33
 70
     0
102
RTVSPropertyOp34
 70
     0
102
RTVSPropertyOp35
 70
     0
102
RTVSPropertyOp36
 70
     0
102
RTVSPropertyOp37
 70
     0
102
RTVSPropertyOp38
 70
     0
102
RTVSPropertyOp39
 70
     0
102
RTVSPropertyOp40
 70
     0
102
RTVSPropertyOp41
 70
     0
102
RTVSPropertyOp42
 70
     0
102
RTVSPropertyOp43
 70
     0
102
RTVSPropertyOp44
 70
     0
102
RTVSPropertyOp45
 70
     0
102
RTVSPropertyOp46
 70
     0
102
RTVSPropertyOp47
 70
     0
102
RTVSPropertyOp48
 70
     0
102
RTVSPropertyOp49
 70
     0
102
RTVSPropertyOp50
 70
     0
102
RTVSPropertyOp51
 70
     0
102
RTVSPropertyOp52
 70
     0
102
RTVSPropertyOp53
 70
     0
102
RTVSPropertyOp54
 70
     0
102
RTVSPropertyOp55
 70
     0
102
RTVSPropertyOp56
 70
     0
102
RTVSPropertyOp57
 70
     0
102
RTVSPropertyOp58
 70
     0
102
RTVSPropertyOp59
 70
     0
102
RTVSPropertyOp60
 70
     0
102
RTVSPropertyOp61
 70
     0
102
RTVSPropertyOp62
 70
     0
  0
XRECORD
  5
2BD3
102
{ACAD_REACTORS
330
2BD2
102
}
330
2BD2
100
AcDbXrecord
280
     1
102
RTVSPost2010Prop28
280
     0
102
RTVSPost2010PropOp28
 70
     1
102
RTVSPost2010Prop29
280
     1
102
RTVSPost2010PropOp29
 70
     1
102
RTVSPost2010Prop30
280
     1
102
RTVSPost2010PropOp30
 70
     1
102
RTVSPost2010Prop31
280
     0
102
RTVSPost2010PropOp31
 70
     1
102
RTVSPost2010Prop32
280
     0
102
RTVSPost2010PropOp32
 70
     1
102
RTVSPost2010Prop33
280
     0
102
RTVSPost2010PropOp33
 70
     1
102
RTVSPost2010Prop34
280
     0
102
RTVSPost2010PropOp34
 70
     1
102
RTVSPost2010Prop35
280
     0
102
RTVSPost2010PropOp35
 70
     1
102
RTVSPost2010Prop36
280
     0
102
RTVSPost2010PropOp36
 70
     1
102
RTVSPost2010Prop37
 90
       50
102
RTVSPost2010PropOp37
 70
     1
102
RTVSPost2010Prop38
140
0.0
102
RTVSPost2010PropOp38
 70
     1
102
RTVSPost2010Prop39
140
1.0
102
RTVSPost2010PropOp39
 70
     1
102
RTVSPost2010Prop40
 90
        0
102
RTVSPost2010PropOp40
 70
     1
102
RTVSPost2010Prop41ColorIndex
 90
       18
102
RTVSPost2010Prop41ColorRGB
 90
        0
102
RTVSPost2010PropOp41
 70
     1
102
RTVSPost2010Prop42
 90
       50
102
RTVSPost2010PropOp42
 70
     1
102
RTVSPost2010Prop43
 90
        3
102
RTVSPost2010PropOp43
 70
     1
102
RTVSPost2010Prop44ColorIndex
 90
        5
102
RTVSPost2010Prop44ColorRGB
 90
      255
102
RTVSPost2010PropOp44
 70
     1
102
RTVSPost2010Prop45
280
     0
102
RTVSPost2010PropOp45
 70
     1
102
RTVSPost2010Prop46
 90
       50
102
RTVSPost2010PropOp46
 70
     1
102
RTVSPost2010Prop47
 90
       50
102
RTVSPost2010PropOp47
 70
     1
102
RTVSPost2010Prop48
 90
       50
102
RTVSPost2010PropOp48
 70
     1
102
RTVSPost2010Prop49
280
     0
102
RTVSPost2010PropOp49
 70
     1
102
RTVSPost2010Prop50
 90
       50
102
RTVSPost2010PropOp50
 70
     1
102
RTVSPost2010Prop51ColorIndex
 90
      256
102
RTVSPost2010Prop51ColorRGB
 90
-16777216
102
RTVSPost2010PropOp51
 70
     0
102
RTVSPost2010Prop52
140
1.0
102
RTVSPost2010PropOp52
 70
     0
102
RTVSPost2010Prop53
 90
        2
102
RTVSPost2010PropOp53
 70
     1
102
RTVSPost2010Prop54
  1
strokes_ogs.tif
102
RTVSPost2010PropOp54
 70
     1
102
RTVSPost2010Prop55
280
     0
102
RTVSPost2010PropOp55
 70
     1
102
RTVSPost2010Prop56
140
1.0
102
RTVSPost2010PropOp56
 70
     1
102
RTVSPost2010Prop57
140
1.0
102
RTVSPost2010PropOp57
 70
     1
102
RTVSPropertyOp0
 70
     1
102
RTVSPropertyOp1
 70
     1
102
RTVSPropertyOp2
 70
     1
102
RTVSPropertyOp3
 70
     1
102
RTVSPropertyOp4
 70
     1
102
RTVSPropertyOp5
 70
     1
102
RTVSPropertyOp6
 70
     1
102
RTVSPropertyOp7
 70
     1
102
RTVSPropertyOp8
 70
     1
102
RTVSPropertyOp9
 70
     1
102
RTVSPropertyOp10
 70
     1
102
RTVSPropertyOp11
 70
     1
102
RTVSPropertyOp12
 70
     1
102
RTVSPropertyOp13
 70
     1
102
RTVSPropertyOp14
 70
     1
102
RTVSPropertyOp15
 70
     1
102
RTVSPropertyOp16
 70
     1
102
RTVSPropertyOp17
 70
     1
102
RTVSPropertyOp18
 70
     1
102
RTVSPropertyOp19
 70
     1
102
RTVSPropertyOp20
 70
     1
102
RTVSPropertyOp21
 70
     1
102
RTVSPropertyOp22
 70
     1
102
RTVSPropertyOp23
 70
     1
102
RTVSPropertyOp24
 70
     1
102
RTVSPropertyOp25
 70
     1
102
RTVSPropertyOp26
 70
     1
102
RTVSPropertyOp27
 70
     1
102
RTVSPropertyOp28
 70
     1
102
RTVSPropertyOp29
 70
     1
102
RTVSPropertyOp30
 70
     1
102
RTVSPropertyOp31
 70
     1
102
RTVSPropertyOp32
 70
     1
102
RTVSPropertyOp33
 70
     1
102
RTVSPropertyOp34
 70
     1
102
RTVSPropertyOp35
 70
     1
102
RTVSPropertyOp36
 70
     1
102
RTVSPropertyOp37
 70
     1
102
RTVSPropertyOp38
 70
     1
102
RTVSPropertyOp39
 70
     1
102
RTVSPropertyOp40
 70
     1
102
RTVSPropertyOp41
 70
     1
102
RTVSPropertyOp42
 70
     1
102
RTVSPropertyOp43
 70
     1
102
RTVSPropertyOp44
 70
     1
102
RTVSPropertyOp45
 70
     1
102
RTVSPropertyOp46
 70
     1
102
RTVSPropertyOp47
 70
     1
102
RTVSPropertyOp48
 70
     1
102
RTVSPropertyOp49
 70
     1
102
RTVSPropertyOp50
 70
     1
102
RTVSPropertyOp51
 70
     0
102
RTVSPropertyOp52
 70
     0
102
RTVSPropertyOp53
 70
     1
102
RTVSPropertyOp54
 70
     1
102
RTVSPropertyOp55
 70
     1
102
RTVSPropertyOp56
 70
     1
102
RTVSPropertyOp57
 70
     1
102
RTVSPropertyOp58
 70
     1
102
RTVSPropertyOp59
 70
     1
102
RTVSPropertyOp60
 70
     1
102
RTVSPropertyOp61
 70
     1
102
RTVSPropertyOp62
 70
     1
  0
XRECORD
  5
2BE9
102
{ACAD_REACTORS
330
2BE8
102
}
330
2BE8
100
AcDbXrecord
280
     1
102
RTVSPost2010Prop28
280
     0
102
RTVSPost2010PropOp28
 70
     1
102
RTVSPost2010Prop29
280
     1
102
RTVSPost2010PropOp29
 70
     1
102
RTVSPost2010Prop30
280
     1
102
RTVSPost2010PropOp30
 70
     1
102
RTVSPost2010Prop31
280
     0
102
RTVSPost2010PropOp31
 70
     1
102
RTVSPost2010Prop32
280
     0
102
RTVSPost2010PropOp32
 70
     1
102
RTVSPost2010Prop33
280
     0
102
RTVSPost2010PropOp33
 70
     1
102
RTVSPost2010Prop34
280
     0
102
RTVSPost2010PropOp34
 70
     1
102
RTVSPost2010Prop35
280
     0
102
RTVSPost2010PropOp35
 70
     1
102
RTVSPost2010Prop36
280
     0
102
RTVSPost2010PropOp36
 70
     1
102
RTVSPost2010Prop37
 90
       50
102
RTVSPost2010PropOp37
 70
     1
102
RTVSPost2010Prop38
140
0.0
102
RTVSPost2010PropOp38
 70
     1
102
RTVSPost2010Prop39
140
1.0
102
RTVSPost2010PropOp39
 70
     1
102
RTVSPost2010Prop40
 90
        0
102
RTVSPost2010PropOp40
 70
     1
102
RTVSPost2010Prop41ColorIndex
 90
       18
102
RTVSPost2010Prop41ColorRGB
 90
        0
102
RTVSPost2010PropOp41
 70
     1
102
RTVSPost2010Prop42
 90
       50
102
RTVSPost2010PropOp42
 70
     1
102
RTVSPost2010Prop43
 90
        3
102
RTVSPost2010PropOp43
 70
     1
102
RTVSPost2010Prop44ColorIndex
 90
        5
102
RTVSPost2010Prop44ColorRGB
 90
      255
102
RTVSPost2010PropOp44
 70
     1
102
RTVSPost2010Prop45
280
     0
102
RTVSPost2010PropOp45
 70
     1
102
RTVSPost2010Prop46
 90
       50
102
RTVSPost2010PropOp46
 70
     1
102
RTVSPost2010Prop47
 90
       50
102
RTVSPost2010PropOp47
 70
     1
102
RTVSPost2010Prop48
 90
       50
102
RTVSPost2010PropOp48
 70
     1
102
RTVSPost2010Prop49
280
     0
102
RTVSPost2010PropOp49
 70
     1
102
RTVSPost2010Prop50
 90
       50
102
RTVSPost2010PropOp50
 70
     1
102
RTVSPost2010Prop51ColorIndex
 90
      256
102
RTVSPost2010Prop51ColorRGB
 90
-16777216
102
RTVSPost2010PropOp51
 70
     0
102
RTVSPost2010Prop52
140
1.0
102
RTVSPost2010PropOp52
 70
     0
102
RTVSPost2010Prop53
 90
        2
102
RTVSPost2010PropOp53
 70
     1
102
RTVSPost2010Prop54
  1
strokes_ogs.tif
102
RTVSPost2010PropOp54
 70
     1
102
RTVSPost2010Prop55
280
     0
102
RTVSPost2010PropOp55
 70
     1
102
RTVSPost2010Prop56
140
1.0
102
RTVSPost2010PropOp56
 70
     1
102
RTVSPost2010Prop57
140
1.0
102
RTVSPost2010PropOp57
 70
     1
102
RTVSPropertyOp0
 70
     1
102
RTVSPropertyOp1
 70
     1
102
RTVSPropertyOp2
 70
     1
102
RTVSPropertyOp3
 70
     1
102
RTVSPropertyOp4
 70
     1
102
RTVSPropertyOp5
 70
     1
102
RTVSPropertyOp6
 70
     1
102
RTVSPropertyOp7
 70
     1
102
RTVSPropertyOp8
 70
     1
102
RTVSPropertyOp9
 70
     1
102
RTVSPropertyOp10
 70
     1
102
RTVSPropertyOp11
 70
     1
102
RTVSPropertyOp12
 70
     1
102
RTVSPropertyOp13
 70
     1
102
RTVSPropertyOp14
 70
     1
102
RTVSPropertyOp15
 70
     1
102
RTVSPropertyOp16
 70
     1
102
RTVSPropertyOp17
 70
     1
102
RTVSPropertyOp18
 70
     1
102
RTVSPropertyOp19
 70
     1
102
RTVSPropertyOp20
 70
     1
102
RTVSPropertyOp21
 70
     1
102
RTVSPropertyOp22
 70
     1
102
RTVSPropertyOp23
 70
     1
102
RTVSPropertyOp24
 70
     1
102
RTVSPropertyOp25
 70
     1
102
RTVSPropertyOp26
 70
     1
102
RTVSPropertyOp27
 70
     1
102
RTVSPropertyOp28
 70
     1
102
RTVSPropertyOp29
 70
     1
102
RTVSPropertyOp30
 70
     1
102
RTVSPropertyOp31
 70
     1
102
RTVSPropertyOp32
 70
     1
102
RTVSPropertyOp33
 70
     1
102
RTVSPropertyOp34
 70
     1
102
RTVSPropertyOp35
 70
     1
102
RTVSPropertyOp36
 70
     1
102
RTVSPropertyOp37
 70
     1
102
RTVSPropertyOp38
 70
     1
102
RTVSPropertyOp39
 70
     1
102
RTVSPropertyOp40
 70
     1
102
RTVSPropertyOp41
 70
     1
102
RTVSPropertyOp42
 70
     1
102
RTVSPropertyOp43
 70
     1
102
RTVSPropertyOp44
 70
     1
102
RTVSPropertyOp45
 70
     1
102
RTVSPropertyOp46
 70
     1
102
RTVSPropertyOp47
 70
     1
102
RTVSPropertyOp48
 70
     1
102
RTVSPropertyOp49
 70
     1
102
RTVSPropertyOp50
 70
     1
102
RTVSPropertyOp51
 70
     0
102
RTVSPropertyOp52
 70
     0
102
RTVSPropertyOp53
 70
     1
102
RTVSPropertyOp54
 70
     1
102
RTVSPropertyOp55
 70
     1
102
RTVSPropertyOp56
 70
     1
102
RTVSPropertyOp57
 70
     1
102
RTVSPropertyOp58
 70
     1
102
RTVSPropertyOp59
 70
     1
102
RTVSPropertyOp60
 70
     1
102
RTVSPropertyOp61
 70
     1
102
RTVSPropertyOp62
 70
     1
  0
XRECORD
  5
2BE7
102
{ACAD_REACTORS
330
2BE6
102
}
330
2BE6
100
AcDbXrecord
280
     1
102
RTVSPost2010Prop28
280
     0
102
RTVSPost2010PropOp28
 70
     1
102
RTVSPost2010Prop29
280
     1
102
RTVSPost2010PropOp29
 70
     1
102
RTVSPost2010Prop30
280
     1
102
RTVSPost2010PropOp30
 70
     1
102
RTVSPost2010Prop31
280
     0
102
RTVSPost2010PropOp31
 70
     1
102
RTVSPost2010Prop32
280
     0
102
RTVSPost2010PropOp32
 70
     1
102
RTVSPost2010Prop33
280
     0
102
RTVSPost2010PropOp33
 70
     1
102
RTVSPost2010Prop34
280
     0
102
RTVSPost2010PropOp34
 70
     1
102
RTVSPost2010Prop35
280
     0
102
RTVSPost2010PropOp35
 70
     1
102
RTVSPost2010Prop36
280
     0
102
RTVSPost2010PropOp36
 70
     1
102
RTVSPost2010Prop37
 90
       50
102
RTVSPost2010PropOp37
 70
     1
102
RTVSPost2010Prop38
140
0.0
102
RTVSPost2010PropOp38
 70
     1
102
RTVSPost2010Prop39
140
1.0
102
RTVSPost2010PropOp39
 70
     1
102
RTVSPost2010Prop40
 90
        0
102
RTVSPost2010PropOp40
 70
     1
102
RTVSPost2010Prop41ColorIndex
 90
       18
102
RTVSPost2010Prop41ColorRGB
 90
        0
102
RTVSPost2010PropOp41
 70
     1
102
RTVSPost2010Prop42
 90
       50
102
RTVSPost2010PropOp42
 70
     1
102
RTVSPost2010Prop43
 90
        3
102
RTVSPost2010PropOp43
 70
     1
102
RTVSPost2010Prop44ColorIndex
 90
        5
102
RTVSPost2010Prop44ColorRGB
 90
      255
102
RTVSPost2010PropOp44
 70
     1
102
RTVSPost2010Prop45
280
     0
102
RTVSPost2010PropOp45
 70
     1
102
RTVSPost2010Prop46
 90
       50
102
RTVSPost2010PropOp46
 70
     1
102
RTVSPost2010Prop47
 90
       50
102
RTVSPost2010PropOp47
 70
     1
102
RTVSPost2010Prop48
 90
       50
102
RTVSPost2010PropOp48
 70
     1
102
RTVSPost2010Prop49
280
     0
102
RTVSPost2010PropOp49
 70
     1
102
RTVSPost2010Prop50
 90
       50
102
RTVSPost2010PropOp50
 70
     1
102
RTVSPost2010Prop51ColorIndex
 90
      256
102
RTVSPost2010Prop51ColorRGB
 90
-16777216
102
RTVSPost2010PropOp51
 70
     0
102
RTVSPost2010Prop52
140
1.0
102
RTVSPost2010PropOp52
 70
     0
102
RTVSPost2010Prop53
 90
        2
102
RTVSPost2010PropOp53
 70
     1
102
RTVSPost2010Prop54
  1
strokes_ogs.tif
102
RTVSPost2010PropOp54
 70
     1
102
RTVSPost2010Prop55
280
     0
102
RTVSPost2010PropOp55
 70
     1
102
RTVSPost2010Prop56
140
1.0
102
RTVSPost2010PropOp56
 70
     1
102
RTVSPost2010Prop57
140
1.0
102
RTVSPost2010PropOp57
 70
     1
102
RTVSPropertyOp0
 70
     1
102
RTVSPropertyOp1
 70
     1
102
RTVSPropertyOp2
 70
     1
102
RTVSPropertyOp3
 70
     1
102
RTVSPropertyOp4
 70
     1
102
RTVSPropertyOp5
 70
     1
102
RTVSPropertyOp6
 70
     1
102
RTVSPropertyOp7
 70
     1
102
RTVSPropertyOp8
 70
     1
102
RTVSPropertyOp9
 70
     1
102
RTVSPropertyOp10
 70
     1
102
RTVSPropertyOp11
 70
     1
102
RTVSPropertyOp12
 70
     1
102
RTVSPropertyOp13
 70
     1
102
RTVSPropertyOp14
 70
     1
102
RTVSPropertyOp15
 70
     1
102
RTVSPropertyOp16
 70
     1
102
RTVSPropertyOp17
 70
     1
102
RTVSPropertyOp18
 70
     1
102
RTVSPropertyOp19
 70
     1
102
RTVSPropertyOp20
 70
     1
102
RTVSPropertyOp21
 70
     1
102
RTVSPropertyOp22
 70
     1
102
RTVSPropertyOp23
 70
     1
102
RTVSPropertyOp24
 70
     1
102
RTVSPropertyOp25
 70
     1
102
RTVSPropertyOp26
 70
     1
102
RTVSPropertyOp27
 70
     1
102
RTVSPropertyOp28
 70
     1
102
RTVSPropertyOp29
 70
     1
102
RTVSPropertyOp30
 70
     1
102
RTVSPropertyOp31
 70
     1
102
RTVSPropertyOp32
 70
     1
102
RTVSPropertyOp33
 70
     1
102
RTVSPropertyOp34
 70
     1
102
RTVSPropertyOp35
 70
     1
102
RTVSPropertyOp36
 70
     1
102
RTVSPropertyOp37
 70
     1
102
RTVSPropertyOp38
 70
     1
102
RTVSPropertyOp39
 70
     1
102
RTVSPropertyOp40
 70
     1
102
RTVSPropertyOp41
 70
     1
102
RTVSPropertyOp42
 70
     1
102
RTVSPropertyOp43
 70
     1
102
RTVSPropertyOp44
 70
     1
102
RTVSPropertyOp45
 70
     1
102
RTVSPropertyOp46
 70
     1
102
RTVSPropertyOp47
 70
     1
102
RTVSPropertyOp48
 70
     1
102
RTVSPropertyOp49
 70
     1
102
RTVSPropertyOp50
 70
     1
102
RTVSPropertyOp51
 70
     0
102
RTVSPropertyOp52
 70
     0
102
RTVSPropertyOp53
 70
     1
102
RTVSPropertyOp54
 70
     1
102
RTVSPropertyOp55
 70
     1
102
RTVSPropertyOp56
 70
     1
102
RTVSPropertyOp57
 70
     1
102
RTVSPropertyOp58
 70
     1
102
RTVSPropertyOp59
 70
     1
102
RTVSPropertyOp60
 70
     1
102
RTVSPropertyOp61
 70
     1
102
RTVSPropertyOp62
 70
     1
  0
XRECORD
  5
2BE1
102
{ACAD_REACTORS
330
2BE0
102
}
330
2BE0
100
AcDbXrecord
280
     1
102
RTVSPost2010Prop28
280
     0
102
RTVSPost2010PropOp28
 70
     1
102
RTVSPost2010Prop29
280
     1
102
RTVSPost2010PropOp29
 70
     1
102
RTVSPost2010Prop30
280
     1
102
RTVSPost2010PropOp30
 70
     1
102
RTVSPost2010Prop31
280
     0
102
RTVSPost2010PropOp31
 70
     1
102
RTVSPost2010Prop32
280
     0
102
RTVSPost2010PropOp32
 70
     1
102
RTVSPost2010Prop33
280
     0
102
RTVSPost2010PropOp33
 70
     1
102
RTVSPost2010Prop34
280
     0
102
RTVSPost2010PropOp34
 70
     1
102
RTVSPost2010Prop35
280
     0
102
RTVSPost2010PropOp35
 70
     1
102
RTVSPost2010Prop36
280
     0
102
RTVSPost2010PropOp36
 70
     1
102
RTVSPost2010Prop37
 90
       50
102
RTVSPost2010PropOp37
 70
     1
102
RTVSPost2010Prop38
140
0.0
102
RTVSPost2010PropOp38
 70
     1
102
RTVSPost2010Prop39
140
1.0
102
RTVSPost2010PropOp39
 70
     1
102
RTVSPost2010Prop40
 90
        0
102
RTVSPost2010PropOp40
 70
     1
102
RTVSPost2010Prop41ColorIndex
 90
       18
102
RTVSPost2010Prop41ColorRGB
 90
        0
102
RTVSPost2010PropOp41
 70
     1
102
RTVSPost2010Prop42
 90
       50
102
RTVSPost2010PropOp42
 70
     1
102
RTVSPost2010Prop43
 90
        3
102
RTVSPost2010PropOp43
 70
     1
102
RTVSPost2010Prop44ColorIndex
 90
        5
102
RTVSPost2010Prop44ColorRGB
 90
      255
102
RTVSPost2010PropOp44
 70
     1
102
RTVSPost2010Prop45
280
     0
102
RTVSPost2010PropOp45
 70
     1
102
RTVSPost2010Prop46
 90
       50
102
RTVSPost2010PropOp46
 70
     1
102
RTVSPost2010Prop47
 90
       50
102
RTVSPost2010PropOp47
 70
     1
102
RTVSPost2010Prop48
 90
       50
102
RTVSPost2010PropOp48
 70
     1
102
RTVSPost2010Prop49
280
     0
102
RTVSPost2010PropOp49
 70
     1
102
RTVSPost2010Prop50
 90
       50
102
RTVSPost2010PropOp50
 70
     1
102
RTVSPost2010Prop51ColorIndex
 90
      256
102
RTVSPost2010Prop51ColorRGB
 90
-16777216
102
RTVSPost2010PropOp51
 70
     0
102
RTVSPost2010Prop52
140
1.0
102
RTVSPost2010PropOp52
 70
     0
102
RTVSPost2010Prop53
 90
        2
102
RTVSPost2010PropOp53
 70
     1
102
RTVSPost2010Prop54
  1
strokes_ogs.tif
102
RTVSPost2010PropOp54
 70
     1
102
RTVSPost2010Prop55
280
     0
102
RTVSPost2010PropOp55
 70
     1
102
RTVSPost2010Prop56
140
1.0
102
RTVSPost2010PropOp56
 70
     1
102
RTVSPost2010Prop57
140
1.0
102
RTVSPost2010PropOp57
 70
     1
102
RTVSPropertyOp0
 70
     1
102
RTVSPropertyOp1
 70
     1
102
RTVSPropertyOp2
 70
     1
102
RTVSPropertyOp3
 70
     1
102
RTVSPropertyOp4
 70
     1
102
RTVSPropertyOp5
 70
     1
102
RTVSPropertyOp6
 70
     1
102
RTVSPropertyOp7
 70
     1
102
RTVSPropertyOp8
 70
     1
102
RTVSPropertyOp9
 70
     1
102
RTVSPropertyOp10
 70
     1
102
RTVSPropertyOp11
 70
     1
102
RTVSPropertyOp12
 70
     1
102
RTVSPropertyOp13
 70
     1
102
RTVSPropertyOp14
 70
     1
102
RTVSPropertyOp15
 70
     1
102
RTVSPropertyOp16
 70
     1
102
RTVSPropertyOp17
 70
     1
102
RTVSPropertyOp18
 70
     1
102
RTVSPropertyOp19
 70
     1
102
RTVSPropertyOp20
 70
     1
102
RTVSPropertyOp21
 70
     1
102
RTVSPropertyOp22
 70
     1
102
RTVSPropertyOp23
 70
     1
102
RTVSPropertyOp24
 70
     1
102
RTVSPropertyOp25
 70
     1
102
RTVSPropertyOp26
 70
     1
102
RTVSPropertyOp27
 70
     1
102
RTVSPropertyOp28
 70
     1
102
RTVSPropertyOp29
 70
     1
102
RTVSPropertyOp30
 70
     1
102
RTVSPropertyOp31
 70
     1
102
RTVSPropertyOp32
 70
     1
102
RTVSPropertyOp33
 70
     1
102
RTVSPropertyOp34
 70
     1
102
RTVSPropertyOp35
 70
     1
102
RTVSPropertyOp36
 70
     1
102
RTVSPropertyOp37
 70
     1
102
RTVSPropertyOp38
 70
     1
102
RTVSPropertyOp39
 70
     1
102
RTVSPropertyOp40
 70
     1
102
RTVSPropertyOp41
 70
     1
102
RTVSPropertyOp42
 70
     1
102
RTVSPropertyOp43
 70
     1
102
RTVSPropertyOp44
 70
     1
102
RTVSPropertyOp45
 70
     1
102
RTVSPropertyOp46
 70
     1
102
RTVSPropertyOp47
 70
     1
102
RTVSPropertyOp48
 70
     1
102
RTVSPropertyOp49
 70
     1
102
RTVSPropertyOp50
 70
     1
102
RTVSPropertyOp51
 70
     0
102
RTVSPropertyOp52
 70
     0
102
RTVSPropertyOp53
 70
     1
102
RTVSPropertyOp54
 70
     1
102
RTVSPropertyOp55
 70
     1
102
RTVSPropertyOp56
 70
     1
102
RTVSPropertyOp57
 70
     1
102
RTVSPropertyOp58
 70
     1
102
RTVSPropertyOp59
 70
     1
102
RTVSPropertyOp60
 70
     1
102
RTVSPropertyOp61
 70
     1
102
RTVSPropertyOp62
 70
     1
  0
XRECORD
  5
2BE3
102
{ACAD_REACTORS
330
2BE2
102
}
330
2BE2
100
AcDbXrecord
280
     1
102
RTVSPost2010Prop28
280
     0
102
RTVSPost2010PropOp28
 70
     1
102
RTVSPost2010Prop29
280
     1
102
RTVSPost2010PropOp29
 70
     1
102
RTVSPost2010Prop30
280
     1
102
RTVSPost2010PropOp30
 70
     1
102
RTVSPost2010Prop31
280
     0
102
RTVSPost2010PropOp31
 70
     1
102
RTVSPost2010Prop32
280
     0
102
RTVSPost2010PropOp32
 70
     1
102
RTVSPost2010Prop33
280
     0
102
RTVSPost2010PropOp33
 70
     1
102
RTVSPost2010Prop34
280
     0
102
RTVSPost2010PropOp34
 70
     1
102
RTVSPost2010Prop35
280
     0
102
RTVSPost2010PropOp35
 70
     1
102
RTVSPost2010Prop36
280
     0
102
RTVSPost2010PropOp36
 70
     1
102
RTVSPost2010Prop37
 90
       50
102
RTVSPost2010PropOp37
 70
     1
102
RTVSPost2010Prop38
140
0.0
102
RTVSPost2010PropOp38
 70
     1
102
RTVSPost2010Prop39
140
1.0
102
RTVSPost2010PropOp39
 70
     1
102
RTVSPost2010Prop40
 90
        0
102
RTVSPost2010PropOp40
 70
     1
102
RTVSPost2010Prop41ColorIndex
 90
       18
102
RTVSPost2010Prop41ColorRGB
 90
        0
102
RTVSPost2010PropOp41
 70
     1
102
RTVSPost2010Prop42
 90
       50
102
RTVSPost2010PropOp42
 70
     1
102
RTVSPost2010Prop43
 90
        3
102
RTVSPost2010PropOp43
 70
     1
102
RTVSPost2010Prop44ColorIndex
 90
        5
102
RTVSPost2010Prop44ColorRGB
 90
      255
102
RTVSPost2010PropOp44
 70
     1
102
RTVSPost2010Prop45
280
     0
102
RTVSPost2010PropOp45
 70
     1
102
RTVSPost2010Prop46
 90
       50
102
RTVSPost2010PropOp46
 70
     1
102
RTVSPost2010Prop47
 90
       50
102
RTVSPost2010PropOp47
 70
     1
102
RTVSPost2010Prop48
 90
       50
102
RTVSPost2010PropOp48
 70
     1
102
RTVSPost2010Prop49
280
     0
102
RTVSPost2010PropOp49
 70
     1
102
RTVSPost2010Prop50
 90
       50
102
RTVSPost2010PropOp50
 70
     1
102
RTVSPost2010Prop51ColorIndex
 90
      256
102
RTVSPost2010Prop51ColorRGB
 90
-16777216
102
RTVSPost2010PropOp51
 70
     0
102
RTVSPost2010Prop52
140
1.0
102
RTVSPost2010PropOp52
 70
     0
102
RTVSPost2010Prop53
 90
        2
102
RTVSPost2010PropOp53
 70
     1
102
RTVSPost2010Prop54
  1
strokes_ogs.tif
102
RTVSPost2010PropOp54
 70
     1
102
RTVSPost2010Prop55
280
     0
102
RTVSPost2010PropOp55
 70
     1
102
RTVSPost2010Prop56
140
1.0
102
RTVSPost2010PropOp56
 70
     1
102
RTVSPost2010Prop57
140
1.0
102
RTVSPost2010PropOp57
 70
     1
102
RTVSPropertyOp0
 70
     1
102
RTVSPropertyOp1
 70
     1
102
RTVSPropertyOp2
 70
     1
102
RTVSPropertyOp3
 70
     1
102
RTVSPropertyOp4
 70
     1
102
RTVSPropertyOp5
 70
     1
102
RTVSPropertyOp6
 70
     1
102
RTVSPropertyOp7
 70
     1
102
RTVSPropertyOp8
 70
     1
102
RTVSPropertyOp9
 70
     1
102
RTVSPropertyOp10
 70
     1
102
RTVSPropertyOp11
 70
     1
102
RTVSPropertyOp12
 70
     1
102
RTVSPropertyOp13
 70
     1
102
RTVSPropertyOp14
 70
     1
102
RTVSPropertyOp15
 70
     1
102
RTVSPropertyOp16
 70
     1
102
RTVSPropertyOp17
 70
     1
102
RTVSPropertyOp18
 70
     1
102
RTVSPropertyOp19
 70
     1
102
RTVSPropertyOp20
 70
     1
102
RTVSPropertyOp21
 70
     1
102
RTVSPropertyOp22
 70
     1
102
RTVSPropertyOp23
 70
     1
102
RTVSPropertyOp24
 70
     1
102
RTVSPropertyOp25
 70
     1
102
RTVSPropertyOp26
 70
     1
102
RTVSPropertyOp27
 70
     1
102
RTVSPropertyOp28
 70
     1
102
RTVSPropertyOp29
 70
     1
102
RTVSPropertyOp30
 70
     1
102
RTVSPropertyOp31
 70
     1
102
RTVSPropertyOp32
 70
     1
102
RTVSPropertyOp33
 70
     1
102
RTVSPropertyOp34
 70
     1
102
RTVSPropertyOp35
 70
     1
102
RTVSPropertyOp36
 70
     1
102
RTVSPropertyOp37
 70
     1
102
RTVSPropertyOp38
 70
     1
102
RTVSPropertyOp39
 70
     1
102
RTVSPropertyOp40
 70
     1
102
RTVSPropertyOp41
 70
     1
102
RTVSPropertyOp42
 70
     1
102
RTVSPropertyOp43
 70
     1
102
RTVSPropertyOp44
 70
     1
102
RTVSPropertyOp45
 70
     1
102
RTVSPropertyOp46
 70
     1
102
RTVSPropertyOp47
 70
     1
102
RTVSPropertyOp48
 70
     1
102
RTVSPropertyOp49
 70
     1
102
RTVSPropertyOp50
 70
     1
102
RTVSPropertyOp51
 70
     0
102
RTVSPropertyOp52
 70
     0
102
RTVSPropertyOp53
 70
     1
102
RTVSPropertyOp54
 70
     1
102
RTVSPropertyOp55
 70
     1
102
RTVSPropertyOp56
 70
     1
102
RTVSPropertyOp57
 70
     1
102
RTVSPropertyOp58
 70
     1
102
RTVSPropertyOp59
 70
     1
102
RTVSPropertyOp60
 70
     1
102
RTVSPropertyOp61
 70
     1
102
RTVSPropertyOp62
 70
     1
  0
XRECORD
  5
2BD9
102
{ACAD_REACTORS
330
2BD8
102
}
330
2BD8
100
AcDbXrecord
280
     1
102
RTVSPost2010Prop28
280
     0
102
RTVSPost2010PropOp28
 70
     1
102
RTVSPost2010Prop29
280
     1
102
RTVSPost2010PropOp29
 70
     1
102
RTVSPost2010Prop30
280
     1
102
RTVSPost2010PropOp30
 70
     1
102
RTVSPost2010Prop31
280
     0
102
RTVSPost2010PropOp31
 70
     1
102
RTVSPost2010Prop32
280
     0
102
RTVSPost2010PropOp32
 70
     1
102
RTVSPost2010Prop33
280
     0
102
RTVSPost2010PropOp33
 70
     1
102
RTVSPost2010Prop34
280
     0
102
RTVSPost2010PropOp34
 70
     1
102
RTVSPost2010Prop35
280
     0
102
RTVSPost2010PropOp35
 70
     1
102
RTVSPost2010Prop36
280
     0
102
RTVSPost2010PropOp36
 70
     1
102
RTVSPost2010Prop37
 90
       50
102
RTVSPost2010PropOp37
 70
     1
102
RTVSPost2010Prop38
140
0.0
102
RTVSPost2010PropOp38
 70
     1
102
RTVSPost2010Prop39
140
1.0
102
RTVSPost2010PropOp39
 70
     1
102
RTVSPost2010Prop40
 90
        0
102
RTVSPost2010PropOp40
 70
     1
102
RTVSPost2010Prop41ColorIndex
 90
       18
102
RTVSPost2010Prop41ColorRGB
 90
        0
102
RTVSPost2010PropOp41
 70
     1
102
RTVSPost2010Prop42
 90
       50
102
RTVSPost2010PropOp42
 70
     1
102
RTVSPost2010Prop43
 90
        3
102
RTVSPost2010PropOp43
 70
     1
102
RTVSPost2010Prop44ColorIndex
 90
        5
102
RTVSPost2010Prop44ColorRGB
 90
      255
102
RTVSPost2010PropOp44
 70
     1
102
RTVSPost2010Prop45
280
     0
102
RTVSPost2010PropOp45
 70
     1
102
RTVSPost2010Prop46
 90
       50
102
RTVSPost2010PropOp46
 70
     1
102
RTVSPost2010Prop47
 90
       50
102
RTVSPost2010PropOp47
 70
     1
102
RTVSPost2010Prop48
 90
       50
102
RTVSPost2010PropOp48
 70
     1
102
RTVSPost2010Prop49
280
     0
102
RTVSPost2010PropOp49
 70
     1
102
RTVSPost2010Prop50
 90
       50
102
RTVSPost2010PropOp50
 70
     1
102
RTVSPost2010Prop51ColorIndex
 90
      256
102
RTVSPost2010Prop51ColorRGB
 90
-16777216
102
RTVSPost2010PropOp51
 70
     0
102
RTVSPost2010Prop52
140
1.0
102
RTVSPost2010PropOp52
 70
     0
102
RTVSPost2010Prop53
 90
        2
102
RTVSPost2010PropOp53
 70
     1
102
RTVSPost2010Prop54
  1
strokes_ogs.tif
102
RTVSPost2010PropOp54
 70
     1
102
RTVSPost2010Prop55
280
     0
102
RTVSPost2010PropOp55
 70
     1
102
RTVSPost2010Prop56
140
1.0
102
RTVSPost2010PropOp56
 70
     1
102
RTVSPost2010Prop57
140
1.0
102
RTVSPost2010PropOp57
 70
     1
102
RTVSPropertyOp0
 70
     1
102
RTVSPropertyOp1
 70
     1
102
RTVSPropertyOp2
 70
     1
102
RTVSPropertyOp3
 70
     1
102
RTVSPropertyOp4
 70
     1
102
RTVSPropertyOp5
 70
     1
102
RTVSPropertyOp6
 70
     1
102
RTVSPropertyOp7
 70
     1
102
RTVSPropertyOp8
 70
     1
102
RTVSPropertyOp9
 70
     1
102
RTVSPropertyOp10
 70
     1
102
RTVSPropertyOp11
 70
     1
102
RTVSPropertyOp12
 70
     1
102
RTVSPropertyOp13
 70
     1
102
RTVSPropertyOp14
 70
     1
102
RTVSPropertyOp15
 70
     1
102
RTVSPropertyOp16
 70
     1
102
RTVSPropertyOp17
 70
     1
102
RTVSPropertyOp18
 70
     1
102
RTVSPropertyOp19
 70
     1
102
RTVSPropertyOp20
 70
     1
102
RTVSPropertyOp21
 70
     1
102
RTVSPropertyOp22
 70
     1
102
RTVSPropertyOp23
 70
     1
102
RTVSPropertyOp24
 70
     1
102
RTVSPropertyOp25
 70
     1
102
RTVSPropertyOp26
 70
     1
102
RTVSPropertyOp27
 70
     1
102
RTVSPropertyOp28
 70
     1
102
RTVSPropertyOp29
 70
     1
102
RTVSPropertyOp30
 70
     1
102
RTVSPropertyOp31
 70
     1
102
RTVSPropertyOp32
 70
     1
102
RTVSPropertyOp33
 70
     1
102
RTVSPropertyOp34
 70
     1
102
RTVSPropertyOp35
 70
     1
102
RTVSPropertyOp36
 70
     1
102
RTVSPropertyOp37
 70
     1
102
RTVSPropertyOp38
 70
     1
102
RTVSPropertyOp39
 70
     1
102
RTVSPropertyOp40
 70
     1
102
RTVSPropertyOp41
 70
     1
102
RTVSPropertyOp42
 70
     1
102
RTVSPropertyOp43
 70
     1
102
RTVSPropertyOp44
 70
     1
102
RTVSPropertyOp45
 70
     1
102
RTVSPropertyOp46
 70
     1
102
RTVSPropertyOp47
 70
     1
102
RTVSPropertyOp48
 70
     1
102
RTVSPropertyOp49
 70
     1
102
RTVSPropertyOp50
 70
     1
102
RTVSPropertyOp51
 70
     0
102
RTVSPropertyOp52
 70
     0
102
RTVSPropertyOp53
 70
     1
102
RTVSPropertyOp54
 70
     1
102
RTVSPropertyOp55
 70
     1
102
RTVSPropertyOp56
 70
     1
102
RTVSPropertyOp57
 70
     1
102
RTVSPropertyOp58
 70
     1
102
RTVSPropertyOp59
 70
     1
102
RTVSPropertyOp60
 70
     1
102
RTVSPropertyOp61
 70
     1
102
RTVSPropertyOp62
 70
     1
  0
XRECORD
  5
2BCD
102
{ACAD_REACTORS
330
2BCC
102
}
330
2BCC
100
AcDbXrecord
280
     1
102
RTVSPost2010Prop28
280
     0
102
RTVSPost2010PropOp28
 70
     1
102
RTVSPost2010Prop29
280
     1
102
RTVSPost2010PropOp29
 70
     1
102
RTVSPost2010Prop30
280
     1
102
RTVSPost2010PropOp30
 70
     1
102
RTVSPost2010Prop31
280
     0
102
RTVSPost2010PropOp31
 70
     1
102
RTVSPost2010Prop32
280
     0
102
RTVSPost2010PropOp32
 70
     1
102
RTVSPost2010Prop33
280
     0
102
RTVSPost2010PropOp33
 70
     1
102
RTVSPost2010Prop34
280
     0
102
RTVSPost2010PropOp34
 70
     1
102
RTVSPost2010Prop35
280
     0
102
RTVSPost2010PropOp35
 70
     1
102
RTVSPost2010Prop36
280
     0
102
RTVSPost2010PropOp36
 70
     1
102
RTVSPost2010Prop37
 90
       50
102
RTVSPost2010PropOp37
 70
     1
102
RTVSPost2010Prop38
140
0.0
102
RTVSPost2010PropOp38
 70
     1
102
RTVSPost2010Prop39
140
1.0
102
RTVSPost2010PropOp39
 70
     1
102
RTVSPost2010Prop40
 90
        0
102
RTVSPost2010PropOp40
 70
     1
102
RTVSPost2010Prop41ColorIndex
 90
       18
102
RTVSPost2010Prop41ColorRGB
 90
        0
102
RTVSPost2010PropOp41
 70
     1
102
RTVSPost2010Prop42
 90
       50
102
RTVSPost2010PropOp42
 70
     1
102
RTVSPost2010Prop43
 90
        3
102
RTVSPost2010PropOp43
 70
     1
102
RTVSPost2010Prop44ColorIndex
 90
        5
102
RTVSPost2010Prop44ColorRGB
 90
      255
102
RTVSPost2010PropOp44
 70
     1
102
RTVSPost2010Prop45
280
     0
102
RTVSPost2010PropOp45
 70
     1
102
RTVSPost2010Prop46
 90
       50
102
RTVSPost2010PropOp46
 70
     1
102
RTVSPost2010Prop47
 90
       50
102
RTVSPost2010PropOp47
 70
     1
102
RTVSPost2010Prop48
 90
       50
102
RTVSPost2010PropOp48
 70
     1
102
RTVSPost2010Prop49
280
     0
102
RTVSPost2010PropOp49
 70
     1
102
RTVSPost2010Prop50
 90
       50
102
RTVSPost2010PropOp50
 70
     1
102
RTVSPost2010Prop51ColorIndex
 90
      256
102
RTVSPost2010Prop51ColorRGB
 90
-16777216
102
RTVSPost2010PropOp51
 70
     0
102
RTVSPost2010Prop52
140
1.0
102
RTVSPost2010PropOp52
 70
     0
102
RTVSPost2010Prop53
 90
        2
102
RTVSPost2010PropOp53
 70
     1
102
RTVSPost2010Prop54
  1
strokes_ogs.tif
102
RTVSPost2010PropOp54
 70
     1
102
RTVSPost2010Prop55
280
     0
102
RTVSPost2010PropOp55
 70
     1
102
RTVSPost2010Prop56
140
1.0
102
RTVSPost2010PropOp56
 70
     1
102
RTVSPost2010Prop57
140
1.0
102
RTVSPost2010PropOp57
 70
     1
102
RTVSPropertyOp0
 70
     1
102
RTVSPropertyOp1
 70
     1
102
RTVSPropertyOp2
 70
     1
102
RTVSPropertyOp3
 70
     1
102
RTVSPropertyOp4
 70
     1
102
RTVSPropertyOp5
 70
     1
102
RTVSPropertyOp6
 70
     1
102
RTVSPropertyOp7
 70
     1
102
RTVSPropertyOp8
 70
     1
102
RTVSPropertyOp9
 70
     1
102
RTVSPropertyOp10
 70
     1
102
RTVSPropertyOp11
 70
     1
102
RTVSPropertyOp12
 70
     1
102
RTVSPropertyOp13
 70
     1
102
RTVSPropertyOp14
 70
     1
102
RTVSPropertyOp15
 70
     1
102
RTVSPropertyOp16
 70
     1
102
RTVSPropertyOp17
 70
     1
102
RTVSPropertyOp18
 70
     1
102
RTVSPropertyOp19
 70
     1
102
RTVSPropertyOp20
 70
     1
102
RTVSPropertyOp21
 70
     1
102
RTVSPropertyOp22
 70
     1
102
RTVSPropertyOp23
 70
     1
102
RTVSPropertyOp24
 70
     1
102
RTVSPropertyOp25
 70
     1
102
RTVSPropertyOp26
 70
     1
102
RTVSPropertyOp27
 70
     1
102
RTVSPropertyOp28
 70
     1
102
RTVSPropertyOp29
 70
     1
102
RTVSPropertyOp30
 70
     1
102
RTVSPropertyOp31
 70
     1
102
RTVSPropertyOp32
 70
     1
102
RTVSPropertyOp33
 70
     1
102
RTVSPropertyOp34
 70
     1
102
RTVSPropertyOp35
 70
     1
102
RTVSPropertyOp36
 70
     1
102
RTVSPropertyOp37
 70
     1
102
RTVSPropertyOp38
 70
     1
102
RTVSPropertyOp39
 70
     1
102
RTVSPropertyOp40
 70
     1
102
RTVSPropertyOp41
 70
     1
102
RTVSPropertyOp42
 70
     1
102
RTVSPropertyOp43
 70
     1
102
RTVSPropertyOp44
 70
     1
102
RTVSPropertyOp45
 70
     1
102
RTVSPropertyOp46
 70
     1
102
RTVSPropertyOp47
 70
     1
102
RTVSPropertyOp48
 70
     1
102
RTVSPropertyOp49
 70
     1
102
RTVSPropertyOp50
 70
     1
102
RTVSPropertyOp51
 70
     0
102
RTVSPropertyOp52
 70
     0
102
RTVSPropertyOp53
 70
     1
102
RTVSPropertyOp54
 70
     1
102
RTVSPropertyOp55
 70
     1
102
RTVSPropertyOp56
 70
     1
102
RTVSPropertyOp57
 70
     1
102
RTVSPropertyOp58
 70
     1
102
RTVSPropertyOp59
 70
     1
102
RTVSPropertyOp60
 70
     1
102
RTVSPropertyOp61
 70
     1
102
RTVSPropertyOp62
 70
     1
  0
XRECORD
  5
2BE5
102
{ACAD_REACTORS
330
2BE4
102
}
330
2BE4
100
AcDbXrecord
280
     1
102
RTVSPost2010Prop28
280
     0
102
RTVSPost2010PropOp28
 70
     1
102
RTVSPost2010Prop29
280
     1
102
RTVSPost2010PropOp29
 70
     1
102
RTVSPost2010Prop30
280
     1
102
RTVSPost2010PropOp30
 70
     1
102
RTVSPost2010Prop31
280
     0
102
RTVSPost2010PropOp31
 70
     1
102
RTVSPost2010Prop32
280
     0
102
RTVSPost2010PropOp32
 70
     1
102
RTVSPost2010Prop33
280
     0
102
RTVSPost2010PropOp33
 70
     1
102
RTVSPost2010Prop34
280
     0
102
RTVSPost2010PropOp34
 70
     1
102
RTVSPost2010Prop35
280
     0
102
RTVSPost2010PropOp35
 70
     1
102
RTVSPost2010Prop36
280
     0
102
RTVSPost2010PropOp36
 70
     1
102
RTVSPost2010Prop37
 90
       50
102
RTVSPost2010PropOp37
 70
     1
102
RTVSPost2010Prop38
140
0.0
102
RTVSPost2010PropOp38
 70
     1
102
RTVSPost2010Prop39
140
1.0
102
RTVSPost2010PropOp39
 70
     1
102
RTVSPost2010Prop40
 90
        0
102
RTVSPost2010PropOp40
 70
     1
102
RTVSPost2010Prop41ColorIndex
 90
       18
102
RTVSPost2010Prop41ColorRGB
 90
        0
102
RTVSPost2010PropOp41
 70
     1
102
RTVSPost2010Prop42
 90
       50
102
RTVSPost2010PropOp42
 70
     1
102
RTVSPost2010Prop43
 90
        3
102
RTVSPost2010PropOp43
 70
     1
102
RTVSPost2010Prop44ColorIndex
 90
        5
102
RTVSPost2010Prop44ColorRGB
 90
      255
102
RTVSPost2010PropOp44
 70
     1
102
RTVSPost2010Prop45
280
     0
102
RTVSPost2010PropOp45
 70
     1
102
RTVSPost2010Prop46
 90
       50
102
RTVSPost2010PropOp46
 70
     1
102
RTVSPost2010Prop47
 90
       50
102
RTVSPost2010PropOp47
 70
     1
102
RTVSPost2010Prop48
 90
       50
102
RTVSPost2010PropOp48
 70
     1
102
RTVSPost2010Prop49
280
     0
102
RTVSPost2010PropOp49
 70
     1
102
RTVSPost2010Prop50
 90
       50
102
RTVSPost2010PropOp50
 70
     1
102
RTVSPost2010Prop51ColorIndex
 90
      256
102
RTVSPost2010Prop51ColorRGB
 90
-16777216
102
RTVSPost2010PropOp51
 70
     0
102
RTVSPost2010Prop52
140
1.0
102
RTVSPost2010PropOp52
 70
     0
102
RTVSPost2010Prop53
 90
        2
102
RTVSPost2010PropOp53
 70
     1
102
RTVSPost2010Prop54
  1
strokes_ogs.tif
102
RTVSPost2010PropOp54
 70
     1
102
RTVSPost2010Prop55
280
     0
102
RTVSPost2010PropOp55
 70
     1
102
RTVSPost2010Prop56
140
1.0
102
RTVSPost2010PropOp56
 70
     1
102
RTVSPost2010Prop57
140
1.0
102
RTVSPost2010PropOp57
 70
     1
102
RTVSPropertyOp0
 70
     1
102
RTVSPropertyOp1
 70
     1
102
RTVSPropertyOp2
 70
     1
102
RTVSPropertyOp3
 70
     1
102
RTVSPropertyOp4
 70
     1
102
RTVSPropertyOp5
 70
     1
102
RTVSPropertyOp6
 70
     1
102
RTVSPropertyOp7
 70
     1
102
RTVSPropertyOp8
 70
     1
102
RTVSPropertyOp9
 70
     1
102
RTVSPropertyOp10
 70
     1
102
RTVSPropertyOp11
 70
     1
102
RTVSPropertyOp12
 70
     1
102
RTVSPropertyOp13
 70
     1
102
RTVSPropertyOp14
 70
     1
102
RTVSPropertyOp15
 70
     1
102
RTVSPropertyOp16
 70
     1
102
RTVSPropertyOp17
 70
     1
102
RTVSPropertyOp18
 70
     1
102
RTVSPropertyOp19
 70
     1
102
RTVSPropertyOp20
 70
     1
102
RTVSPropertyOp21
 70
     1
102
RTVSPropertyOp22
 70
     1
102
RTVSPropertyOp23
 70
     1
102
RTVSPropertyOp24
 70
     1
102
RTVSPropertyOp25
 70
     1
102
RTVSPropertyOp26
 70
     1
102
RTVSPropertyOp27
 70
     1
102
RTVSPropertyOp28
 70
     1
102
RTVSPropertyOp29
 70
     1
102
RTVSPropertyOp30
 70
     1
102
RTVSPropertyOp31
 70
     1
102
RTVSPropertyOp32
 70
     1
102
RTVSPropertyOp33
 70
     1
102
RTVSPropertyOp34
 70
     1
102
RTVSPropertyOp35
 70
     1
102
RTVSPropertyOp36
 70
     1
102
RTVSPropertyOp37
 70
     1
102
RTVSPropertyOp38
 70
     1
102
RTVSPropertyOp39
 70
     1
102
RTVSPropertyOp40
 70
     1
102
RTVSPropertyOp41
 70
     1
102
RTVSPropertyOp42
 70
     1
102
RTVSPropertyOp43
 70
     1
102
RTVSPropertyOp44
 70
     1
102
RTVSPropertyOp45
 70
     1
102
RTVSPropertyOp46
 70
     1
102
RTVSPropertyOp47
 70
     1
102
RTVSPropertyOp48
 70
     1
102
RTVSPropertyOp49
 70
     1
102
RTVSPropertyOp50
 70
     1
102
RTVSPropertyOp51
 70
     0
102
RTVSPropertyOp52
 70
     0
102
RTVSPropertyOp53
 70
     1
102
RTVSPropertyOp54
 70
     1
102
RTVSPropertyOp55
 70
     1
102
RTVSPropertyOp56
 70
     1
102
RTVSPropertyOp57
 70
     1
102
RTVSPropertyOp58
 70
     1
102
RTVSPropertyOp59
 70
     1
102
RTVSPropertyOp60
 70
     1
102
RTVSPropertyOp61
 70
     1
102
RTVSPropertyOp62
 70
     1
  0
ENDSEC
  0
EOF
